{
    "type": "FeatureCollection",
    "generator": "JOSM",
    "features": [
        {
            "type": "Feature",
            "properties": {
                "indoor": "room",
                "ref": "H-222",
                "level": "2"
            },
            "geometry": {
                "type": "Polygon",
                "coordinates": [
                    [
                        [
                            -73.57883773949,
                            45.49746493068
                        ],
                        [
                            -73.57885286262,
                            45.49747209118
                        ],
                        [
                            -73.57887422240,
                            45.49744992665
                        ],
                        [
                            -73.57889558219,
                            45.49742776211
                        ],
                        [
                            -73.57890108147,
                            45.49743036591
                        ],
                        [
                            -73.57890658076,
                            45.49743296972
                        ],
                        [
                            -73.57892701184,
                            45.49741176886
                        ],
                        [
                            -73.57894744293,
                            45.49739056801
                        ],
                        [
                            -73.57893610064,
                            45.49738519766
                        ],
                        [
                            -73.57892475824,
                            45.49737982726
                        ],
                        [
                            -73.57892220431,
                            45.49738247741
                        ],
                        [
                            -73.57891965039,
                            45.49738512756
                        ],
                        [
                            -73.57890109013,
                            45.49737633965
                        ],
                        [
                            -73.57883996035,
                            45.49743977258
                        ],
                        [
                            -73.57882261624,
                            45.49745777014
                        ],
                        [
                            -73.57883773949,
                            45.49746493068
                        ]
                    ]
                ]
            }
        },
        {
            "type": "Feature",
            "properties": {
                "ref": "H-843",
                "level": "8",
                "indoor": "room"
            },
            "geometry": {
                "type": "Polygon",
                "coordinates": [
                    [
                        [
                            -73.57911940308,
                            45.49743586686
                        ],
                        [
                            -73.57907739069,
                            45.49747905520
                        ],
                        [
                            -73.57906677783,
                            45.49748996511
                        ],
                        [
                            -73.57917926309,
                            45.49754372630
                        ],
                        [
                            -73.57923188834,
                            45.49748962811
                        ],
                        [
                            -73.57911940308,
                            45.49743586686
                        ]
                    ]
                ]
            }
        },
        {
            "type": "Feature",
            "properties": {
                "door": "hinged",
                "entrance": "yes"
            },
            "geometry": {
                "type": "Point",
                "coordinates": [
                    -73.57883952186,
                    45.49694455886
                ]
            }
        },
        {
            "type": "Feature",
            "properties": {
                "ref": "H-224",
                "level": "2"
            },
            "geometry": {
                "type": "Point",
                "coordinates": [
                    -73.57895844839,
                    45.49721560212
                ]
            }
        },
        {
            "type": "Feature",
            "properties": {
                "ref": "H-150.1",
                "indoor": "room",
                "level": "1"
            },
            "geometry": {
                "type": "Polygon",
                "coordinates": [
                    [
                        [
                            -73.57889006970,
                            45.49737759586
                        ],
                        [
                            -73.57891829846,
                            45.49739127176
                        ],
                        [
                            -73.57893471718,
                            45.49737437457
                        ],
                        [
                            -73.57895113590,
                            45.49735747737
                        ],
                        [
                            -73.57892928060,
                            45.49734704349
                        ],
                        [
                            -73.57890742530,
                            45.49733660961
                        ],
                        [
                            -73.57889876320,
                            45.49734521801
                        ],
                        [
                            -73.57889010119,
                            45.49735382632
                        ],
                        [
                            -73.57888344808,
                            45.49735087017
                        ],
                        [
                            -73.57887679497,
                            45.49734791401
                        ],
                        [
                            -73.57886931800,
                            45.49735591694
                        ],
                        [
                            -73.57886184103,
                            45.49736391988
                        ],
                        [
                            -73.57887114657,
                            45.49736842814
                        ],
                        [
                            -73.57889006970,
                            45.49737759586
                        ]
                    ]
                ]
            }
        },
        {
            "type": "Feature",
            "properties": {
                "level": "9",
                "ref": "H-961.4"
            },
            "geometry": {
                "type": "Point",
                "coordinates": [
                    -73.57874676195,
                    45.49750780631
                ]
            }
        },
        {
            "type": "Feature",
            "properties": {
                "ref": "H-219",
                "level": "2"
            },
            "geometry": {
                "type": "Point",
                "coordinates": [
                    -73.57911039459,
                    45.49732857748
                ]
            }
        },
        {
            "type": "Feature",
            "properties": {
                "highway": "footway",
                "level": "1"
            },
            "geometry": {
                "type": "LineString",
                "coordinates": [
                    [
                        -73.57854969890,
                        45.49731049178
                    ],
                    [
                        -73.57852879518,
                        45.49733159749
                    ],
                    [
                        -73.57851012952,
                        45.49735044352
                    ],
                    [
                        -73.57852922348,
                        45.49735973498
                    ]
                ]
            }
        },
        {
            "type": "Feature",
            "properties": {
                "ref": "H-961.28",
                "level": "9"
            },
            "geometry": {
                "type": "Point",
                "coordinates": [
                    -73.57902551612,
                    45.49755873898
                ]
            }
        },
        {
            "type": "Feature",
            "properties": {
                "highway": "footway",
                "level": "8"
            },
            "geometry": {
                "type": "LineString",
                "coordinates": [
                    [
                        -73.57891217957,
                        45.49757059608
                    ],
                    [
                        -73.57893745791,
                        45.49758272005
                    ],
                    [
                        -73.57895222259,
                        45.49758980147
                    ],
                    [
                        -73.57896411238,
                        45.49759550404
                    ],
                    [
                        -73.57902408596,
                        45.49762426848
                    ],
                    [
                        -73.57899757811,
                        45.49765142280
                    ]
                ]
            }
        },
        {
            "type": "Feature",
            "properties": {
                "ref": "H-239",
                "level": "2"
            },
            "geometry": {
                "type": "Point",
                "coordinates": [
                    -73.57915589756,
                    45.49730522636
                ]
            }
        },
        {
            "type": "Feature",
            "properties": {
                "ref": "H-860.06",
                "level": "8",
                "indoor": "room"
            },
            "geometry": {
                "type": "Polygon",
                "coordinates": [
                    [
                        [
                            -73.57881926570,
                            45.49736914027
                        ],
                        [
                            -73.57880943390,
                            45.49737924729
                        ],
                        [
                            -73.57879267348,
                            45.49739647686
                        ],
                        [
                            -73.57880622119,
                            45.49740295186
                        ],
                        [
                            -73.57882838975,
                            45.49741354712
                        ],
                        [
                            -73.57885498197,
                            45.49738621055
                        ],
                        [
                            -73.57881926570,
                            45.49736914027
                        ]
                    ]
                ]
            }
        },
        {
            "type": "Feature",
            "properties": {
                "highway": "footway",
                "level": "2"
            },
            "geometry": {
                "type": "LineString",
                "coordinates": [
                    [
                        -73.57916066484,
                        45.49718718203
                    ],
                    [
                        -73.57920011597,
                        45.49714508635
                    ],
                    [
                        -73.57923606287,
                        45.49716163837
                    ],
                    [
                        -73.57925229194,
                        45.49716911116
                    ],
                    [
                        -73.57924153859,
                        45.49718058535
                    ]
                ]
            }
        },
        {
            "type": "Feature",
            "properties": {
                "door": "no",
                "ref": "H-stair-2-4",
                "level": "2"
            },
            "geometry": {
                "type": "Point",
                "coordinates": [
                    -73.57900400224,
                    45.49699321401
                ]
            }
        },
        {
            "type": "Feature",
            "properties": {
                "door": "hinged",
                "entrance": "yes"
            },
            "geometry": {
                "type": "Point",
                "coordinates": [
                    -73.57887640604,
                    45.49751913560
                ]
            }
        },
        {
            "type": "Feature",
            "properties": {
                "door": "hinged",
                "entrance": "yes"
            },
            "geometry": {
                "type": "Point",
                "coordinates": [
                    -73.57887009784,
                    45.49732860438
                ]
            }
        },
        {
            "type": "Feature",
            "properties": {
                "highway": "footway",
                "level": "1"
            },
            "geometry": {
                "type": "LineString",
                "coordinates": [
                    [
                        -73.57861271576,
                        45.49708059911
                    ],
                    [
                        -73.57859372332,
                        45.49710087327
                    ],
                    [
                        -73.57857486388,
                        45.49712024979
                    ],
                    [
                        -73.57861347791,
                        45.49713906519
                    ]
                ]
            }
        },
        {
            "type": "Feature",
            "properties": {
                "highway": "footway",
                "level": "8"
            },
            "geometry": {
                "type": "LineString",
                "coordinates": [
                    [
                        -73.57894411588,
                        45.49706752774
                    ],
                    [
                        -73.57896276189,
                        45.49704842680
                    ],
                    [
                        -73.57897983166,
                        45.49703094056
                    ],
                    [
                        -73.57899488954,
                        45.49701551528
                    ],
                    [
                        -73.57903271618,
                        45.49697676570
                    ],
                    [
                        -73.57900854564,
                        45.49696517293
                    ]
                ]
            }
        },
        {
            "type": "Feature",
            "properties": {
                "highway": "footway",
                "level": "2"
            },
            "geometry": {
                "type": "LineString",
                "coordinates": [
                    [
                        -73.57877910291,
                        45.49746923454
                    ],
                    [
                        -73.57877064987,
                        45.49747802421
                    ],
                    [
                        -73.57882316872,
                        45.49750283943
                    ],
                    [
                        -73.57887580618,
                        45.49752771069
                    ]
                ]
            }
        },
        {
            "type": "Feature",
            "properties": {
                "door": "hinged",
                "entrance": "yes"
            },
            "geometry": {
                "type": "Point",
                "coordinates": [
                    -73.57934611233,
                    45.49721616579
                ]
            }
        },
        {
            "type": "Feature",
            "properties": {
                "office": "union",
                "email": "advocacy@csu.qc.ca",
                "opening_hours": "Mo-Fr 09:00-17:00; Sa,Su off",
                "website": "https://www.csu.qc.ca/services/advocacy-5/",
                "short_name:en": "CSU Advocacy Centre",
                "short_name": "Centre de défense des droits des CSU",
                "name:en": "Concordia Student Union Advocacy Centre",
                "name": "Centre de défense des droits des étudiants de l'Université Concordia",
                "short_name:fr": "Centre de défense des droits des CSU",
                "phone": "+1-514-848-7474 ext. 7313",
                "name:fr": "Centre de défense des droits des étudiants de l'Université Concordia",
                "level": "1"
            },
            "geometry": {
                "type": "Point",
                "coordinates": [
                    -73.57910550000,
                    45.49755140000
                ]
            }
        },
        {
            "type": "Feature",
            "properties": {
                "ref": "H-833",
                "level": "8",
                "indoor": "room"
            },
            "geometry": {
                "type": "Polygon",
                "coordinates": [
                    [
                        [
                            -73.57935914617,
                            45.49719003079
                        ],
                        [
                            -73.57934397322,
                            45.49720562850
                        ],
                        [
                            -73.57931071992,
                            45.49723981271
                        ],
                        [
                            -73.57942279472,
                            45.49729337797
                        ],
                        [
                            -73.57947122096,
                            45.49724359609
                        ],
                        [
                            -73.57935914617,
                            45.49719003079
                        ]
                    ]
                ]
            }
        },
        {
            "type": "Feature",
            "properties": {
                "highway": "footway",
                "level": "1"
            },
            "geometry": {
                "type": "LineString",
                "coordinates": [
                    [
                        -73.57870280244,
                        45.49726293967
                    ],
                    [
                        -73.57868979210,
                        45.49725669339
                    ]
                ]
            }
        },
        {
            "type": "Feature",
            "properties": {
                "ref": "H-102.3",
                "level": "1"
            },
            "geometry": {
                "type": "Point",
                "coordinates": [
                    -73.57861502321,
                    45.49726116642
                ]
            }
        },
        {
            "type": "Feature",
            "properties": {
                "highway": "footway",
                "level": "9"
            },
            "geometry": {
                "type": "LineString",
                "coordinates": [
                    [
                        -73.57906781738,
                        45.49743378391
                    ],
                    [
                        -73.57905986995,
                        45.49744199728
                    ],
                    [
                        -73.57900801716,
                        45.49749558511
                    ],
                    [
                        -73.57901940650,
                        45.49750099972
                    ]
                ]
            }
        },
        {
            "type": "Feature",
            "properties": {
                "door": "hinged",
                "entrance": "yes"
            },
            "geometry": {
                "type": "Point",
                "coordinates": [
                    -73.57844353172,
                    45.49733777901
                ]
            }
        },
        {
            "type": "Feature",
            "properties": {
                "oneway": "-1",
                "conveying": "yes",
                "highway": "steps",
                "level": "2;8"
            },
            "geometry": {
                "type": "LineString",
                "coordinates": [
                    [
                        -73.57884410537,
                        45.49724367112
                    ],
                    [
                        -73.57891413143,
                        45.49728803527
                    ]
                ]
            }
        },
        {
            "type": "Feature",
            "properties": {
                "level": "8",
                "indoor": "room",
                "ref": "H-841"
            },
            "geometry": {
                "type": "Polygon",
                "coordinates": [
                    [
                        [
                            -73.57916586976,
                            45.49738809953
                        ],
                        [
                            -73.57915820729,
                            45.49739597649
                        ],
                        [
                            -73.57911940308,
                            45.49743586686
                        ],
                        [
                            -73.57923188834,
                            45.49748962811
                        ],
                        [
                            -73.57927835502,
                            45.49744186082
                        ],
                        [
                            -73.57916586976,
                            45.49738809953
                        ]
                    ]
                ]
            }
        },
        {
            "type": "Feature",
            "properties": {
                "level": "9",
                "indoor": "room"
            },
            "geometry": {
                "type": "Polygon",
                "coordinates": [
                    [
                        [
                            -73.57908809285,
                            45.49740360047
                        ],
                        [
                            -73.57904882764,
                            45.49741326779
                        ],
                        [
                            -73.57909154966,
                            45.49743357830
                        ],
                        [
                            -73.57910043292,
                            45.49742439779
                        ],
                        [
                            -73.57909706825,
                            45.49741872715
                        ],
                        [
                            -73.57909556590,
                            45.49741619517
                        ],
                        [
                            -73.57908809285,
                            45.49740360047
                        ]
                    ]
                ]
            }
        },
        {
            "type": "Feature",
            "properties": {
                "door": "hinged",
                "entrance": "yes"
            },
            "geometry": {
                "type": "Point",
                "coordinates": [
                    -73.57870869035,
                    45.49740733705
                ]
            }
        },
        {
            "type": "Feature",
            "properties": {
                "door": "hinged",
                "entrance": "yes"
            },
            "geometry": {
                "type": "Point",
                "coordinates": [
                    -73.57884441071,
                    45.49759748791
                ]
            }
        },
        {
            "type": "Feature",
            "properties": {
                "door": "hinged",
                "entrance": "yes"
            },
            "geometry": {
                "type": "Point",
                "coordinates": [
                    -73.57899142470,
                    45.49731497050
                ]
            }
        },
        {
            "type": "Feature",
            "properties": {
                "level": "9",
                "indoor": "room"
            },
            "geometry": {
                "type": "Polygon",
                "coordinates": [
                    [
                        [
                            -73.57891435160,
                            45.49746510071
                        ],
                        [
                            -73.57887704850,
                            45.49750365297
                        ],
                        [
                            -73.57895178680,
                            45.49753893857
                        ],
                        [
                            -73.57898883646,
                            45.49750093211
                        ],
                        [
                            -73.57891435160,
                            45.49746510071
                        ]
                    ]
                ]
            }
        },
        {
            "type": "Feature",
            "properties": {
                "level": "9",
                "indoor": "room",
                "ref": "H-961.10"
            },
            "geometry": {
                "type": "Polygon",
                "coordinates": [
                    [
                        [
                            -73.57884198337,
                            45.49753272773
                        ],
                        [
                            -73.57881300734,
                            45.49756267329
                        ],
                        [
                            -73.57883791710,
                            45.49757451562
                        ],
                        [
                            -73.57884544442,
                            45.49757809418
                        ],
                        [
                            -73.57887442045,
                            45.49754814863
                        ],
                        [
                            -73.57884198337,
                            45.49753272773
                        ]
                    ]
                ]
            }
        },
        {
            "type": "Feature",
            "properties": {
                "highway": "footway",
                "level": "9"
            },
            "geometry": {
                "type": "LineString",
                "coordinates": [
                    [
                        -73.57905523971,
                        45.49758479042
                    ],
                    [
                        -73.57904239445,
                        45.49757868366
                    ],
                    [
                        -73.57901761578,
                        45.49756690366
                    ],
                    [
                        -73.57902551612,
                        45.49755873898
                    ]
                ]
            }
        },
        {
            "type": "Feature",
            "properties": {
                "level": "9",
                "ref": "H-980"
            },
            "geometry": {
                "type": "Point",
                "coordinates": [
                    -73.57890844535,
                    45.49721937745
                ]
            }
        },
        {
            "type": "Feature",
            "properties": {
                "ref": "H-0052",
                "indoor": "room",
                "level": "2"
            },
            "geometry": {
                "type": "Polygon",
                "coordinates": [
                    [
                        [
                            -73.57888779807,
                            45.49752933064
                        ],
                        [
                            -73.57893729206,
                            45.49755276500
                        ],
                        [
                            -73.57900508614,
                            45.49748241682
                        ],
                        [
                            -73.57907288022,
                            45.49741206855
                        ],
                        [
                            -73.57902338634,
                            45.49738863419
                        ],
                        [
                            -73.57897389253,
                            45.49736519985
                        ],
                        [
                            -73.57890609845,
                            45.49743554818
                        ],
                        [
                            -73.57883830437,
                            45.49750589642
                        ],
                        [
                            -73.57888779807,
                            45.49752933064
                        ]
                    ]
                ]
            }
        },
        {
            "type": "Feature",
            "properties": {
                "stairs": "yes",
                "conveying": "yes",
                "indoor": "area",
                "ref": "H-escalator-4",
                "level": "2"
            },
            "geometry": {
                "type": "Polygon",
                "coordinates": [
                    [
                        [
                            -73.57889100846,
                            45.49725227770
                        ],
                        [
                            -73.57893053484,
                            45.49727099270
                        ],
                        [
                            -73.57891985495,
                            45.49728207499
                        ],
                        [
                            -73.57891413143,
                            45.49728803527
                        ],
                        [
                            -73.57890917505,
                            45.49729315729
                        ],
                        [
                            -73.57886964867,
                            45.49727444230
                        ],
                        [
                            -73.57883012229,
                            45.49725572730
                        ],
                        [
                            -73.57884080218,
                            45.49724464499
                        ],
                        [
                            -73.57884586972,
                            45.49723943973
                        ],
                        [
                            -73.57885148208,
                            45.49723356269
                        ],
                        [
                            -73.57889100846,
                            45.49725227770
                        ]
                    ]
                ]
            }
        },
        {
            "type": "Feature",
            "properties": {
                "ref": "H-923",
                "level": "9"
            },
            "geometry": {
                "type": "Point",
                "coordinates": [
                    -73.57907722117,
                    45.49700185797
                ]
            }
        },
        {
            "type": "Feature",
            "properties": {
                "ref": "H-961.27",
                "level": "9"
            },
            "geometry": {
                "type": "Point",
                "coordinates": [
                    -73.57909841262,
                    45.49760213641
                ]
            }
        },
        {
            "type": "Feature",
            "properties": {
                "level": "8",
                "indoor": "room",
                "ref": "H-838.01"
            },
            "geometry": {
                "type": "Polygon",
                "coordinates": [
                    [
                        [
                            -73.57904287916,
                            45.49732720919
                        ],
                        [
                            -73.57901320741,
                            45.49735771153
                        ],
                        [
                            -73.57904769232,
                            45.49737419329
                        ],
                        [
                            -73.57906237098,
                            45.49735910375
                        ],
                        [
                            -73.57907736408,
                            45.49734369096
                        ],
                        [
                            -73.57906834569,
                            45.49733938070
                        ],
                        [
                            -73.57904287916,
                            45.49732720919
                        ]
                    ]
                ]
            }
        },
        {
            "type": "Feature",
            "properties": {
                "ref": "H-124",
                "level": "1"
            },
            "geometry": {
                "type": "Point",
                "coordinates": [
                    -73.57901365209,
                    45.49733761687
                ]
            }
        },
        {
            "type": "Feature",
            "properties": {
                "stairs": "yes",
                "level": "9",
                "indoor": "room",
                "ref": "H-stair-9-3"
            },
            "geometry": {
                "type": "Polygon",
                "coordinates": [
                    [
                        [
                            -73.57861349643,
                            45.49730688218
                        ],
                        [
                            -73.57858571207,
                            45.49733559630
                        ],
                        [
                            -73.57866007999,
                            45.49737095165
                        ],
                        [
                            -73.57867650030,
                            45.49735393827
                        ],
                        [
                            -73.57868787610,
                            45.49734222540
                        ],
                        [
                            -73.57861349643,
                            45.49730688218
                        ]
                    ]
                ]
            }
        },
        {
            "type": "Feature",
            "properties": {
                "ref": "H-280",
                "indoor": "room",
                "level": "2"
            },
            "geometry": {
                "type": "Polygon",
                "coordinates": [
                    [
                        [
                            -73.57881080758,
                            45.49749287725
                        ],
                        [
                            -73.57882593071,
                            45.49750003774
                        ],
                        [
                            -73.57883196718,
                            45.49749377385
                        ],
                        [
                            -73.57883800365,
                            45.49748750996
                        ],
                        [
                            -73.57882288053,
                            45.49748034946
                        ],
                        [
                            -73.57880982803,
                            45.49747416938
                        ],
                        [
                            -73.57880775740,
                            45.49747318898
                        ],
                        [
                            -73.57880152615,
                            45.49747965498
                        ],
                        [
                            -73.57879568446,
                            45.49748571676
                        ],
                        [
                            -73.57881080758,
                            45.49749287725
                        ]
                    ]
                ]
            }
        },
        {
            "type": "Feature",
            "properties": {
                "ref": "H-961.26",
                "level": "9"
            },
            "geometry": {
                "type": "Point",
                "coordinates": [
                    -73.57898326173,
                    45.49760514116
                ]
            }
        },
        {
            "type": "Feature",
            "properties": {
                "door": "no",
                "level": "8",
                "ref": "H-stair-8-3"
            },
            "geometry": {
                "type": "Point",
                "coordinates": [
                    -73.57897654480,
                    45.49745924848
                ]
            }
        },
        {
            "type": "Feature",
            "properties": {
                "ref": "H-857",
                "level": "8"
            },
            "geometry": {
                "type": "Point",
                "coordinates": [
                    -73.57868711041,
                    45.49750737358
                ]
            }
        },
        {
            "type": "Feature",
            "properties": {
                "ref": "H-927.4",
                "level": "9",
                "indoor": "room"
            },
            "geometry": {
                "type": "Polygon",
                "coordinates": [
                    [
                        [
                            -73.57922421423,
                            45.49708048694
                        ],
                        [
                            -73.57923530183,
                            45.49706835055
                        ],
                        [
                            -73.57921868769,
                            45.49706045196
                        ],
                        [
                            -73.57915522957,
                            45.49712541759
                        ],
                        [
                            -73.57919178718,
                            45.49714279756
                        ],
                        [
                            -73.57922486328,
                            45.49715852236
                        ],
                        [
                            -73.57927637620,
                            45.49710528544
                        ],
                        [
                            -73.57922421423,
                            45.49708048694
                        ]
                    ]
                ]
            }
        },
        {
            "type": "Feature",
            "properties": {
                "female": "no",
                "male": "yes",
                "ref": "H-bath-M-8",
                "level": "8",
                "indoor": "room",
                "amenity": "toilets"
            },
            "geometry": {
                "type": "Polygon",
                "coordinates": [
                    [
                        [
                            -73.57880386212,
                            45.49707168346
                        ],
                        [
                            -73.57877162307,
                            45.49710482511
                        ],
                        [
                            -73.57876764174,
                            45.49710891790
                        ],
                        [
                            -73.57876238602,
                            45.49711432076
                        ],
                        [
                            -73.57875319111,
                            45.49712377310
                        ],
                        [
                            -73.57885595241,
                            45.49717288715
                        ],
                        [
                            -73.57890662342,
                            45.49712079756
                        ],
                        [
                            -73.57880386212,
                            45.49707168346
                        ]
                    ]
                ]
            }
        },
        {
            "type": "Feature",
            "properties": {
                "ref": "H-811",
                "level": "8",
                "indoor": "room"
            },
            "geometry": {
                "type": "Polygon",
                "coordinates": [
                    [
                        [
                            -73.57865568131,
                            45.49699882548
                        ],
                        [
                            -73.57860840146,
                            45.49704742909
                        ],
                        [
                            -73.57860361577,
                            45.49705234876
                        ],
                        [
                            -73.57870953218,
                            45.49710297083
                        ],
                        [
                            -73.57875482643,
                            45.49705640846
                        ],
                        [
                            -73.57876159771,
                            45.49704944761
                        ],
                        [
                            -73.57865568131,
                            45.49699882548
                        ]
                    ]
                ]
            }
        },
        {
            "type": "Feature",
            "properties": {
                "door": "no",
                "ref": "H-stair-2-3",
                "level": "2"
            },
            "geometry": {
                "type": "Point",
                "coordinates": [
                    -73.57924153859,
                    45.49718058535
                ]
            }
        },
        {
            "type": "Feature",
            "properties": {
                "level": "-1;1",
                "stairs": "yes",
                "ref": "H-stair-8",
                "indoor": "area"
            },
            "geometry": {
                "type": "Polygon",
                "coordinates": [
                    [
                        [
                            -73.57851723824,
                            45.49721173752
                        ],
                        [
                            -73.57854604281,
                            45.49718336145
                        ],
                        [
                            -73.57853959841,
                            45.49718023592
                        ],
                        [
                            -73.57853315446,
                            45.49717711060
                        ],
                        [
                            -73.57850434988,
                            45.49720548666
                        ],
                        [
                            -73.57847554530,
                            45.49723386272
                        ],
                        [
                            -73.57848199819,
                            45.49723698303
                        ],
                        [
                            -73.57848843366,
                            45.49724011357
                        ],
                        [
                            -73.57851723824,
                            45.49721173752
                        ]
                    ]
                ]
            }
        },
        {
            "type": "Feature",
            "properties": {
                "door": "hinged",
                "entrance": "yes"
            },
            "geometry": {
                "type": "Point",
                "coordinates": [
                    -73.57896744078,
                    45.49698705693
                ]
            }
        },
        {
            "type": "Feature",
            "properties": {
                "level": "8",
                "ref": "H-860.05"
            },
            "geometry": {
                "type": "Point",
                "coordinates": [
                    -73.57879791855,
                    45.49742649364
                ]
            }
        },
        {
            "type": "Feature",
            "properties": {
                "ref": "H-857",
                "level": "8",
                "indoor": "room"
            },
            "geometry": {
                "type": "Polygon",
                "coordinates": [
                    [
                        [
                            -73.57868727539,
                            45.49744980273
                        ],
                        [
                            -73.57861253652,
                            45.49752663352
                        ],
                        [
                            -73.57868150561,
                            45.49755959659
                        ],
                        [
                            -73.57875624448,
                            45.49748276584
                        ],
                        [
                            -73.57869644685,
                            45.49745418614
                        ],
                        [
                            -73.57868727539,
                            45.49744980273
                        ]
                    ]
                ]
            }
        },
        {
            "type": "Feature",
            "properties": {
                "level": "8",
                "indoor": "room",
                "amenity": "toilets",
                "female": "yes",
                "male": "no",
                "ref": "H-bath-W-8"
            },
            "geometry": {
                "type": "Polygon",
                "coordinates": [
                    [
                        [
                            -73.57868013824,
                            45.49719810234
                        ],
                        [
                            -73.57867332184,
                            45.49720510956
                        ],
                        [
                            -73.57866082349,
                            45.49721795780
                        ],
                        [
                            -73.57865713688,
                            45.49722174762
                        ],
                        [
                            -73.57859280265,
                            45.49728788282
                        ],
                        [
                            -73.57866382392,
                            45.49732182685
                        ],
                        [
                            -73.57870652884,
                            45.49727792648
                        ],
                        [
                            -73.57871041858,
                            45.49727425113
                        ],
                        [
                            -73.57875115950,
                            45.49723204642
                        ],
                        [
                            -73.57872283277,
                            45.49721850788
                        ],
                        [
                            -73.57869245383,
                            45.49720398849
                        ],
                        [
                            -73.57868013824,
                            45.49719810234
                        ]
                    ]
                ]
            }
        },
        {
            "type": "Feature",
            "properties": {
                "door": "hinged",
                "entrance": "yes"
            },
            "geometry": {
                "type": "Point",
                "coordinates": [
                    -73.57900010611,
                    45.49719558735
                ]
            }
        },
        {
            "type": "Feature",
            "properties": {
                "door": "hinged",
                "entrance": "yes"
            },
            "geometry": {
                "type": "Point",
                "coordinates": [
                    -73.57896411238,
                    45.49759550404
                ]
            }
        },
        {
            "type": "Feature",
            "properties": {
                "door": "hinged",
                "entrance": "yes"
            },
            "geometry": {
                "type": "Point",
                "coordinates": [
                    -73.57852879518,
                    45.49733159749
                ]
            }
        },
        {
            "type": "Feature",
            "properties": {
                "highway": "footway",
                "level": "1"
            },
            "geometry": {
                "type": "LineString",
                "coordinates": [
                    [
                        -73.57897418311,
                        45.49730657863
                    ],
                    [
                        -73.57899142470,
                        45.49731497050
                    ],
                    [
                        -73.57902155633,
                        45.49732963625
                    ],
                    [
                        -73.57901365209,
                        45.49733761687
                    ]
                ]
            }
        },
        {
            "type": "Feature",
            "properties": {
                "ref": "H-205",
                "indoor": "room",
                "level": "2"
            },
            "geometry": {
                "type": "Polygon",
                "coordinates": [
                    [
                        [
                            -73.57905846310,
                            45.49705202400
                        ],
                        [
                            -73.57909540405,
                            45.49708380988
                        ],
                        [
                            -73.57909557475,
                            45.49708389246
                        ],
                        [
                            -73.57909574544,
                            45.49708397504
                        ],
                        [
                            -73.57910154973,
                            45.49707795201
                        ],
                        [
                            -73.57910735403,
                            45.49707192900
                        ],
                        [
                            -73.57909291833,
                            45.49706509395
                        ],
                        [
                            -73.57907848263,
                            45.49705825888
                        ],
                        [
                            -73.57909223214,
                            45.49704399125
                        ],
                        [
                            -73.57909334159,
                            45.49704283999
                        ],
                        [
                            -73.57910820056,
                            45.49702742110
                        ],
                        [
                            -73.57910799705,
                            45.49702732474
                        ],
                        [
                            -73.57908276616,
                            45.49701537834
                        ],
                        [
                            -73.57905733177,
                            45.49700333557
                        ],
                        [
                            -73.57905129530,
                            45.49700959953
                        ],
                        [
                            -73.57904757215,
                            45.49701346298
                        ],
                        [
                            -73.57904525883,
                            45.49701586347
                        ],
                        [
                            -73.57903836221,
                            45.49701259804
                        ],
                        [
                            -73.57903146560,
                            45.49700933261
                        ],
                        [
                            -73.57902649399,
                            45.49701478541
                        ],
                        [
                            -73.57902152219,
                            45.49702023805
                        ],
                        [
                            -73.57905846310,
                            45.49705202400
                        ]
                    ]
                ]
            }
        },
        {
            "type": "Feature",
            "properties": {
                "level": "9",
                "indoor": "room"
            },
            "geometry": {
                "type": "LineString",
                "coordinates": [
                    [
                        -73.57873889756,
                        45.49723250756
                    ],
                    [
                        -73.57876707025,
                        45.49720320975
                    ]
                ]
            }
        },
        {
            "type": "Feature",
            "properties": {
                "level": "9",
                "ref": "H-908"
            },
            "geometry": {
                "type": "Point",
                "coordinates": [
                    -73.57872931851,
                    45.49720951893
                ]
            }
        },
        {
            "type": "Feature",
            "properties": {
                "door": "hinged",
                "entrance": "yes"
            },
            "geometry": {
                "type": "Point",
                "coordinates": [
                    -73.57911511852,
                    45.49704685265
                ]
            }
        },
        {
            "type": "Feature",
            "properties": {
                "level": "8",
                "indoor": "room",
                "ref": "H-861"
            },
            "geometry": {
                "type": "Polygon",
                "coordinates": [
                    [
                        [
                            -73.57854482240,
                            45.49738171863
                        ],
                        [
                            -73.57847008353,
                            45.49745854951
                        ],
                        [
                            -73.57854069436,
                            45.49749229728
                        ],
                        [
                            -73.57861543323,
                            45.49741546644
                        ],
                        [
                            -73.57860667705,
                            45.49741128150
                        ],
                        [
                            -73.57854482240,
                            45.49738171863
                        ]
                    ]
                ]
            }
        },
        {
            "type": "Feature",
            "properties": {
                "highway": "footway",
                "level": "9"
            },
            "geometry": {
                "type": "LineString",
                "coordinates": [
                    [
                        -73.57878657194,
                        45.49726708294
                    ],
                    [
                        -73.57876877318,
                        45.49725862120
                    ],
                    [
                        -73.57875496593,
                        45.49725205706
                    ],
                    [
                        -73.57873957234,
                        45.49726796580
                    ]
                ]
            }
        },
        {
            "type": "Feature",
            "properties": {
                "highway": "footway",
                "level": "9"
            },
            "geometry": {
                "type": "LineString",
                "coordinates": [
                    [
                        -73.57904259916,
                        45.49759785390
                    ],
                    [
                        -73.57905111491,
                        45.49760190237
                    ],
                    [
                        -73.57908418300,
                        45.49761762324
                    ],
                    [
                        -73.57907558041,
                        45.49762651366
                    ]
                ]
            }
        },
        {
            "type": "Feature",
            "properties": {
                "level": "8",
                "indoor": "room",
                "ref": "H-852"
            },
            "geometry": {
                "type": "Polygon",
                "coordinates": [
                    [
                        [
                            -73.57890105341,
                            45.49743900247
                        ],
                        [
                            -73.57885962531,
                            45.49748159015
                        ],
                        [
                            -73.57887388009,
                            45.49748840308
                        ],
                        [
                            -73.57888589905,
                            45.49749414743
                        ],
                        [
                            -73.57892032900,
                            45.49745875378
                        ],
                        [
                            -73.57892732715,
                            45.49745155976
                        ],
                        [
                            -73.57891540317,
                            45.49744586722
                        ],
                        [
                            -73.57890105341,
                            45.49743900247
                        ]
                    ]
                ]
            }
        },
        {
            "type": "Feature",
            "properties": {
                "door": "hinged",
                "entrance": "yes"
            },
            "geometry": {
                "type": "Point",
                "coordinates": [
                    -73.57889617137,
                    45.49761032433
                ]
            }
        },
        {
            "type": "Feature",
            "properties": {
                "ref": "H-elevator-8",
                "highway": "elevator",
                "level": "1;2;8;9"
            },
            "geometry": {
                "type": "Point",
                "coordinates": [
                    -73.57872077052,
                    45.49729372519
                ]
            }
        },
        {
            "type": "Feature",
            "properties": {
                "highway": "footway",
                "level": "9"
            },
            "geometry": {
                "type": "LineString",
                "coordinates": [
                    [
                        -73.57872124370,
                        45.49716587067
                    ],
                    [
                        -73.57871093636,
                        45.49717652296
                    ],
                    [
                        -73.57869052014,
                        45.49719762243
                    ]
                ]
            }
        },
        {
            "type": "Feature",
            "properties": {
                "ref": "H-961.9",
                "level": "9"
            },
            "geometry": {
                "type": "Point",
                "coordinates": [
                    -73.57879472653,
                    45.49760001339
                ]
            }
        },
        {
            "type": "Feature",
            "properties": {
                "ref": "H-901",
                "level": "9",
                "indoor": "room"
            },
            "geometry": {
                "type": "Polygon",
                "coordinates": [
                    [
                        [
                            -73.57840084758,
                            45.49724850465
                        ],
                        [
                            -73.57835308123,
                            45.49729786948
                        ],
                        [
                            -73.57843616827,
                            45.49733737001
                        ],
                        [
                            -73.57844079217,
                            45.49733253030
                        ],
                        [
                            -73.57848324472,
                            45.49728809646
                        ],
                        [
                            -73.57840084758,
                            45.49724850465
                        ]
                    ]
                ]
            }
        },
        {
            "type": "Feature",
            "properties": {
                "door": "hinged",
                "entrance": "yes"
            },
            "geometry": {
                "type": "Point",
                "coordinates": [
                    -73.57910350413,
                    45.49746290928
                ]
            }
        },
        {
            "type": "Feature",
            "properties": {
                "highway": "footway",
                "level": "1"
            },
            "geometry": {
                "type": "LineString",
                "coordinates": [
                    [
                        -73.57914161007,
                        45.49725576151
                    ],
                    [
                        -73.57919686224,
                        45.49728264825
                    ],
                    [
                        -73.57922933844,
                        45.49729845177
                    ],
                    [
                        -73.57912375347,
                        45.49740504820
                    ],
                    [
                        -73.57910630790,
                        45.49742266087
                    ],
                    [
                        -73.57903546577,
                        45.49749418149
                    ],
                    [
                        -73.57901085086,
                        45.49751903879
                    ],
                    [
                        -73.57897652659,
                        45.49755370104
                    ],
                    [
                        -73.57894921615,
                        45.49758128038
                    ],
                    [
                        -73.57897015852,
                        45.49759147127
                    ],
                    [
                        -73.57899481380,
                        45.49760346892
                    ]
                ]
            }
        },
        {
            "type": "Feature",
            "properties": {
                "door": "no",
                "level": "2"
            },
            "geometry": {
                "type": "Point",
                "coordinates": [
                    -73.57884586972,
                    45.49723943973
                ]
            }
        },
        {
            "type": "Feature",
            "properties": {
                "ref": "H-867",
                "level": "8"
            },
            "geometry": {
                "type": "Point",
                "coordinates": [
                    -73.57837367822,
                    45.49735486850
                ]
            }
        },
        {
            "type": "Feature",
            "properties": {
                "highway": "footway",
                "level": "1"
            },
            "geometry": {
                "type": "LineString",
                "coordinates": [
                    [
                        -73.57880208919,
                        45.49721898074
                    ],
                    [
                        -73.57882887777,
                        45.49723201658
                    ],
                    [
                        -73.57883903882,
                        45.49722175733
                    ],
                    [
                        -73.57884747532,
                        45.49721323929
                    ],
                    [
                        -73.57889877258,
                        45.49723820151
                    ]
                ]
            }
        },
        {
            "type": "Feature",
            "properties": {
                "door": "hinged",
                "entrance": "yes"
            },
            "geometry": {
                "type": "Point",
                "coordinates": [
                    -73.57935632554,
                    45.49722931669
                ]
            }
        },
        {
            "type": "Feature",
            "properties": {
                "level": "9",
                "indoor": "room"
            },
            "geometry": {
                "type": "Polygon",
                "coordinates": [
                    [
                        [
                            -73.57909663854,
                            45.49728540239
                        ],
                        [
                            -73.57906307783,
                            45.49731125335
                        ],
                        [
                            -73.57904346889,
                            45.49734028047
                        ],
                        [
                            -73.57908047955,
                            45.49735787575
                        ],
                        [
                            -73.57913360228,
                            45.49730297534
                        ],
                        [
                            -73.57909663854,
                            45.49728540239
                        ]
                    ]
                ]
            }
        },
        {
            "type": "Feature",
            "properties": {
                "level": "8",
                "ref": "H-825"
            },
            "geometry": {
                "type": "Point",
                "coordinates": [
                    -73.57914458082,
                    45.49703177323
                ]
            }
        },
        {
            "type": "Feature",
            "properties": {
                "highway": "footway",
                "level": "9"
            },
            "geometry": {
                "type": "LineString",
                "coordinates": [
                    [
                        -73.57897030721,
                        45.49738653101
                    ],
                    [
                        -73.57896111024,
                        45.49738215868
                    ],
                    [
                        -73.57892656178,
                        45.49736573396
                    ],
                    [
                        -73.57890163181,
                        45.49739149814
                    ]
                ]
            }
        },
        {
            "type": "Feature",
            "properties": {
                "highway": "footway",
                "level": "9"
            },
            "geometry": {
                "type": "LineString",
                "coordinates": [
                    [
                        -73.57891061574,
                        45.49744821987
                    ],
                    [
                        -73.57890141878,
                        45.49744384754
                    ],
                    [
                        -73.57886868223,
                        45.49742828424
                    ],
                    [
                        -73.57883550080,
                        45.49746257597
                    ]
                ]
            }
        },
        {
            "type": "Feature",
            "properties": {
                "ref": "H-133",
                "level": "1"
            },
            "geometry": {
                "type": "Point",
                "coordinates": [
                    -73.57912309680,
                    45.49754753007
                ]
            }
        },
        {
            "type": "Feature",
            "properties": {
                "door": "hinged",
                "entrance": "yes"
            },
            "geometry": {
                "type": "Point",
                "coordinates": [
                    -73.57857946078,
                    45.49723239593
                ]
            }
        },
        {
            "type": "Feature",
            "properties": {
                "level": "8",
                "ref": "H-803",
                "indoor": "room"
            },
            "geometry": {
                "type": "Polygon",
                "coordinates": [
                    [
                        [
                            -73.57846603457,
                            45.49719378174
                        ],
                        [
                            -73.57841516884,
                            45.49724607145
                        ],
                        [
                            -73.57841368918,
                            45.49724759252
                        ],
                        [
                            -73.57851960558,
                            45.49729821442
                        ],
                        [
                            -73.57856725272,
                            45.49724923347
                        ],
                        [
                            -73.57857195097,
                            45.49724440369
                        ],
                        [
                            -73.57850893449,
                            45.49721428544
                        ],
                        [
                            -73.57846603457,
                            45.49719378174
                        ]
                    ]
                ]
            }
        },
        {
            "type": "Feature",
            "properties": {
                "door": "hinged",
                "entrance": "yes"
            },
            "geometry": {
                "type": "Point",
                "coordinates": [
                    -73.57908455064,
                    45.49711032640
                ]
            }
        },
        {
            "type": "Feature",
            "properties": {
                "door": "hinged",
                "entrance": "yes"
            },
            "geometry": {
                "type": "Point",
                "coordinates": [
                    -73.57844079217,
                    45.49733253030
                ]
            }
        },
        {
            "type": "Feature",
            "properties": {
                "ref": "H-965",
                "level": "9",
                "indoor": "room"
            },
            "geometry": {
                "type": "Polygon",
                "coordinates": [
                    [
                        [
                            -73.57853634557,
                            45.49738661476
                        ],
                        [
                            -73.57846229574,
                            45.49746314243
                        ],
                        [
                            -73.57853429020,
                            45.49749736933
                        ],
                        [
                            -73.57860834005,
                            45.49742084168
                        ],
                        [
                            -73.57855224603,
                            45.49739417400
                        ],
                        [
                            -73.57853634557,
                            45.49738661476
                        ]
                    ]
                ]
            }
        },
        {
            "type": "Feature",
            "properties": {
                "ref": "H-802",
                "level": "8"
            },
            "geometry": {
                "type": "Point",
                "coordinates": [
                    -73.57867487192,
                    45.49724215796
                ]
            }
        },
        {
            "type": "Feature",
            "properties": {
                "highway": "footway",
                "level": "8"
            },
            "geometry": {
                "type": "LineString",
                "coordinates": [
                    [
                        -73.57935516644,
                        45.49717690519
                    ],
                    [
                        -73.57936658952,
                        45.49718237906
                    ],
                    [
                        -73.57943038894,
                        45.49721295137
                    ],
                    [
                        -73.57945703597,
                        45.49718565427
                    ]
                ]
            }
        },
        {
            "type": "Feature",
            "properties": {
                "ref": "H-961.29",
                "level": "9",
                "indoor": "room"
            },
            "geometry": {
                "type": "Polygon",
                "coordinates": [
                    [
                        [
                            -73.57910350787,
                            45.49754775640
                        ],
                        [
                            -73.57909641019,
                            45.49755509156
                        ],
                        [
                            -73.57908097095,
                            45.49757104739
                        ],
                        [
                            -73.57912764868,
                            45.49759323842
                        ],
                        [
                            -73.57915018560,
                            45.49756994744
                        ],
                        [
                            -73.57910350787,
                            45.49754775640
                        ]
                    ]
                ]
            }
        },
        {
            "type": "Feature",
            "properties": {
                "ref": "H-133.2",
                "level": "1"
            },
            "geometry": {
                "type": "Point",
                "coordinates": [
                    -73.57911580235,
                    45.49745384365
                ]
            }
        },
        {
            "type": "Feature",
            "properties": {
                "highway": "footway",
                "level": "9"
            },
            "geometry": {
                "type": "LineString",
                "coordinates": [
                    [
                        -73.57914419916,
                        45.49749285441
                    ],
                    [
                        -73.57915789629,
                        45.49749101372
                    ],
                    [
                        -73.57919501225,
                        45.49748602590
                    ]
                ]
            }
        },
        {
            "type": "Feature",
            "properties": {
                "highway": "footway",
                "level": "8"
            },
            "geometry": {
                "type": "LineString",
                "coordinates": [
                    [
                        -73.57854394902,
                        45.49731366565
                    ],
                    [
                        -73.57851712647,
                        45.49730076294
                    ],
                    [
                        -73.57846776784,
                        45.49727708949
                    ],
                    [
                        -73.57844986830,
                        45.49729542566
                    ]
                ]
            }
        },
        {
            "type": "Feature",
            "properties": {
                "ref": "H-109",
                "indoor": "room",
                "level": "1"
            },
            "geometry": {
                "type": "Polygon",
                "coordinates": [
                    [
                        [
                            -73.57900137695,
                            45.49702117042
                        ],
                        [
                            -73.57903802115,
                            45.49705240407
                        ],
                        [
                            -73.57903807922,
                            45.49705383381
                        ],
                        [
                            -73.57903813729,
                            45.49705526354
                        ],
                        [
                            -73.57905615928,
                            45.49707064422
                        ],
                        [
                            -73.57907418126,
                            45.49708602489
                        ],
                        [
                            -73.57907479138,
                            45.49708631617
                        ],
                        [
                            -73.57907540149,
                            45.49708660744
                        ],
                        [
                            -73.57910036945,
                            45.49706091173
                        ],
                        [
                            -73.57911437969,
                            45.49704649312
                        ],
                        [
                            -73.57912533750,
                            45.49703521591
                        ],
                        [
                            -73.57912496101,
                            45.49703462390
                        ],
                        [
                            -73.57912458452,
                            45.49703403189
                        ],
                        [
                            -73.57905852749,
                            45.49700441348
                        ],
                        [
                            -73.57899247045,
                            45.49697479505
                        ],
                        [
                            -73.57898754502,
                            45.49697285758
                        ],
                        [
                            -73.57898261934,
                            45.49697091999
                        ],
                        [
                            -73.57897367574,
                            45.49698042829
                        ],
                        [
                            -73.57896744078,
                            45.49698705693
                        ],
                        [
                            -73.57896473215,
                            45.49698993659
                        ],
                        [
                            -73.57900137695,
                            45.49702117042
                        ]
                    ]
                ]
            }
        },
        {
            "type": "Feature",
            "properties": {
                "level": "8",
                "ref": "H-881"
            },
            "geometry": {
                "type": "Point",
                "coordinates": [
                    -73.57902389193,
                    45.49744024635
                ]
            }
        },
        {
            "type": "Feature",
            "properties": {
                "door": "no",
                "level": "9"
            },
            "geometry": {
                "type": "Point",
                "coordinates": [
                    -73.57882829419,
                    45.49725992492
                ]
            }
        },
        {
            "type": "Feature",
            "properties": {
                "highway": "footway",
                "level": "9"
            },
            "geometry": {
                "type": "LineString",
                "coordinates": [
                    [
                        -73.57908789444,
                        45.49755104309
                    ],
                    [
                        -73.57907504932,
                        45.49754493639
                    ],
                    [
                        -73.57905052940,
                        45.49753327939
                    ],
                    [
                        -73.57904403358,
                        45.49753999256
                    ]
                ]
            }
        },
        {
            "type": "Feature",
            "properties": {
                "highway": "footway",
                "level": "9"
            },
            "geometry": {
                "type": "LineString",
                "coordinates": [
                    [
                        -73.57885016918,
                        45.49759153678
                    ],
                    [
                        -73.57885758958,
                        45.49758386810
                    ],
                    [
                        -73.57887150010,
                        45.49756949215
                    ]
                ]
            }
        },
        {
            "type": "Feature",
            "properties": {
                "door": "hinged",
                "entrance": "yes"
            },
            "geometry": {
                "type": "Point",
                "coordinates": [
                    -73.57879938401,
                    45.49709560154
                ]
            }
        },
        {
            "type": "Feature",
            "properties": {
                "highway": "footway",
                "level": "9"
            },
            "geometry": {
                "type": "LineString",
                "coordinates": [
                    [
                        -73.57874809717,
                        45.49730681482
                    ],
                    [
                        -73.57872764476,
                        45.49729702223
                    ]
                ]
            }
        },
        {
            "type": "Feature",
            "properties": {
                "highway": "footway",
                "level": "9"
            },
            "geometry": {
                "type": "LineString",
                "coordinates": [
                    [
                        -73.57870780235,
                        45.49752385424
                    ],
                    [
                        -73.57870234449,
                        45.49752949472
                    ],
                    [
                        -73.57868296017,
                        45.49754952764
                    ],
                    [
                        -73.57870988043,
                        45.49756232578
                    ]
                ]
            }
        },
        {
            "type": "Feature",
            "properties": {
                "door": "hinged",
                "entrance": "yes"
            },
            "geometry": {
                "type": "Point",
                "coordinates": [
                    -73.57904239445,
                    45.49757868366
                ]
            }
        },
        {
            "type": "Feature",
            "properties": {
                "highway": "footway",
                "level": "8"
            },
            "geometry": {
                "type": "LineString",
                "coordinates": [
                    [
                        -73.57860631094,
                        45.49724976338
                    ],
                    [
                        -73.57857650105,
                        45.49723542786
                    ],
                    [
                        -73.57854435844,
                        45.49722005160
                    ],
                    [
                        -73.57851640587,
                        45.49720660490
                    ],
                    [
                        -73.57849875250,
                        45.49719813796
                    ],
                    [
                        -73.57851458242,
                        45.49718192185
                    ]
                ]
            }
        },
        {
            "type": "Feature",
            "properties": {
                "door": "hinged",
                "entrance": "yes"
            },
            "geometry": {
                "type": "Point",
                "coordinates": [
                    -73.57884308794,
                    45.49719239818
                ]
            }
        },
        {
            "type": "Feature",
            "properties": {
                "level": "9",
                "indoor": "room",
                "ref": "H-961.31"
            },
            "geometry": {
                "type": "Polygon",
                "coordinates": [
                    [
                        [
                            -73.57912819113,
                            45.49752224723
                        ],
                        [
                            -73.57910799737,
                            45.49754311668
                        ],
                        [
                            -73.57910458105,
                            45.49754664731
                        ],
                        [
                            -73.57915125878,
                            45.49756883835
                        ],
                        [
                            -73.57917486887,
                            45.49754443828
                        ],
                        [
                            -73.57912819113,
                            45.49752224723
                        ]
                    ]
                ]
            }
        },
        {
            "type": "Feature",
            "properties": {
                "level": "9",
                "indoor": "room",
                "ref": "H-980"
            },
            "geometry": {
                "type": "Polygon",
                "coordinates": [
                    [
                        [
                            -73.57908854589,
                            45.49713824634
                        ],
                        [
                            -73.57898927615,
                            45.49724083826
                        ],
                        [
                            -73.57874797596,
                            45.49712612109
                        ],
                        [
                            -73.57873051304,
                            45.49714416845
                        ],
                        [
                            -73.57872275610,
                            45.49715218499
                        ],
                        [
                            -73.57900598716,
                            45.49728683653
                        ],
                        [
                            -73.57913047676,
                            45.49715818082
                        ],
                        [
                            -73.57908854589,
                            45.49713824634
                        ]
                    ]
                ]
            }
        },
        {
            "type": "Feature",
            "properties": {
                "ref": "H-110.6",
                "level": "1"
            },
            "geometry": {
                "type": "Point",
                "coordinates": [
                    -73.57898852791,
                    45.49720727749
                ]
            }
        },
        {
            "type": "Feature",
            "properties": {
                "highway": "footway",
                "level": "8"
            },
            "geometry": {
                "type": "LineString",
                "coordinates": [
                    [
                        -73.57875970402,
                        45.49715568907
                    ],
                    [
                        -73.57873478026,
                        45.49718122088
                    ],
                    [
                        -73.57872134993,
                        45.49719497885
                    ],
                    [
                        -73.57872572365,
                        45.49719707658
                    ]
                ]
            }
        },
        {
            "type": "Feature",
            "properties": {
                "ref": "H-961.28",
                "level": "9",
                "indoor": "room"
            },
            "geometry": {
                "type": "Polygon",
                "coordinates": [
                    [
                        [
                            -73.57901280490,
                            45.49753823580
                        ],
                        [
                            -73.57899295094,
                            45.49755875406
                        ],
                        [
                            -73.57903973993,
                            45.49758142700
                        ],
                        [
                            -73.57904239445,
                            45.49757868366
                        ],
                        [
                            -73.57906016241,
                            45.49756032121
                        ],
                        [
                            -73.57901280490,
                            45.49753823580
                        ]
                    ]
                ]
            }
        },
        {
            "type": "Feature",
            "properties": {
                "door": "hinged",
                "entrance": "yes"
            },
            "geometry": {
                "type": "Point",
                "coordinates": [
                    -73.57927567644,
                    45.49727295819
                ]
            }
        },
        {
            "type": "Feature",
            "properties": {
                "door": "hinged",
                "entrance": "yes"
            },
            "geometry": {
                "type": "Point",
                "coordinates": [
                    -73.57890559309,
                    45.49722199322
                ]
            }
        },
        {
            "type": "Feature",
            "properties": {
                "indoor": "room",
                "ref": "H-120.7",
                "level": "1"
            },
            "geometry": {
                "type": "Polygon",
                "coordinates": [
                    [
                        [
                            -73.57859372332,
                            45.49710087327
                        ],
                        [
                            -73.57860632840,
                            45.49710689106
                        ],
                        [
                            -73.57862753863,
                            45.49708506260
                        ],
                        [
                            -73.57864874887,
                            45.49706323414
                        ],
                        [
                            -73.57863614379,
                            45.49705721636
                        ],
                        [
                            -73.57862353897,
                            45.49705119869
                        ],
                        [
                            -73.57860232873,
                            45.49707302716
                        ],
                        [
                            -73.57858111850,
                            45.49709485561
                        ],
                        [
                            -73.57859372332,
                            45.49710087327
                        ]
                    ]
                ]
            }
        },
        {
            "type": "Feature",
            "properties": {
                "indoor": "room",
                "ref": "H-290.1",
                "level": "2"
            },
            "geometry": {
                "type": "Polygon",
                "coordinates": [
                    [
                        [
                            -73.57909372631,
                            45.49706477493
                        ],
                        [
                            -73.57910781830,
                            45.49707144724
                        ],
                        [
                            -73.57912244509,
                            45.49705626927
                        ],
                        [
                            -73.57913707188,
                            45.49704109130
                        ],
                        [
                            -73.57912297989,
                            45.49703441898
                        ],
                        [
                            -73.57910888790,
                            45.49702774667
                        ],
                        [
                            -73.57909426111,
                            45.49704292463
                        ],
                        [
                            -73.57909050588,
                            45.49704682138
                        ],
                        [
                            -73.57907963432,
                            45.49705810260
                        ],
                        [
                            -73.57909372631,
                            45.49706477493
                        ]
                    ]
                ]
            }
        },
        {
            "type": "Feature",
            "properties": {
                "door": "hinged",
                "entrance": "yes"
            },
            "geometry": {
                "type": "Point",
                "coordinates": [
                    -73.57915350551,
                    45.49721674980
                ]
            }
        },
        {
            "type": "Feature",
            "properties": {
                "height": "3.6576",
                "level": "8",
                "indoor": "level",
                "name": "Level 9"
            },
            "geometry": {
                "type": "LineString",
                "coordinates": [
                    [
                        -73.57882258716,
                        45.49682539305
                    ],
                    [
                        -73.57862298716,
                        45.49703659306
                    ],
                    [
                        -73.57840758716,
                        45.49725459306
                    ],
                    [
                        -73.57829238716,
                        45.49737059306
                    ],
                    [
                        -73.57839758716,
                        45.49742189306
                    ],
                    [
                        -73.57857708716,
                        45.49750959306
                    ],
                    [
                        -73.57900598716,
                        45.49771569306
                    ],
                    [
                        -73.57901058716,
                        45.49771229306
                    ],
                    [
                        -73.57926748716,
                        45.49744679306
                    ],
                    [
                        -73.57953628716,
                        45.49717319306
                    ],
                    [
                        -73.57954158716,
                        45.49716639306
                    ],
                    [
                        -73.57945758716,
                        45.49712729306
                    ],
                    [
                        -73.57882258716,
                        45.49682539305
                    ]
                ]
            }
        },
        {
            "type": "Feature",
            "properties": {
                "door": "hinged",
                "entrance": "yes"
            },
            "geometry": {
                "type": "Point",
                "coordinates": [
                    -73.57915482920,
                    45.49725327746
                ]
            }
        },
        {
            "type": "Feature",
            "properties": {
                "ref": "H-860.01",
                "level": "8"
            },
            "geometry": {
                "type": "Point",
                "coordinates": [
                    -73.57873229126,
                    45.49739683449
                ]
            }
        },
        {
            "type": "Feature",
            "properties": {
                "level": "8",
                "indoor": "room",
                "ref": "H-892"
            },
            "geometry": {
                "type": "Polygon",
                "coordinates": [
                    [
                        [
                            -73.57875115950,
                            45.49723204642
                        ],
                        [
                            -73.57871028477,
                            45.49727421987
                        ],
                        [
                            -73.57873724560,
                            45.49728710700
                        ],
                        [
                            -73.57874176376,
                            45.49728918234
                        ],
                        [
                            -73.57874582077,
                            45.49728513882
                        ],
                        [
                            -73.57877584602,
                            45.49725427305
                        ],
                        [
                            -73.57878277054,
                            45.49724715468
                        ],
                        [
                            -73.57875115950,
                            45.49723204642
                        ]
                    ]
                ]
            }
        },
        {
            "type": "Feature",
            "properties": {
                "door": "hinged",
                "entrance": "yes"
            },
            "geometry": {
                "type": "Point",
                "coordinates": [
                    -73.57883791710,
                    45.49757451562
                ]
            }
        },
        {
            "type": "Feature",
            "properties": {
                "amenity": "drinking_water",
                "level": "1",
                "indoor": "yes",
                "name": "Water Fountain",
                "ref": "H-water-1-01"
            },
            "geometry": {
                "type": "Point",
                "coordinates": [
                    -73.57877737125,
                    45.49722580253
                ]
            }
        },
        {
            "type": "Feature",
            "properties": {
                "wall": "yes",
                "level": "8"
            },
            "geometry": {
                "type": "LineString",
                "coordinates": [
                    [
                        -73.57885073256,
                        45.49723663942
                    ],
                    [
                        -73.57899774655,
                        45.49730690359
                    ]
                ]
            }
        },
        {
            "type": "Feature",
            "properties": {
                "highway": "footway",
                "level": "8"
            },
            "geometry": {
                "type": "LineString",
                "coordinates": [
                    [
                        -73.57883431808,
                        45.49749506207
                    ],
                    [
                        -73.57885133648,
                        45.49747762859
                    ],
                    [
                        -73.57888338262,
                        45.49744480082
                    ],
                    [
                        -73.57885610442,
                        45.49743171765
                    ]
                ]
            }
        },
        {
            "type": "Feature",
            "properties": {
                "ref": "H-961.25",
                "level": "9"
            },
            "geometry": {
                "type": "Point",
                "coordinates": [
                    -73.57907558041,
                    45.49762651366
                ]
            }
        },
        {
            "type": "Feature",
            "properties": {
                "highway": "footway",
                "level": "1"
            },
            "geometry": {
                "type": "LineString",
                "coordinates": [
                    [
                        -73.57888189782,
                        45.49700855569
                    ],
                    [
                        -73.57893215085,
                        45.49695781674
                    ],
                    [
                        -73.57896744078,
                        45.49698705693
                    ],
                    [
                        -73.57898283620,
                        45.49699981310
                    ],
                    [
                        -73.57904439371,
                        45.49702976827
                    ]
                ]
            }
        },
        {
            "type": "Feature",
            "properties": {
                "ref": "H-801",
                "level": "8",
                "indoor": "room"
            },
            "geometry": {
                "type": "Polygon",
                "coordinates": [
                    [
                        [
                            -73.57841368918,
                            45.49724759252
                        ],
                        [
                            -73.57836610252,
                            45.49729651131
                        ],
                        [
                            -73.57847201892,
                            45.49734713317
                        ],
                        [
                            -73.57851712647,
                            45.49730076294
                        ],
                        [
                            -73.57851960558,
                            45.49729821442
                        ],
                        [
                            -73.57841368918,
                            45.49724759252
                        ]
                    ]
                ]
            }
        },
        {
            "type": "Feature",
            "properties": {
                "door": "hinged",
                "entrance": "yes"
            },
            "geometry": {
                "type": "Point",
                "coordinates": [
                    -73.57862036033,
                    45.49719686770
                ]
            }
        },
        {
            "type": "Feature",
            "properties": {
                "highway": "footway",
                "level": "8"
            },
            "geometry": {
                "type": "LineString",
                "coordinates": [
                    [
                        -73.57897654480,
                        45.49745924848
                    ],
                    [
                        -73.57896819148,
                        45.49746780554
                    ],
                    [
                        -73.57900500510,
                        45.49748546207
                    ],
                    [
                        -73.57901897731,
                        45.49749216342
                    ],
                    [
                        -73.57905011279,
                        45.49750709660
                    ],
                    [
                        -73.57910801335,
                        45.49753486682
                    ]
                ]
            }
        },
        {
            "type": "Feature",
            "properties": {
                "level": "9",
                "indoor": "room"
            },
            "geometry": {
                "type": "Polygon",
                "coordinates": [
                    [
                        [
                            -73.57922774731,
                            45.49725462306
                        ],
                        [
                            -73.57921405633,
                            45.49726997484
                        ],
                        [
                            -73.57927020301,
                            45.49727520885
                        ],
                        [
                            -73.57922774731,
                            45.49725462306
                        ]
                    ]
                ]
            }
        },
        {
            "type": "Feature",
            "properties": {
                "ref": "H-961.19",
                "level": "9",
                "indoor": "room"
            },
            "geometry": {
                "type": "Polygon",
                "coordinates": [
                    [
                        [
                            -73.57898065560,
                            45.49767233174
                        ],
                        [
                            -73.57898441174,
                            45.49766844992
                        ],
                        [
                            -73.57898090632,
                            45.49766678342
                        ],
                        [
                            -73.57897491800,
                            45.49766393652
                        ],
                        [
                            -73.57894647856,
                            45.49769332746
                        ],
                        [
                            -73.57900423236,
                            45.49772078409
                        ],
                        [
                            -73.57902891565,
                            45.49769527498
                        ],
                        [
                            -73.57898065560,
                            45.49767233174
                        ]
                    ]
                ]
            }
        },
        {
            "type": "Feature",
            "properties": {
                "ref": "H-929.25",
                "level": "9",
                "indoor": "room"
            },
            "geometry": {
                "type": "Polygon",
                "coordinates": [
                    [
                        [
                            -73.57924901194,
                            45.49736512935
                        ],
                        [
                            -73.57919835943,
                            45.49741809669
                        ],
                        [
                            -73.57921335082,
                            45.49743561795
                        ],
                        [
                            -73.57925451766,
                            45.49745518910
                        ],
                        [
                            -73.57925911393,
                            45.49745737421
                        ],
                        [
                            -73.57931706598,
                            45.49739748298
                        ],
                        [
                            -73.57924901194,
                            45.49736512935
                        ]
                    ]
                ]
            }
        },
        {
            "type": "Feature",
            "properties": {
                "level": "9",
                "indoor": "room",
                "ref": "H-961.21"
            },
            "geometry": {
                "type": "Polygon",
                "coordinates": [
                    [
                        [
                            -73.57900692110,
                            45.49764757483
                        ],
                        [
                            -73.57899467137,
                            45.49766023441
                        ],
                        [
                            -73.57898331100,
                            45.49767197487
                        ],
                        [
                            -73.57902998873,
                            45.49769416586
                        ],
                        [
                            -73.57905359884,
                            45.49766976582
                        ],
                        [
                            -73.57900692110,
                            45.49764757483
                        ]
                    ]
                ]
            }
        },
        {
            "type": "Feature",
            "properties": {
                "door": "hinged",
                "entrance": "yes"
            },
            "geometry": {
                "type": "Point",
                "coordinates": [
                    -73.57904793693,
                    45.49728658378
                ]
            }
        },
        {
            "type": "Feature",
            "properties": {
                "ref": "H-961.25",
                "level": "9",
                "indoor": "room"
            },
            "geometry": {
                "type": "Polygon",
                "coordinates": [
                    [
                        [
                            -73.57905628768,
                            45.49759655653
                        ],
                        [
                            -73.57905111491,
                            45.49760190237
                        ],
                        [
                            -73.57903321416,
                            45.49762040206
                        ],
                        [
                            -73.57907989189,
                            45.49764259307
                        ],
                        [
                            -73.57910296542,
                            45.49761874755
                        ],
                        [
                            -73.57905628768,
                            45.49759655653
                        ]
                    ]
                ]
            }
        },
        {
            "type": "Feature",
            "properties": {
                "door": "hinged",
                "entrance": "yes"
            },
            "geometry": {
                "type": "Point",
                "coordinates": [
                    -73.57905467341,
                    45.49712388982
                ]
            }
        },
        {
            "type": "Feature",
            "properties": {
                "highway": "footway",
                "level": "8"
            },
            "geometry": {
                "type": "LineString",
                "coordinates": [
                    [
                        -73.57878744259,
                        45.49716899311
                    ],
                    [
                        -73.57876254983,
                        45.49719449315
                    ],
                    [
                        -73.57875019107,
                        45.49720715341
                    ],
                    [
                        -73.57875893850,
                        45.49721134887
                    ]
                ]
            }
        },
        {
            "type": "Feature",
            "properties": {
                "highway": "footway",
                "level": "8"
            },
            "geometry": {
                "type": "LineString",
                "coordinates": [
                    [
                        -73.57916404401,
                        45.49728333334
                    ],
                    [
                        -73.57916952692,
                        45.49727771667
                    ],
                    [
                        -73.57918058357,
                        45.49726639030
                    ],
                    [
                        -73.57916251580,
                        45.49725772461
                    ]
                ]
            }
        },
        {
            "type": "Feature",
            "properties": {
                "door": "hinged",
                "entrance": "yes"
            },
            "geometry": {
                "type": "Point",
                "coordinates": [
                    -73.57913222503,
                    45.49751807830
                ]
            }
        },
        {
            "type": "Feature",
            "properties": {
                "door": "no",
                "level": "2"
            },
            "geometry": {
                "type": "Point",
                "coordinates": [
                    -73.57865683146,
                    45.49729221035
                ]
            }
        },
        {
            "type": "Feature",
            "properties": {
                "highway": "footway",
                "level": "2"
            },
            "geometry": {
                "type": "LineString",
                "coordinates": [
                    [
                        -73.57884586972,
                        45.49723943973
                    ],
                    [
                        -73.57877338222,
                        45.49720560610
                    ],
                    [
                        -73.57876704453,
                        45.49721232605
                    ],
                    [
                        -73.57874727195,
                        45.49723320954
                    ],
                    [
                        -73.57872623652,
                        45.49725544792
                    ],
                    [
                        -73.57871408625,
                        45.49726829302
                    ],
                    [
                        -73.57868067893,
                        45.49730361077
                    ],
                    [
                        -73.57865683146,
                        45.49729221035
                    ]
                ]
            }
        },
        {
            "type": "Feature",
            "properties": {
                "ref": "H-stair-1-2",
                "stairs": "yes",
                "indoor": "room",
                "level": "1"
            },
            "geometry": {
                "type": "Polygon",
                "coordinates": [
                    [
                        [
                            -73.57850944308,
                            45.49738588704
                        ],
                        [
                            -73.57854058466,
                            45.49740075425
                        ],
                        [
                            -73.57856186205,
                            45.49737914804
                        ],
                        [
                            -73.57858313944,
                            45.49735754183
                        ],
                        [
                            -73.57855161097,
                            45.49734248991
                        ],
                        [
                            -73.57852879518,
                            45.49733159749
                        ],
                        [
                            -73.57852008275,
                            45.49732743811
                        ],
                        [
                            -73.57849919200,
                            45.49734922892
                        ],
                        [
                            -73.57847830126,
                            45.49737101972
                        ],
                        [
                            -73.57850944308,
                            45.49738588704
                        ]
                    ]
                ]
            }
        },
        {
            "type": "Feature",
            "properties": {
                "ref": "H-281",
                "level": "2"
            },
            "geometry": {
                "type": "Point",
                "coordinates": [
                    -73.57883266952,
                    45.49746857936
                ]
            }
        },
        {
            "type": "Feature",
            "properties": {
                "door": "hinged",
                "entrance": "yes"
            },
            "geometry": {
                "type": "Point",
                "coordinates": [
                    -73.57924447214,
                    45.49715408047
                ]
            }
        },
        {
            "type": "Feature",
            "properties": {
                "level": "9",
                "indoor": "room",
                "ref": "H-961.7"
            },
            "geometry": {
                "type": "Polygon",
                "coordinates": [
                    [
                        [
                            -73.57876215400,
                            45.49755792870
                        ],
                        [
                            -73.57873049500,
                            45.49759064698
                        ],
                        [
                            -73.57876609667,
                            45.49760757234
                        ],
                        [
                            -73.57879775567,
                            45.49757485407
                        ],
                        [
                            -73.57879112965,
                            45.49757170400
                        ],
                        [
                            -73.57876215400,
                            45.49755792870
                        ]
                    ]
                ]
            }
        },
        {
            "type": "Feature",
            "properties": {
                "level": "9",
                "ref": "H-961.23"
            },
            "geometry": {
                "type": "Point",
                "coordinates": [
                    -73.57905188839,
                    45.49765021725
                ]
            }
        },
        {
            "type": "Feature",
            "properties": {
                "highway": "footway",
                "level": "8"
            },
            "geometry": {
                "type": "LineString",
                "coordinates": [
                    [
                        -73.57845482398,
                        45.49734319502
                    ],
                    [
                        -73.57844353172,
                        45.49733777901
                    ],
                    [
                        -73.57840731666,
                        45.49732040951
                    ],
                    [
                        -73.57837367822,
                        45.49735486850
                    ]
                ]
            }
        },
        {
            "type": "Feature",
            "properties": {
                "amenity": "drinking_water",
                "level": "9",
                "indoor": "yes",
                "name": "Water Fountain",
                "ref": "H-water-9-02"
            },
            "geometry": {
                "type": "Point",
                "coordinates": [
                    -73.57879430872,
                    45.49707603933
                ]
            }
        },
        {
            "type": "Feature",
            "properties": {
                "ref": "H-925.3",
                "level": "9",
                "indoor": "room"
            },
            "geometry": {
                "type": "Polygon",
                "coordinates": [
                    [
                        [
                            -73.57925101058,
                            45.49702764428
                        ],
                        [
                            -73.57921988820,
                            45.49705980829
                        ],
                        [
                            -73.57925390755,
                            45.49707598156
                        ],
                        [
                            -73.57928502993,
                            45.49704381755
                        ],
                        [
                            -73.57925101058,
                            45.49702764428
                        ]
                    ]
                ]
            }
        },
        {
            "type": "Feature",
            "properties": {
                "highway": "footway",
                "level": "9"
            },
            "geometry": {
                "type": "LineString",
                "coordinates": [
                    [
                        -73.57914343294,
                        45.49706856828
                    ],
                    [
                        -73.57915063104,
                        45.49706112926
                    ],
                    [
                        -73.57916475439,
                        45.49706784369
                    ],
                    [
                        -73.57916633666,
                        45.49706859593
                    ],
                    [
                        -73.57918350481,
                        45.49707675790
                    ],
                    [
                        -73.57917648227,
                        45.49708401548
                    ]
                ]
            }
        },
        {
            "type": "Feature",
            "properties": {
                "highway": "footway",
                "level": "9"
            },
            "geometry": {
                "type": "LineString",
                "coordinates": [
                    [
                        -73.57906875052,
                        45.49710591179
                    ],
                    [
                        -73.57905033852,
                        45.49712494000
                    ],
                    [
                        -73.57903578373,
                        45.49713998190
                    ],
                    [
                        -73.57903513488,
                        45.49714065247
                    ],
                    [
                        -73.57899343393,
                        45.49718374900
                    ],
                    [
                        -73.57895874816,
                        45.49716725894
                    ],
                    [
                        -73.57892276820,
                        45.49715015360
                    ],
                    [
                        -73.57896434565,
                        45.49710718467
                    ],
                    [
                        -73.57896556039,
                        45.49710592927
                    ],
                    [
                        -73.57897967275,
                        45.49709134460
                    ],
                    [
                        -73.57901493884,
                        45.49705489822
                    ]
                ]
            }
        },
        {
            "type": "Feature",
            "properties": {
                "door": "hinged",
                "entrance": "yes"
            },
            "geometry": {
                "type": "Point",
                "coordinates": [
                    -73.57884790874,
                    45.49694526661
                ]
            }
        },
        {
            "type": "Feature",
            "properties": {
                "diet:halal": "no",
                "opening_hours": "Sep-Apr: Mo-Th 08:15-18:00; Sep-Apr: Fr 08:15-17:00",
                "name": "Hive Café",
                "amenity": "cafe",
                "payment:debit_cards": "yes",
                "diet:vegetarian": "yes",
                "diet:kosher": "no",
                "wheelchair": "yes",
                "diet:gluten_free": "yes",
                "payment:credit_cards": "yes",
                "diet:vegan": "yes",
                "website": "https://hivecafe.ca/",
                "level": "1"
            },
            "geometry": {
                "type": "Point",
                "coordinates": [
                    -73.57929230000,
                    45.49738910000
                ]
            }
        },
        {
            "type": "Feature",
            "properties": {
                "highway": "footway",
                "level": "8"
            },
            "geometry": {
                "type": "LineString",
                "coordinates": [
                    [
                        -73.57842297237,
                        45.49738638411
                    ],
                    [
                        -73.57841589176,
                        45.49738298811
                    ],
                    [
                        -73.57844400503,
                        45.49735418908
                    ],
                    [
                        -73.57845482398,
                        45.49734319502
                    ],
                    [
                        -73.57848088757,
                        45.49735569929
                    ],
                    [
                        -73.57850093553,
                        45.49733516230
                    ],
                    [
                        -73.57851587359,
                        45.49734240684
                    ],
                    [
                        -73.57862355288,
                        45.49739400087
                    ],
                    [
                        -73.57864135746,
                        45.49740253812
                    ],
                    [
                        -73.57865475078,
                        45.49740896017
                    ],
                    [
                        -73.57871322525,
                        45.49743699849
                    ],
                    [
                        -73.57878194824,
                        45.49746994498
                    ],
                    [
                        -73.57883431808,
                        45.49749506207
                    ],
                    [
                        -73.57885683836,
                        45.49750586046
                    ],
                    [
                        -73.57890487487,
                        45.49752889970
                    ],
                    [
                        -73.57895816518,
                        45.49755445875
                    ],
                    [
                        -73.57897761668,
                        45.49756378806
                    ],
                    [
                        -73.57895222259,
                        45.49758980147
                    ],
                    [
                        -73.57892565240,
                        45.49761684656
                    ],
                    [
                        -73.57890867025,
                        45.49763424287
                    ],
                    [
                        -73.57890040174,
                        45.49763027714
                    ],
                    [
                        -73.57891231914,
                        45.49761806910
                    ],
                    [
                        -73.57889617137,
                        45.49761032433
                    ],
                    [
                        -73.57887699739,
                        45.49760112813
                    ]
                ]
            }
        },
        {
            "type": "Feature",
            "properties": {
                "door": "hinged",
                "entrance": "yes"
            },
            "geometry": {
                "type": "Point",
                "coordinates": [
                    -73.57890956900,
                    45.49763286903
                ]
            }
        },
        {
            "type": "Feature",
            "properties": {
                "door": "hinged",
                "entrance": "yes"
            },
            "geometry": {
                "type": "Point",
                "coordinates": [
                    -73.57874332075,
                    45.49738553597
                ]
            }
        },
        {
            "type": "Feature",
            "properties": {
                "ref": "H-903",
                "level": "9",
                "indoor": "room"
            },
            "geometry": {
                "type": "Polygon",
                "coordinates": [
                    [
                        [
                            -73.57849688818,
                            45.49714924996
                        ],
                        [
                            -73.57840137462,
                            45.49724795997
                        ],
                        [
                            -73.57851767342,
                            45.49730324980
                        ],
                        [
                            -73.57852486119,
                            45.49729582149
                        ],
                        [
                            -73.57861318699,
                            45.49720453987
                        ],
                        [
                            -73.57849688818,
                            45.49714924996
                        ]
                    ]
                ]
            }
        },
        {
            "type": "Feature",
            "properties": {
                "door": "hinged",
                "entrance": "yes"
            },
            "geometry": {
                "type": "Point",
                "coordinates": [
                    -73.57910799737,
                    45.49754311668
                ]
            }
        },
        {
            "type": "Feature",
            "properties": {
                "level": "9",
                "ref": "H-902.1"
            },
            "geometry": {
                "type": "Point",
                "coordinates": [
                    -73.57865872996,
                    45.49724688049
                ]
            }
        },
        {
            "type": "Feature",
            "properties": {
                "highway": "footway",
                "level": "8"
            },
            "geometry": {
                "type": "LineString",
                "coordinates": [
                    [
                        -73.57871322525,
                        45.49743699849
                    ],
                    [
                        -73.57869644685,
                        45.49745418614
                    ],
                    [
                        -73.57865810577,
                        45.49749346239
                    ],
                    [
                        -73.57868711041,
                        45.49750737358
                    ]
                ]
            }
        },
        {
            "type": "Feature",
            "properties": {
                "door": "hinged",
                "entrance": "yes"
            },
            "geometry": {
                "type": "Point",
                "coordinates": [
                    -73.57911721905,
                    45.49746693043
                ]
            }
        },
        {
            "type": "Feature",
            "properties": {
                "indoor": "room",
                "ref": "H-231",
                "level": "2"
            },
            "geometry": {
                "type": "Polygon",
                "coordinates": [
                    [
                        [
                            -73.57918239646,
                            45.49722674919
                        ],
                        [
                            -73.57917695786,
                            45.49723239272
                        ],
                        [
                            -73.57915621211,
                            45.49725392016
                        ],
                        [
                            -73.57913967689,
                            45.49727107841
                        ],
                        [
                            -73.57911080543,
                            45.49725740831
                        ],
                        [
                            -73.57910616201,
                            45.49726222669
                        ],
                        [
                            -73.57908004031,
                            45.49724985856
                        ],
                        [
                            -73.57906285963,
                            45.49726768659
                        ],
                        [
                            -73.57904567892,
                            45.49728551466
                        ],
                        [
                            -73.57904793693,
                            45.49728658378
                        ],
                        [
                            -73.57906973846,
                            45.49729690639
                        ],
                        [
                            -73.57909379800,
                            45.49730829812
                        ],
                        [
                            -73.57910679960,
                            45.49729480664
                        ],
                        [
                            -73.57911980121,
                            45.49728131515
                        ],
                        [
                            -73.57914179847,
                            45.49729173044
                        ],
                        [
                            -73.57914412018,
                            45.49728932125
                        ],
                        [
                            -73.57923417158,
                            45.49733195886
                        ],
                        [
                            -73.57927689115,
                            45.49728762969
                        ],
                        [
                            -73.57931961068,
                            45.49724330053
                        ],
                        [
                            -73.57930654977,
                            45.49723711643
                        ],
                        [
                            -73.57929348886,
                            45.49723093234
                        ],
                        [
                            -73.57931415212,
                            45.49720949048
                        ],
                        [
                            -73.57933481538,
                            45.49718804862
                        ],
                        [
                            -73.57934787629,
                            45.49719423273
                        ],
                        [
                            -73.57936093720,
                            45.49720041683
                        ],
                        [
                            -73.57939228035,
                            45.49716789265
                        ],
                        [
                            -73.57942362350,
                            45.49713536845
                        ],
                        [
                            -73.57936656807,
                            45.49710835371
                        ],
                        [
                            -73.57934341000,
                            45.49709759594
                        ],
                        [
                            -73.57923846847,
                            45.49720649177
                        ],
                        [
                            -73.57919151019,
                            45.49718405072
                        ],
                        [
                            -73.57917844934,
                            45.49717786664
                        ],
                        [
                            -73.57916916250,
                            45.49718750341
                        ],
                        [
                            -73.57916674689,
                            45.49719001004
                        ],
                        [
                            -73.57915987562,
                            45.49719714023
                        ],
                        [
                            -73.57914990806,
                            45.49719242078
                        ],
                        [
                            -73.57913994051,
                            45.49718770132
                        ],
                        [
                            -73.57913367186,
                            45.49719420618
                        ],
                        [
                            -73.57912740322,
                            45.49720071102
                        ],
                        [
                            -73.57918239646,
                            45.49722674919
                        ]
                    ]
                ]
            }
        },
        {
            "type": "Feature",
            "properties": {
                "level": "9",
                "ref": "H-964.2"
            },
            "geometry": {
                "type": "Point",
                "coordinates": [
                    -73.57872941400,
                    45.49742759855
                ]
            }
        },
        {
            "type": "Feature",
            "properties": {
                "highway": "footway",
                "level": "2"
            },
            "geometry": {
                "type": "LineString",
                "coordinates": [
                    [
                        -73.57903568038,
                        45.49700793632
                    ],
                    [
                        -73.57904757215,
                        45.49701346298
                    ],
                    [
                        -73.57906416521,
                        45.49702117454
                    ],
                    [
                        -73.57905230843,
                        45.49703370942
                    ]
                ]
            }
        },
        {
            "type": "Feature",
            "properties": {
                "ref": "H-219",
                "indoor": "room",
                "level": "2"
            },
            "geometry": {
                "type": "Polygon",
                "coordinates": [
                    [
                        [
                            -73.57907972878,
                            45.49732549429
                        ],
                        [
                            -73.57911444324,
                            45.49734193091
                        ],
                        [
                            -73.57912187276,
                            45.49733422146
                        ],
                        [
                            -73.57912930229,
                            45.49732651201
                        ],
                        [
                            -73.57905987342,
                            45.49729363877
                        ],
                        [
                            -73.57905268415,
                            45.49730109893
                        ],
                        [
                            -73.57905244390,
                            45.49730134822
                        ],
                        [
                            -73.57904501438,
                            45.49730905768
                        ],
                        [
                            -73.57907972878,
                            45.49732549429
                        ]
                    ]
                ]
            }
        },
        {
            "type": "Feature",
            "properties": {
                "ref": "H-911",
                "level": "9"
            },
            "geometry": {
                "type": "Point",
                "coordinates": [
                    -73.57866748510,
                    45.49704918621
                ]
            }
        },
        {
            "type": "Feature",
            "properties": {
                "door": "no",
                "level": "8",
                "ref": "H-stair-8-2"
            },
            "geometry": {
                "type": "Point",
                "coordinates": [
                    -73.57887998802,
                    45.49708521679
                ]
            }
        },
        {
            "type": "Feature",
            "properties": {
                "highway": "footway",
                "level": "9"
            },
            "geometry": {
                "type": "LineString",
                "coordinates": [
                    [
                        -73.57919501225,
                        45.49748602590
                    ],
                    [
                        -73.57922911361,
                        45.49748144320
                    ],
                    [
                        -73.57925344446,
                        45.49745629821
                    ],
                    [
                        -73.57925451766,
                        45.49745518910
                    ],
                    [
                        -73.57928456011,
                        45.49742414138
                    ],
                    [
                        -73.57926053356,
                        45.49741271890
                    ]
                ]
            }
        },
        {
            "type": "Feature",
            "properties": {
                "level": "9",
                "indoor": "room",
                "ref": "H-964.3"
            },
            "geometry": {
                "type": "Polygon",
                "coordinates": [
                    [
                        [
                            -73.57875986457,
                            45.49742122396
                        ],
                        [
                            -73.57871250068,
                            45.49746955106
                        ],
                        [
                            -73.57875271004,
                            45.49748811875
                        ],
                        [
                            -73.57879942223,
                            45.49744003009
                        ],
                        [
                            -73.57875986457,
                            45.49742122396
                        ]
                    ]
                ]
            }
        },
        {
            "type": "Feature",
            "properties": {
                "automatic_door": "no",
                "door": "hinged",
                "entrance": "yes",
                "wheelchair": "no"
            },
            "geometry": {
                "type": "Point",
                "coordinates": [
                    -73.57945758716,
                    45.49712729306
                ]
            }
        },
        {
            "type": "Feature",
            "properties": {
                "door": "hinged",
                "entrance": "yes"
            },
            "geometry": {
                "type": "Point",
                "coordinates": [
                    -73.57917557501,
                    45.49723175005
                ]
            }
        },
        {
            "type": "Feature",
            "properties": {
                "level": "8",
                "ref": "H-860.05",
                "indoor": "room"
            },
            "geometry": {
                "type": "Polygon",
                "coordinates": [
                    [
                        [
                            -73.57882859536,
                            45.49741364540
                        ],
                        [
                            -73.57882847840,
                            45.49741358949
                        ],
                        [
                            -73.57882838975,
                            45.49741354712
                        ],
                        [
                            -73.57880622119,
                            45.49740295186
                        ],
                        [
                            -73.57879810360,
                            45.49741129668
                        ],
                        [
                            -73.57879245136,
                            45.49740876784
                        ],
                        [
                            -73.57878427549,
                            45.49740510992
                        ],
                        [
                            -73.57875740342,
                            45.49743273417
                        ],
                        [
                            -73.57879332530,
                            45.49744990270
                        ],
                        [
                            -73.57882859536,
                            45.49741364540
                        ]
                    ]
                ]
            }
        },
        {
            "type": "Feature",
            "properties": {
                "highway": "footway",
                "level": "2"
            },
            "geometry": {
                "type": "LineString",
                "coordinates": [
                    [
                        -73.57889862779,
                        45.49722935685
                    ],
                    [
                        -73.57890559309,
                        45.49722199322
                    ],
                    [
                        -73.57892593258,
                        45.49720049056
                    ],
                    [
                        -73.57895844839,
                        45.49721560212
                    ]
                ]
            }
        },
        {
            "type": "Feature",
            "properties": {
                "ref": "H-835",
                "level": "8"
            },
            "geometry": {
                "type": "Point",
                "coordinates": [
                    -73.57934782156,
                    45.49729244998
                ]
            }
        },
        {
            "type": "Feature",
            "properties": {
                "level": "8",
                "indoor": "room",
                "ref": "H-806.01"
            },
            "geometry": {
                "type": "Polygon",
                "coordinates": [
                    [
                        [
                            -73.57872100561,
                            45.49717463739
                        ],
                        [
                            -73.57869245383,
                            45.49720398849
                        ],
                        [
                            -73.57872283277,
                            45.49721850788
                        ],
                        [
                            -73.57875138456,
                            45.49718915678
                        ],
                        [
                            -73.57873478026,
                            45.49718122088
                        ],
                        [
                            -73.57872100561,
                            45.49717463739
                        ]
                    ]
                ]
            }
        },
        {
            "type": "Feature",
            "properties": {
                "highway": "footway",
                "level": "8"
            },
            "geometry": {
                "type": "LineString",
                "coordinates": [
                    [
                        -73.57886370723,
                        45.49696347904
                    ],
                    [
                        -73.57887079186,
                        45.49695620348
                    ],
                    [
                        -73.57890545873,
                        45.49692060236
                    ],
                    [
                        -73.57894154299,
                        45.49693790924
                    ]
                ]
            }
        },
        {
            "type": "Feature",
            "properties": {
                "door": "hinged",
                "entrance": "yes"
            },
            "geometry": {
                "type": "Point",
                "coordinates": [
                    -73.57903113826,
                    45.49752871467
                ]
            }
        },
        {
            "type": "Feature",
            "properties": {
                "door": "hinged",
                "entrance": "yes"
            },
            "geometry": {
                "type": "Point",
                "coordinates": [
                    -73.57881074490,
                    45.49747320009
                ]
            }
        },
        {
            "type": "Feature",
            "properties": {
                "door": "hinged",
                "entrance": "yes"
            },
            "geometry": {
                "type": "Point",
                "coordinates": [
                    -73.57871093636,
                    45.49717652296
                ]
            }
        },
        {
            "type": "Feature",
            "properties": {
                "highway": "footway",
                "level": "9"
            },
            "geometry": {
                "type": "LineString",
                "coordinates": [
                    [
                        -73.57873365565,
                        45.49710713255
                    ],
                    [
                        -73.57870937073,
                        45.49709558717
                    ],
                    [
                        -73.57864993041,
                        45.49706732844
                    ],
                    [
                        -73.57866748510,
                        45.49704918621
                    ]
                ]
            }
        },
        {
            "type": "Feature",
            "properties": {
                "ref": "H-945",
                "level": "9",
                "indoor": "room"
            },
            "geometry": {
                "type": "Polygon",
                "coordinates": [
                    [
                        [
                            -73.57905146304,
                            45.49743800055
                        ],
                        [
                            -73.57895272991,
                            45.49754003736
                        ],
                        [
                            -73.57899149613,
                            45.49755846719
                        ],
                        [
                            -73.57909022925,
                            45.49745643043
                        ],
                        [
                            -73.57905986995,
                            45.49744199728
                        ],
                        [
                            -73.57905146304,
                            45.49743800055
                        ]
                    ]
                ]
            }
        },
        {
            "type": "Feature",
            "properties": {
                "ref": "H-209",
                "indoor": "room",
                "level": "2"
            },
            "geometry": {
                "type": "Polygon",
                "coordinates": [
                    [
                        [
                            -73.57903052829,
                            45.49700825307
                        ],
                        [
                            -73.57905256848,
                            45.49698511841
                        ],
                        [
                            -73.57914775181,
                            45.49703000891
                        ],
                        [
                            -73.57913753627,
                            45.49704060941
                        ],
                        [
                            -73.57905710866,
                            45.49700252828
                        ],
                        [
                            -73.57904503571,
                            45.49701505618
                        ],
                        [
                            -73.57903052829,
                            45.49700825307
                        ]
                    ]
                ]
            }
        },
        {
            "type": "Feature",
            "properties": {
                "indoor": "room",
                "ref": "H-102.3",
                "level": "1"
            },
            "geometry": {
                "type": "Polygon",
                "coordinates": [
                    [
                        [
                            -73.57859597140,
                            45.49730242223
                        ],
                        [
                            -73.57862933727,
                            45.49731835135
                        ],
                        [
                            -73.57865368251,
                            45.49729361840
                        ],
                        [
                            -73.57867340692,
                            45.49727357986
                        ],
                        [
                            -73.57865819898,
                            45.49726631947
                        ],
                        [
                            -73.57864299105,
                            45.49725905908
                        ],
                        [
                            -73.57865889872,
                            45.49724268779
                        ],
                        [
                            -73.57867480640,
                            45.49722631649
                        ],
                        [
                            -73.57865626503,
                            45.49721746468
                        ],
                        [
                            -73.57863772366,
                            45.49720861288
                        ],
                        [
                            -73.57860016370,
                            45.49724755258
                        ],
                        [
                            -73.57856260373,
                            45.49728649225
                        ],
                        [
                            -73.57859597140,
                            45.49730242223
                        ]
                    ]
                ]
            }
        },
        {
            "type": "Feature",
            "properties": {
                "level": "9",
                "ref": "H-919"
            },
            "geometry": {
                "type": "Point",
                "coordinates": [
                    -73.57892756867,
                    45.49693122144
                ]
            }
        },
        {
            "type": "Feature",
            "properties": {
                "door": "hinged",
                "entrance": "yes"
            },
            "geometry": {
                "type": "Point",
                "coordinates": [
                    -73.57887388009,
                    45.49748840308
                ]
            }
        },
        {
            "type": "Feature",
            "properties": {
                "highway": "footway",
                "level": "2"
            },
            "geometry": {
                "type": "LineString",
                "coordinates": [
                    [
                        -73.57868067893,
                        45.49730361077
                    ],
                    [
                        -73.57865995844,
                        45.49732551617
                    ],
                    [
                        -73.57863562973,
                        45.49731426374
                    ]
                ]
            }
        },
        {
            "type": "Feature",
            "properties": {
                "door": "hinged",
                "entrance": "yes"
            },
            "geometry": {
                "type": "Point",
                "coordinates": [
                    -73.57902634309,
                    45.49736249265
                ]
            }
        },
        {
            "type": "Feature",
            "properties": {
                "ref": "H-260",
                "indoor": "room",
                "level": "2"
            },
            "geometry": {
                "type": "Polygon",
                "coordinates": [
                    [
                        [
                            -73.57865476914,
                            45.49744495897
                        ],
                        [
                            -73.57868639025,
                            45.49745993092
                        ],
                        [
                            -73.57870728568,
                            45.49743824824
                        ],
                        [
                            -73.57872818112,
                            45.49741656555
                        ],
                        [
                            -73.57870869035,
                            45.49740733705
                        ],
                        [
                            -73.57869656001,
                            45.49740159358
                        ],
                        [
                            -73.57866493891,
                            45.49738662162
                        ],
                        [
                            -73.57864404347,
                            45.49740830432
                        ],
                        [
                            -73.57862314804,
                            45.49742998701
                        ],
                        [
                            -73.57865476914,
                            45.49744495897
                        ]
                    ]
                ]
            }
        },
        {
            "type": "Feature",
            "properties": {
                "highway": "footway",
                "level": "9"
            },
            "geometry": {
                "type": "LineString",
                "coordinates": [
                    [
                        -73.57863888816,
                        45.49720567605
                    ],
                    [
                        -73.57862036033,
                        45.49719686770
                    ],
                    [
                        -73.57855217381,
                        45.49716445097
                    ],
                    [
                        -73.57856939025,
                        45.49714665835
                    ]
                ]
            }
        },
        {
            "type": "Feature",
            "properties": {
                "level": "8",
                "ref": "H-838"
            },
            "geometry": {
                "type": "Point",
                "coordinates": [
                    -73.57907316393,
                    45.49737928772
                ]
            }
        },
        {
            "type": "Feature",
            "properties": {
                "highway": "footway",
                "level": "1"
            },
            "geometry": {
                "type": "LineString",
                "coordinates": [
                    [
                        -73.57901085086,
                        45.49751903879
                    ],
                    [
                        -73.57903113826,
                        45.49752871467
                    ],
                    [
                        -73.57904693652,
                        45.49753624950
                    ],
                    [
                        -73.57903945469,
                        45.49754360103
                    ]
                ]
            }
        },
        {
            "type": "Feature",
            "properties": {
                "door": "hinged",
                "entrance": "yes"
            },
            "geometry": {
                "type": "Point",
                "coordinates": [
                    -73.57879112965,
                    45.49757170400
                ]
            }
        },
        {
            "type": "Feature",
            "properties": {
                "level": "9",
                "ref": "H-941"
            },
            "geometry": {
                "type": "Point",
                "coordinates": [
                    -73.57919501225,
                    45.49748602590
                ]
            }
        },
        {
            "type": "Feature",
            "properties": {
                "highway": "footway",
                "level": "1"
            },
            "geometry": {
                "type": "LineString",
                "coordinates": [
                    [
                        -73.57866251150,
                        45.49716268347
                    ],
                    [
                        -73.57861347791,
                        45.49713906519
                    ]
                ]
            }
        },
        {
            "type": "Feature",
            "properties": {
                "door": "hinged",
                "entrance": "yes"
            },
            "geometry": {
                "type": "Point",
                "coordinates": [
                    -73.57856725272,
                    45.49724923347
                ]
            }
        },
        {
            "type": "Feature",
            "properties": {
                "door": "hinged",
                "entrance": "yes"
            },
            "geometry": {
                "type": "Point",
                "coordinates": [
                    -73.57885758958,
                    45.49758386810
                ]
            }
        },
        {
            "type": "Feature",
            "properties": {
                "door": "hinged",
                "entrance": "yes"
            },
            "geometry": {
                "type": "Point",
                "coordinates": [
                    -73.57903228300,
                    45.49745742066
                ]
            }
        },
        {
            "type": "Feature",
            "properties": {
                "ref": "H-925.3",
                "level": "9",
                "indoor": "room"
            },
            "geometry": {
                "type": "Polygon",
                "coordinates": [
                    [
                        [
                            -73.57917561863,
                            45.49705900331
                        ],
                        [
                            -73.57916633666,
                            45.49706859593
                        ],
                        [
                            -73.57914503281,
                            45.49709061278
                        ],
                        [
                            -73.57917430529,
                            45.49710452931
                        ],
                        [
                            -73.57920489111,
                            45.49707291985
                        ],
                        [
                            -73.57917561863,
                            45.49705900331
                        ]
                    ]
                ]
            }
        },
        {
            "type": "Feature",
            "properties": {
                "door": "hinged",
                "entrance": "yes"
            },
            "geometry": {
                "type": "Point",
                "coordinates": [
                    -73.57875375343,
                    45.49741680574
                ]
            }
        },
        {
            "type": "Feature",
            "properties": {
                "ref": "H-bath-W-1",
                "level": "1"
            },
            "geometry": {
                "type": "Point",
                "coordinates": [
                    -73.57889877258,
                    45.49723820151
                ]
            }
        },
        {
            "type": "Feature",
            "properties": {
                "door": "hinged",
                "entrance": "yes"
            },
            "geometry": {
                "type": "Point",
                "coordinates": [
                    -73.57902706276,
                    45.49762675927
                ]
            }
        },
        {
            "type": "Feature",
            "properties": {
                "level": "9",
                "indoor": "room"
            },
            "geometry": {
                "type": "Polygon",
                "coordinates": [
                    [
                        [
                            -73.57880467211,
                            45.49751458481
                        ],
                        [
                            -73.57877447080,
                            45.49754516232
                        ],
                        [
                            -73.57879427454,
                            45.49755457721
                        ],
                        [
                            -73.57882435678,
                            45.49752348843
                        ],
                        [
                            -73.57880467211,
                            45.49751458481
                        ]
                    ]
                ]
            }
        },
        {
            "type": "Feature",
            "properties": {
                "highway": "footway",
                "level": "1"
            },
            "geometry": {
                "type": "LineString",
                "coordinates": [
                    [
                        -73.57847816760,
                        45.49727568333
                    ],
                    [
                        -73.57854969890,
                        45.49731049178
                    ],
                    [
                        -73.57860983074,
                        45.49733975302
                    ],
                    [
                        -73.57862123020,
                        45.49734530020
                    ],
                    [
                        -73.57864576319,
                        45.49732053015
                    ],
                    [
                        -73.57866632055,
                        45.49729977413
                    ],
                    [
                        -73.57870280244,
                        45.49726293967
                    ],
                    [
                        -73.57872688022,
                        45.49723862920
                    ],
                    [
                        -73.57876447106,
                        45.49720067504
                    ],
                    [
                        -73.57862144525,
                        45.49713102083
                    ]
                ]
            }
        },
        {
            "type": "Feature",
            "properties": {
                "door": "hinged",
                "entrance": "yes"
            },
            "geometry": {
                "type": "Point",
                "coordinates": [
                    -73.57877584602,
                    45.49725427305
                ]
            }
        },
        {
            "type": "Feature",
            "properties": {
                "door": "hinged",
                "entrance": "yes"
            },
            "geometry": {
                "type": "Point",
                "coordinates": [
                    -73.57900500510,
                    45.49748546207
                ]
            }
        },
        {
            "type": "Feature",
            "properties": {
                "ref": "H-133.1",
                "level": "1"
            },
            "geometry": {
                "type": "Point",
                "coordinates": [
                    -73.57910330085,
                    45.49747396950
                ]
            }
        },
        {
            "type": "Feature",
            "properties": {
                "highway": "footway",
                "level": "8"
            },
            "geometry": {
                "type": "LineString",
                "coordinates": [
                    [
                        -73.57884086547,
                        45.49695248173
                    ],
                    [
                        -73.57884790874,
                        45.49694526661
                    ],
                    [
                        -73.57888322178,
                        45.49690909191
                    ],
                    [
                        -73.57884219888,
                        45.49688941632
                    ]
                ]
            }
        },
        {
            "type": "Feature",
            "properties": {
                "highway": "footway",
                "level": "8"
            },
            "geometry": {
                "type": "LineString",
                "coordinates": [
                    [
                        -73.57882496275,
                        45.49723459616
                    ],
                    [
                        -73.57884410537,
                        45.49724367112
                    ]
                ]
            }
        },
        {
            "type": "Feature",
            "properties": {
                "door": "hinged",
                "entrance": "yes"
            },
            "geometry": {
                "type": "Point",
                "coordinates": [
                    -73.57925321055,
                    45.49729893199
                ]
            }
        },
        {
            "type": "Feature",
            "properties": {
                "door": "hinged",
                "entrance": "yes"
            },
            "geometry": {
                "type": "Point",
                "coordinates": [
                    -73.57878759629,
                    45.49739405026
                ]
            }
        },
        {
            "type": "Feature",
            "properties": {
                "level": "8",
                "ref": "H-832.05"
            },
            "geometry": {
                "type": "Point",
                "coordinates": [
                    -73.57910432954,
                    45.49727688856
                ]
            }
        },
        {
            "type": "Feature",
            "properties": {
                "ref": "H-914",
                "level": "9",
                "indoor": "room"
            },
            "geometry": {
                "type": "LineString",
                "coordinates": [
                    [
                        -73.57873995692,
                        45.49723303874
                    ],
                    [
                        -73.57877634661,
                        45.49725079432
                    ],
                    [
                        -73.57880496025,
                        45.49722122312
                    ],
                    [
                        -73.57877687638,
                        45.49720787170
                    ],
                    [
                        -73.57876814671,
                        45.49720372151
                    ]
                ]
            }
        },
        {
            "type": "Feature",
            "properties": {
                "indoor": "room",
                "level": "1"
            },
            "geometry": {
                "type": "Polygon",
                "coordinates": [
                    [
                        [
                            -73.57907867754,
                            45.49714523292
                        ],
                        [
                            -73.57908423847,
                            45.49714788776
                        ],
                        [
                            -73.57908347589,
                            45.49714867257
                        ],
                        [
                            -73.57908271330,
                            45.49714945739
                        ],
                        [
                            -73.57911713724,
                            45.49716569398
                        ],
                        [
                            -73.57915156119,
                            45.49718193056
                        ],
                        [
                            -73.57915618604,
                            45.49717749347
                        ],
                        [
                            -73.57916081089,
                            45.49717305639
                        ],
                        [
                            -73.57918112139,
                            45.49718255048
                        ],
                        [
                            -73.57920143189,
                            45.49719204457
                        ],
                        [
                            -73.57922169977,
                            45.49717147800
                        ],
                        [
                            -73.57924196765,
                            45.49715091142
                        ],
                        [
                            -73.57924086672,
                            45.49715038583
                        ],
                        [
                            -73.57923976580,
                            45.49714986024
                        ],
                        [
                            -73.57924700954,
                            45.49714209634
                        ],
                        [
                            -73.57925425329,
                            45.49713433243
                        ],
                        [
                            -73.57924085932,
                            45.49712773058
                        ],
                        [
                            -73.57922746527,
                            45.49712112882
                        ],
                        [
                            -73.57922164634,
                            45.49712711735
                        ],
                        [
                            -73.57921582740,
                            45.49713310588
                        ],
                        [
                            -73.57921063721,
                            45.49713062803
                        ],
                        [
                            -73.57920544701,
                            45.49712815019
                        ],
                        [
                            -73.57920443698,
                            45.49712918965
                        ],
                        [
                            -73.57920342695,
                            45.49713022912
                        ],
                        [
                            -73.57916351147,
                            45.49711117310
                        ],
                        [
                            -73.57912359599,
                            45.49709211708
                        ],
                        [
                            -73.57912276507,
                            45.49709222756
                        ],
                        [
                            -73.57912193415,
                            45.49709233805
                        ],
                        [
                            -73.57909752555,
                            45.49711745809
                        ],
                        [
                            -73.57907311695,
                            45.49714257811
                        ],
                        [
                            -73.57907867754,
                            45.49714523292
                        ]
                    ]
                ]
            }
        },
        {
            "type": "Feature",
            "properties": {
                "door": "hinged",
                "entrance": "yes"
            },
            "geometry": {
                "type": "Point",
                "coordinates": [
                    -73.57896276189,
                    45.49704842680
                ]
            }
        },
        {
            "type": "Feature",
            "properties": {
                "level": "9",
                "indoor": "room"
            },
            "geometry": {
                "type": "Polygon",
                "coordinates": [
                    [
                        [
                            -73.57903858913,
                            45.49711935420
                        ],
                        [
                            -73.57902917699,
                            45.49712976799
                        ],
                        [
                            -73.57903578373,
                            45.49713998190
                        ],
                        [
                            -73.57905532474,
                            45.49717019197
                        ],
                        [
                            -73.57908374416,
                            45.49714082145
                        ],
                        [
                            -73.57905033852,
                            45.49712494000
                        ],
                        [
                            -73.57903858913,
                            45.49711935420
                        ]
                    ]
                ]
            }
        },
        {
            "type": "Feature",
            "properties": {
                "level": "8",
                "ref": "H-806.02"
            },
            "geometry": {
                "type": "Point",
                "coordinates": [
                    -73.57875893850,
                    45.49721134887
                ]
            }
        },
        {
            "type": "Feature",
            "properties": {
                "female": "no",
                "male": "yes",
                "ref": "H-bath-M-9",
                "level": "9",
                "indoor": "room",
                "amenity": "toilets"
            },
            "geometry": {
                "type": "Polygon",
                "coordinates": [
                    [
                        [
                            -73.57880002549,
                            45.49707232958
                        ],
                        [
                            -73.57875604849,
                            45.49711777840
                        ],
                        [
                            -73.57874851256,
                            45.49712556653
                        ],
                        [
                            -73.57885057066,
                            45.49717408627
                        ],
                        [
                            -73.57890208359,
                            45.49712084937
                        ],
                        [
                            -73.57880002549,
                            45.49707232958
                        ]
                    ]
                ]
            }
        },
        {
            "type": "Feature",
            "properties": {
                "level": "9",
                "indoor": "room"
            },
            "geometry": {
                "type": "Polygon",
                "coordinates": [
                    [
                        [
                            -73.57894766654,
                            45.49707612839
                        ],
                        [
                            -73.57892062167,
                            45.49710456334
                        ],
                        [
                            -73.57896556039,
                            45.49710592927
                        ],
                        [
                            -73.57898109045,
                            45.49710640132
                        ],
                        [
                            -73.57899117965,
                            45.49709681515
                        ],
                        [
                            -73.57897967275,
                            45.49709134460
                        ],
                        [
                            -73.57894766654,
                            45.49707612839
                        ]
                    ]
                ]
            }
        },
        {
            "type": "Feature",
            "properties": {
                "door": "hinged",
                "entrance": "yes"
            },
            "geometry": {
                "type": "Point",
                "coordinates": [
                    -73.57915811279,
                    45.49714031800
                ]
            }
        },
        {
            "type": "Feature",
            "properties": {
                "door": "hinged",
                "entrance": "yes"
            },
            "geometry": {
                "type": "Point",
                "coordinates": [
                    -73.57899488954,
                    45.49701551528
                ]
            }
        },
        {
            "type": "Feature",
            "properties": {
                "ref": "H-855",
                "level": "8",
                "indoor": "room"
            },
            "geometry": {
                "type": "Polygon",
                "coordinates": [
                    [
                        [
                            -73.57875624448,
                            45.49748276584
                        ],
                        [
                            -73.57868150561,
                            45.49755959659
                        ],
                        [
                            -73.57875375897,
                            45.49759412932
                        ],
                        [
                            -73.57882849784,
                            45.49751729862
                        ],
                        [
                            -73.57876523706,
                            45.49748706376
                        ],
                        [
                            -73.57875624448,
                            45.49748276584
                        ]
                    ]
                ]
            }
        },
        {
            "type": "Feature",
            "properties": {
                "level": "9",
                "indoor": "room",
                "ref": "H-961.33"
            },
            "geometry": {
                "type": "Polygon",
                "coordinates": [
                    [
                        [
                            -73.57916313183,
                            45.49750404344
                        ],
                        [
                            -73.57915776590,
                            45.49750958892
                        ],
                        [
                            -73.57914589867,
                            45.49750394713
                        ],
                        [
                            -73.57913222503,
                            45.49751807830
                        ],
                        [
                            -73.57912872771,
                            45.49752169264
                        ],
                        [
                            -73.57917540549,
                            45.49754388371
                        ],
                        [
                            -73.57919794240,
                            45.49752059271
                        ],
                        [
                            -73.57916313183,
                            45.49750404344
                        ]
                    ]
                ]
            }
        },
        {
            "type": "Feature",
            "properties": {
                "door": "hinged",
                "entrance": "yes"
            },
            "geometry": {
                "type": "Point",
                "coordinates": [
                    -73.57908346665,
                    45.49711142087
                ]
            }
        },
        {
            "type": "Feature",
            "properties": {
                "level": "9",
                "indoor": "room",
                "ref": "H-917"
            },
            "geometry": {
                "type": "Polygon",
                "coordinates": [
                    [
                        [
                            -73.57881508790,
                            45.49682040012
                        ],
                        [
                            -73.57874050149,
                            45.49689748310
                        ],
                        [
                            -73.57883952186,
                            45.49694455886
                        ],
                        [
                            -73.57885047109,
                            45.49694976429
                        ],
                        [
                            -73.57892505751,
                            45.49687268137
                        ],
                        [
                            -73.57881508790,
                            45.49682040012
                        ]
                    ]
                ]
            }
        },
        {
            "type": "Feature",
            "properties": {
                "ref": "H-822",
                "level": "8",
                "indoor": "room"
            },
            "geometry": {
                "type": "Polygon",
                "coordinates": [
                    [
                        [
                            -73.57910913294,
                            45.49711690841
                        ],
                        [
                            -73.57908722010,
                            45.49713944529
                        ],
                        [
                            -73.57904367240,
                            45.49718376942
                        ],
                        [
                            -73.57914215773,
                            45.49723133367
                        ],
                        [
                            -73.57917070950,
                            45.49720198260
                        ],
                        [
                            -73.57920765928,
                            45.49716399840
                        ],
                        [
                            -73.57915811279,
                            45.49714031800
                        ],
                        [
                            -73.57910913294,
                            45.49711690841
                        ]
                    ]
                ]
            }
        },
        {
            "type": "Feature",
            "properties": {
                "door": "hinged",
                "entrance": "yes"
            },
            "geometry": {
                "type": "Point",
                "coordinates": [
                    -73.57916952692,
                    45.49727771667
                ]
            }
        },
        {
            "type": "Feature",
            "properties": {
                "ref": "H-933",
                "level": "9",
                "indoor": "room"
            },
            "geometry": {
                "type": "Polygon",
                "coordinates": [
                    [
                        [
                            -73.57935645610,
                            45.49723565705
                        ],
                        [
                            -73.57933321168,
                            45.49723874152
                        ],
                        [
                            -73.57929240676,
                            45.49728091198
                        ],
                        [
                            -73.57928623739,
                            45.49728728779
                        ],
                        [
                            -73.57930028615,
                            45.49729396674
                        ],
                        [
                            -73.57929939623,
                            45.49729845092
                        ],
                        [
                            -73.57935158848,
                            45.49730566298
                        ],
                        [
                            -73.57934060680,
                            45.49733256722
                        ],
                        [
                            -73.57936750589,
                            45.49734535535
                        ],
                        [
                            -73.57943672641,
                            45.49727381843
                        ],
                        [
                            -73.57935645610,
                            45.49723565705
                        ]
                    ]
                ]
            }
        },
        {
            "type": "Feature",
            "properties": {
                "level": "8",
                "indoor": "room",
                "ref": "H-881"
            },
            "geometry": {
                "type": "Polygon",
                "coordinates": [
                    [
                        [
                            -73.57902877369,
                            45.49741883159
                        ],
                        [
                            -73.57899611885,
                            45.49745240047
                        ],
                        [
                            -73.57902413912,
                            45.49746579249
                        ],
                        [
                            -73.57903228300,
                            45.49745742066
                        ],
                        [
                            -73.57905679397,
                            45.49743222362
                        ],
                        [
                            -73.57902877369,
                            45.49741883159
                        ]
                    ]
                ]
            }
        },
        {
            "type": "Feature",
            "properties": {
                "door": "hinged",
                "entrance": "yes"
            },
            "geometry": {
                "type": "Point",
                "coordinates": [
                    -73.57903236108,
                    45.49700639368
                ]
            }
        },
        {
            "type": "Feature",
            "properties": {
                "highway": "footway",
                "level": "8"
            },
            "geometry": {
                "type": "LineString",
                "coordinates": [
                    [
                        -73.57875270325,
                        45.49710175306
                    ],
                    [
                        -73.57876764174,
                        45.49710891790
                    ],
                    [
                        -73.57878230434,
                        45.49711595042
                    ],
                    [
                        -73.57882832249,
                        45.49713802177
                    ],
                    [
                        -73.57883942705,
                        45.49712664629
                    ]
                ]
            }
        },
        {
            "type": "Feature",
            "properties": {
                "ref": "H-199",
                "level": "1"
            },
            "geometry": {
                "type": "Point",
                "coordinates": [
                    -73.57897440963,
                    45.49747526445
                ]
            }
        },
        {
            "type": "Feature",
            "properties": {
                "door": "hinged",
                "entrance": "yes"
            },
            "geometry": {
                "type": "Point",
                "coordinates": [
                    -73.57870234449,
                    45.49752949472
                ]
            }
        },
        {
            "type": "Feature",
            "properties": {
                "ref": "H-128",
                "level": "1"
            },
            "geometry": {
                "type": "Point",
                "coordinates": [
                    -73.57889659751,
                    45.49732878879
                ]
            }
        },
        {
            "type": "Feature",
            "properties": {
                "level": "9",
                "indoor": "room"
            },
            "geometry": {
                "type": "Polygon",
                "coordinates": [
                    [
                        [
                            -73.57872027679,
                            45.49744005227
                        ],
                        [
                            -73.57869827648,
                            45.49746278874
                        ],
                        [
                            -73.57871172598,
                            45.49746918277
                        ],
                        [
                            -73.57873372629,
                            45.49744644630
                        ],
                        [
                            -73.57872027679,
                            45.49744005227
                        ]
                    ]
                ]
            }
        },
        {
            "type": "Feature",
            "properties": {
                "level": "8",
                "ref": "H-806.03"
            },
            "geometry": {
                "type": "Point",
                "coordinates": [
                    -73.57878701031,
                    45.49722327285
                ]
            }
        },
        {
            "type": "Feature",
            "properties": {
                "highway": "footway",
                "level": "9"
            },
            "geometry": {
                "type": "LineString",
                "coordinates": [
                    [
                        -73.57934926546,
                        45.49723026546
                    ],
                    [
                        -73.57935632554,
                        45.49722931669
                    ],
                    [
                        -73.57943716514,
                        45.49721845304
                    ],
                    [
                        -73.57944176195,
                        45.49717401279
                    ]
                ]
            }
        },
        {
            "type": "Feature",
            "properties": {
                "highway": "footway",
                "level": "8"
            },
            "geometry": {
                "type": "LineString",
                "coordinates": [
                    [
                        -73.57878194824,
                        45.49746994498
                    ],
                    [
                        -73.57876523706,
                        45.49748706376
                    ],
                    [
                        -73.57872949686,
                        45.49752367566
                    ],
                    [
                        -73.57875896190,
                        45.49753780765
                    ]
                ]
            }
        },
        {
            "type": "Feature",
            "properties": {
                "ref": "H-175",
                "level": "1"
            },
            "geometry": {
                "type": "Point",
                "coordinates": [
                    -73.57884088649,
                    45.49752989744
                ]
            }
        },
        {
            "type": "Feature",
            "properties": {
                "highway": "footway",
                "level": "9"
            },
            "geometry": {
                "type": "LineString",
                "coordinates": [
                    [
                        -73.57923994804,
                        45.49715875598
                    ],
                    [
                        -73.57924447214,
                        45.49715408047
                    ],
                    [
                        -73.57928650124,
                        45.49711064477
                    ],
                    [
                        -73.57931889822,
                        45.49712604672
                    ]
                ]
            }
        },
        {
            "type": "Feature",
            "properties": {
                "indoor": "room",
                "ref": "H-198",
                "level": "1"
            },
            "geometry": {
                "type": "Polygon",
                "coordinates": [
                    [
                        [
                            -73.57858333694,
                            45.49742154489
                        ],
                        [
                            -73.57862522951,
                            45.49744154468
                        ],
                        [
                            -73.57863785469,
                            45.49742855160
                        ],
                        [
                            -73.57865047978,
                            45.49741555860
                        ],
                        [
                            -73.57861822612,
                            45.49740016049
                        ],
                        [
                            -73.57858597234,
                            45.49738476231
                        ],
                        [
                            -73.57859455757,
                            45.49737592688
                        ],
                        [
                            -73.57860314264,
                            45.49736709163
                        ],
                        [
                            -73.57859350359,
                            45.49736248988
                        ],
                        [
                            -73.57858929938,
                            45.49736048276
                        ],
                        [
                            -73.57858386454,
                            45.49735788813
                        ],
                        [
                            -73.57856265421,
                            45.49737971657
                        ],
                        [
                            -73.57854144398,
                            45.49740154490
                        ],
                        [
                            -73.57858333694,
                            45.49742154489
                        ]
                    ]
                ]
            }
        },
        {
            "type": "Feature",
            "properties": {
                "highway": "footway",
                "level": "9"
            },
            "geometry": {
                "type": "LineString",
                "coordinates": [
                    [
                        -73.57879016901,
                        45.49704792285
                    ],
                    [
                        -73.57881326366,
                        45.49705890236
                    ]
                ]
            }
        },
        {
            "type": "Feature",
            "properties": {
                "level": "8",
                "indoor": "room",
                "ref": "H-831"
            },
            "geometry": {
                "type": "Polygon",
                "coordinates": [
                    [
                        [
                            -73.57943332505,
                            45.49711377520
                        ],
                        [
                            -73.57937454177,
                            45.49717420418
                        ],
                        [
                            -73.57936658952,
                            45.49718237906
                        ],
                        [
                            -73.57935914617,
                            45.49719003079
                        ],
                        [
                            -73.57947122096,
                            45.49724359609
                        ],
                        [
                            -73.57954539984,
                            45.49716734058
                        ],
                        [
                            -73.57943332505,
                            45.49711377520
                        ]
                    ]
                ]
            }
        },
        {
            "type": "Feature",
            "properties": {
                "door": "hinged",
                "entrance": "yes"
            },
            "geometry": {
                "type": "Point",
                "coordinates": [
                    -73.57905670333,
                    45.49718876032
                ]
            }
        },
        {
            "type": "Feature",
            "properties": {
                "ref": "H-280",
                "level": "2"
            },
            "geometry": {
                "type": "Point",
                "coordinates": [
                    -73.57881924096,
                    45.49748170093
                ]
            }
        },
        {
            "type": "Feature",
            "properties": {
                "door": "hinged",
                "entrance": "yes"
            },
            "geometry": {
                "type": "Point",
                "coordinates": [
                    -73.57891540317,
                    45.49744586722
                ]
            }
        },
        {
            "type": "Feature",
            "properties": {
                "highway": "footway",
                "level": "9"
            },
            "geometry": {
                "type": "LineString",
                "coordinates": [
                    [
                        -73.57845109193,
                        45.49733742692
                    ],
                    [
                        -73.57845797386,
                        45.49734069867
                    ],
                    [
                        -73.57849240074,
                        45.49735706560
                    ],
                    [
                        -73.57849809780,
                        45.49735117790
                    ]
                ]
            }
        },
        {
            "type": "Feature",
            "properties": {
                "level": "9",
                "ref": "H-961.33"
            },
            "geometry": {
                "type": "Point",
                "coordinates": [
                    -73.57917345229,
                    45.49752575755
                ]
            }
        },
        {
            "type": "Feature",
            "properties": {
                "door": "hinged",
                "entrance": "yes"
            },
            "geometry": {
                "type": "Point",
                "coordinates": [
                    -73.57865780211,
                    45.49715614915
                ]
            }
        },
        {
            "type": "Feature",
            "properties": {
                "highway": "footway",
                "level": "8"
            },
            "geometry": {
                "type": "LineString",
                "coordinates": [
                    [
                        -73.57881575664,
                        45.49718257316
                    ],
                    [
                        -73.57879089553,
                        45.49720804077
                    ],
                    [
                        -73.57877952896,
                        45.49721968463
                    ],
                    [
                        -73.57878701031,
                        45.49722327285
                    ]
                ]
            }
        },
        {
            "type": "Feature",
            "properties": {
                "ref": "H-bath-W-1",
                "indoor": "room",
                "amenity": "toilets",
                "female": "yes",
                "male": "no",
                "level": "1"
            },
            "geometry": {
                "type": "Polygon",
                "coordinates": [
                    [
                        [
                            -73.57887474582,
                            45.49723865523
                        ],
                        [
                            -73.57892177349,
                            45.49726091076
                        ],
                        [
                            -73.57894708980,
                            45.49723514633
                        ],
                        [
                            -73.57897240610,
                            45.49720938190
                        ],
                        [
                            -73.57897388213,
                            45.49721008656
                        ],
                        [
                            -73.57897535815,
                            45.49721079123
                        ],
                        [
                            -73.57897569488,
                            45.49721044468
                        ],
                        [
                            -73.57897603162,
                            45.49721009813
                        ],
                        [
                            -73.57897903087,
                            45.49720406688
                        ],
                        [
                            -73.57898203012,
                            45.49719803564
                        ],
                        [
                            -73.57897580083,
                            45.49719866224
                        ],
                        [
                            -73.57896957155,
                            45.49719928885
                        ],
                        [
                            -73.57895022314,
                            45.49719525620
                        ],
                        [
                            -73.57893087448,
                            45.49719122344
                        ],
                        [
                            -73.57893008514,
                            45.49719134351
                        ],
                        [
                            -73.57892929580,
                            45.49719146358
                        ],
                        [
                            -73.57892302858,
                            45.49720545756
                        ],
                        [
                            -73.57891676136,
                            45.49721945154
                        ],
                        [
                            -73.57891572121,
                            45.49721925534
                        ],
                        [
                            -73.57891468106,
                            45.49721905915
                        ],
                        [
                            -73.57887851564,
                            45.49721103796
                        ],
                        [
                            -73.57884235023,
                            45.49720301677
                        ],
                        [
                            -73.57884157316,
                            45.49720297869
                        ],
                        [
                            -73.57884079609,
                            45.49720294060
                        ],
                        [
                            -73.57883425703,
                            45.49720967024
                        ],
                        [
                            -73.57882771797,
                            45.49721639988
                        ],
                        [
                            -73.57883903882,
                            45.49722175733
                        ],
                        [
                            -73.57887474582,
                            45.49723865523
                        ]
                    ]
                ]
            }
        },
        {
            "type": "Feature",
            "properties": {
                "highway": "footway",
                "level": "9"
            },
            "geometry": {
                "type": "LineString",
                "coordinates": [
                    [
                        -73.57898615562,
                        45.49765618595
                    ],
                    [
                        -73.57898090632,
                        45.49766678342
                    ],
                    [
                        -73.57897083740,
                        45.49768711092
                    ],
                    [
                        -73.57899672281,
                        45.49769941707
                    ]
                ]
            }
        },
        {
            "type": "Feature",
            "properties": {
                "level": "8",
                "ref": "H-840"
            },
            "geometry": {
                "type": "Point",
                "coordinates": [
                    -73.57892560976,
                    45.49732610292
                ]
            }
        },
        {
            "type": "Feature",
            "properties": {
                "level": "9",
                "ref": "H-961.11"
            },
            "geometry": {
                "type": "Point",
                "coordinates": [
                    -73.57884062608,
                    45.49762209935
                ]
            }
        },
        {
            "type": "Feature",
            "properties": {
                "highway": "footway",
                "level": "1"
            },
            "geometry": {
                "type": "LineString",
                "coordinates": [
                    [
                        -73.57915553012,
                        45.49748554753
                    ],
                    [
                        -73.57911954180,
                        45.49746811829
                    ],
                    [
                        -73.57911721905,
                        45.49746693043
                    ],
                    [
                        -73.57910786217,
                        45.49746214530
                    ],
                    [
                        -73.57911580235,
                        45.49745384365
                    ]
                ]
            }
        },
        {
            "type": "Feature",
            "properties": {
                "indoor": "room",
                "ref": "H-122",
                "level": "1"
            },
            "geometry": {
                "type": "Polygon",
                "coordinates": [
                    [
                        [
                            -73.57903283811,
                            45.49732648742
                        ],
                        [
                            -73.57906882120,
                            45.49734366601
                        ],
                        [
                            -73.57907505261,
                            45.49733694050
                        ],
                        [
                            -73.57908128402,
                            45.49733021498
                        ],
                        [
                            -73.57907221073,
                            45.49732583152
                        ],
                        [
                            -73.57904656678,
                            45.49731344248
                        ],
                        [
                            -73.57901184955,
                            45.49729666997
                        ],
                        [
                            -73.57901068077,
                            45.49729647647
                        ],
                        [
                            -73.57900951199,
                            45.49729628297
                        ],
                        [
                            -73.57900318359,
                            45.49730279580
                        ],
                        [
                            -73.57900232534,
                            45.49730367907
                        ],
                        [
                            -73.57899685519,
                            45.49730930864
                        ],
                        [
                            -73.57903283811,
                            45.49732648742
                        ]
                    ]
                ]
            }
        },
        {
            "type": "Feature",
            "properties": {
                "door": "hinged",
                "entrance": "yes"
            },
            "geometry": {
                "type": "Point",
                "coordinates": [
                    -73.57888642870,
                    45.49701076051
                ]
            }
        },
        {
            "type": "Feature",
            "properties": {
                "door": "hinged",
                "entrance": "yes"
            },
            "geometry": {
                "type": "Point",
                "coordinates": [
                    -73.57871468617,
                    45.49751674009
                ]
            }
        },
        {
            "type": "Feature",
            "properties": {
                "highway": "footway",
                "level": "8"
            },
            "geometry": {
                "type": "LineString",
                "coordinates": [
                    [
                        -73.57854435844,
                        45.49722005160
                    ],
                    [
                        -73.57854730889,
                        45.49721702918
                    ],
                    [
                        -73.57856596415,
                        45.49719791881
                    ],
                    [
                        -73.57855877425,
                        45.49719447038
                    ]
                ]
            }
        },
        {
            "type": "Feature",
            "properties": {
                "door": "hinged",
                "entrance": "yes"
            },
            "geometry": {
                "type": "Point",
                "coordinates": [
                    -73.57887114657,
                    45.49736842814
                ]
            }
        },
        {
            "type": "Feature",
            "properties": {
                "ref": "H-815",
                "level": "8",
                "indoor": "room"
            },
            "geometry": {
                "type": "Polygon",
                "coordinates": [
                    [
                        [
                            -73.57875225392,
                            45.49689954887
                        ],
                        [
                            -73.57883436002,
                            45.49693879107
                        ],
                        [
                            -73.57881952414,
                            45.49695404235
                        ],
                        [
                            -73.57883299658,
                            45.49696048143
                        ],
                        [
                            -73.57884333445,
                            45.49696542236
                        ],
                        [
                            -73.57880526523,
                            45.49700455747
                        ],
                        [
                            -73.57869934883,
                            45.49695393531
                        ],
                        [
                            -73.57875225392,
                            45.49689954887
                        ]
                    ]
                ]
            }
        },
        {
            "type": "Feature",
            "properties": {
                "door": "hinged",
                "entrance": "yes"
            },
            "geometry": {
                "type": "Point",
                "coordinates": [
                    -73.57913914547,
                    45.49727872728
                ]
            }
        },
        {
            "type": "Feature",
            "properties": {
                "door": "hinged",
                "entrance": "yes"
            },
            "geometry": {
                "type": "Point",
                "coordinates": [
                    -73.57891271124,
                    45.49736428087
                ]
            }
        },
        {
            "type": "Feature",
            "properties": {
                "ref": "H-823",
                "level": "8",
                "indoor": "room"
            },
            "geometry": {
                "type": "Polygon",
                "coordinates": [
                    [
                        [
                            -73.57907370226,
                            45.49694189561
                        ],
                        [
                            -73.57899980322,
                            45.49701786375
                        ],
                        [
                            -73.57903611794,
                            45.49703522015
                        ],
                        [
                            -73.57907575057,
                            45.49705416233
                        ],
                        [
                            -73.57914964960,
                            45.49697819424
                        ],
                        [
                            -73.57907370226,
                            45.49694189561
                        ]
                    ]
                ]
            }
        },
        {
            "type": "Feature",
            "properties": {
                "door": "hinged",
                "entrance": "yes"
            },
            "geometry": {
                "type": "Point",
                "coordinates": [
                    -73.57867594517,
                    45.49749832224
                ]
            }
        },
        {
            "type": "Feature",
            "properties": {
                "highway": "footway",
                "level": "9"
            },
            "geometry": {
                "type": "LineString",
                "coordinates": [
                    [
                        -73.57860314868,
                        45.49741473535
                    ],
                    [
                        -73.57862215572,
                        45.49739532186
                    ]
                ]
            }
        },
        {
            "type": "Feature",
            "properties": {
                "level": "9",
                "indoor": "room",
                "ref": "H-906"
            },
            "geometry": {
                "type": "Polygon",
                "coordinates": [
                    [
                        [
                            -73.57869815522,
                            45.49717044665
                        ],
                        [
                            -73.57866274009,
                            45.49720704699
                        ],
                        [
                            -73.57868489224,
                            45.49721757840
                        ],
                        [
                            -73.57872030737,
                            45.49718097806
                        ],
                        [
                            -73.57871093636,
                            45.49717652296
                        ],
                        [
                            -73.57869815522,
                            45.49717044665
                        ]
                    ]
                ]
            }
        },
        {
            "type": "Feature",
            "properties": {
                "door": "hinged",
                "entrance": "yes"
            },
            "geometry": {
                "type": "Point",
                "coordinates": [
                    -73.57879242864,
                    45.49739635984
                ]
            }
        },
        {
            "type": "Feature",
            "properties": {
                "level": "2;8;9",
                "highway": "steps"
            },
            "geometry": {
                "type": "LineString",
                "coordinates": [
                    [
                        -73.57886720462,
                        45.49708454663
                    ],
                    [
                        -73.57887998802,
                        45.49708521679
                    ],
                    [
                        -73.57900400224,
                        45.49699321401
                    ]
                ]
            }
        },
        {
            "type": "Feature",
            "properties": {
                "ref": "H-854",
                "level": "8"
            },
            "geometry": {
                "type": "Point",
                "coordinates": [
                    -73.57885610442,
                    45.49743171765
                ]
            }
        },
        {
            "type": "Feature",
            "properties": {
                "level": "8",
                "indoor": "room",
                "ref": "H-829"
            },
            "geometry": {
                "type": "Polygon",
                "coordinates": [
                    [
                        [
                            -73.57937454177,
                            45.49717420418
                        ],
                        [
                            -73.57935442618,
                            45.49716459008
                        ],
                        [
                            -73.57934649309,
                            45.49717274526
                        ],
                        [
                            -73.57933987018,
                            45.49717955359
                        ],
                        [
                            -73.57928922562,
                            45.49715619133
                        ],
                        [
                            -73.57936312465,
                            45.49708022338
                        ],
                        [
                            -73.57943332505,
                            45.49711377520
                        ],
                        [
                            -73.57937454177,
                            45.49717420418
                        ]
                    ]
                ]
            }
        },
        {
            "type": "Feature",
            "properties": {
                "ref": "H-845",
                "level": "8"
            },
            "geometry": {
                "type": "Point",
                "coordinates": [
                    -73.57910801335,
                    45.49753486682
                ]
            }
        },
        {
            "type": "Feature",
            "properties": {
                "door": "hinged",
                "entrance": "yes"
            },
            "geometry": {
                "type": "Point",
                "coordinates": [
                    -73.57887079186,
                    45.49695620348
                ]
            }
        },
        {
            "type": "Feature",
            "properties": {
                "highway": "footway",
                "level": "9"
            },
            "geometry": {
                "type": "LineString",
                "coordinates": [
                    [
                        -73.57895577948,
                        45.49764174487
                    ],
                    [
                        -73.57894710208,
                        45.49765071259
                    ],
                    [
                        -73.57892970835,
                        45.49766868827
                    ],
                    [
                        -73.57894368621,
                        45.49767533346
                    ]
                ]
            }
        },
        {
            "type": "Feature",
            "properties": {
                "level": "3",
                "height": "3.6576",
                "wall": "yes",
                "name": "Level 4",
                "indoor": "level"
            },
            "geometry": {
                "type": "LineString",
                "coordinates": [
                    [
                        -73.57882258716,
                        45.49682539305
                    ],
                    [
                        -73.57862298716,
                        45.49703659306
                    ],
                    [
                        -73.57840758716,
                        45.49725459306
                    ],
                    [
                        -73.57829238716,
                        45.49737059306
                    ],
                    [
                        -73.57839758716,
                        45.49742189306
                    ],
                    [
                        -73.57857708716,
                        45.49750959306
                    ],
                    [
                        -73.57900598716,
                        45.49771569306
                    ],
                    [
                        -73.57901058716,
                        45.49771229306
                    ],
                    [
                        -73.57926748716,
                        45.49744679306
                    ],
                    [
                        -73.57953628716,
                        45.49717319306
                    ],
                    [
                        -73.57954158716,
                        45.49716639306
                    ],
                    [
                        -73.57945758716,
                        45.49712729306
                    ],
                    [
                        -73.57882258716,
                        45.49682539305
                    ]
                ]
            }
        },
        {
            "type": "Feature",
            "properties": {
                "door": "hinged",
                "entrance": "yes"
            },
            "geometry": {
                "type": "Point",
                "coordinates": [
                    -73.57899132387,
                    45.49727702192
                ]
            }
        },
        {
            "type": "Feature",
            "properties": {
                "ref": "H-933",
                "level": "9"
            },
            "geometry": {
                "type": "Point",
                "coordinates": [
                    -73.57935641093,
                    45.49727949680
                ]
            }
        },
        {
            "type": "Feature",
            "properties": {
                "highway": "footway",
                "level": "2"
            },
            "geometry": {
                "type": "LineString",
                "coordinates": [
                    [
                        -73.57880368854,
                        45.49748065994
                    ],
                    [
                        -73.57880982803,
                        45.49747416938
                    ],
                    [
                        -73.57881074490,
                        45.49747320009
                    ],
                    [
                        -73.57882047601,
                        45.49746291252
                    ],
                    [
                        -73.57883266952,
                        45.49746857936
                    ]
                ]
            }
        },
        {
            "type": "Feature",
            "properties": {
                "level": "9",
                "ref": "H-964.1"
            },
            "geometry": {
                "type": "Point",
                "coordinates": [
                    -73.57870003867,
                    45.49740943420
                ]
            }
        },
        {
            "type": "Feature",
            "properties": {
                "ref": "H-821",
                "level": "8"
            },
            "geometry": {
                "type": "Point",
                "coordinates": [
                    -73.57900854564,
                    45.49696517293
                ]
            }
        },
        {
            "type": "Feature",
            "properties": {
                "door": "hinged",
                "entrance": "yes"
            },
            "geometry": {
                "type": "Point",
                "coordinates": [
                    -73.57865932504,
                    45.49740623576
                ]
            }
        },
        {
            "type": "Feature",
            "properties": {
                "highway": "footway",
                "level": "9"
            },
            "geometry": {
                "type": "LineString",
                "coordinates": [
                    [
                        -73.57874792391,
                        45.49754292842
                    ],
                    [
                        -73.57875480768,
                        45.49753581432
                    ],
                    [
                        -73.57877030821,
                        45.49751979514
                    ],
                    [
                        -73.57877470864,
                        45.49752188715
                    ]
                ]
            }
        },
        {
            "type": "Feature",
            "properties": {
                "highway": "footway",
                "level": "9"
            },
            "geometry": {
                "type": "LineString",
                "coordinates": [
                    [
                        -73.57870780235,
                        45.49752385424
                    ],
                    [
                        -73.57871468617,
                        45.49751674009
                    ],
                    [
                        -73.57873071334,
                        45.49750017664
                    ],
                    [
                        -73.57874676195,
                        45.49750780631
                    ]
                ]
            }
        },
        {
            "type": "Feature",
            "properties": {
                "level": "8",
                "ref": "H-849"
            },
            "geometry": {
                "type": "Point",
                "coordinates": [
                    -73.57899757811,
                    45.49765142280
                ]
            }
        },
        {
            "type": "Feature",
            "properties": {
                "highway": "footway",
                "level": "9"
            },
            "geometry": {
                "type": "LineString",
                "coordinates": [
                    [
                        -73.57901319215,
                        45.49734221101
                    ],
                    [
                        -73.57896252363,
                        45.49731837085
                    ]
                ]
            }
        },
        {
            "type": "Feature",
            "properties": {
                "level": "8",
                "ref": "H-853"
            },
            "geometry": {
                "type": "Point",
                "coordinates": [
                    -73.57882909951,
                    45.49757430262
                ]
            }
        },
        {
            "type": "Feature",
            "properties": {
                "ref": "H-945",
                "level": "9"
            },
            "geometry": {
                "type": "Point",
                "coordinates": [
                    -73.57908415659,
                    45.49750555726
                ]
            }
        },
        {
            "type": "Feature",
            "properties": {
                "door": "no"
            },
            "geometry": {
                "type": "Point",
                "coordinates": [
                    -73.57882316872,
                    45.49750283943
                ]
            }
        },
        {
            "type": "Feature",
            "properties": {
                "level": "9",
                "indoor": "room",
                "ref": "H-962"
            },
            "geometry": {
                "type": "Polygon",
                "coordinates": [
                    [
                        [
                            -73.57878775623,
                            45.49728914019
                        ],
                        [
                            -73.57877816618,
                            45.49729905117
                        ],
                        [
                            -73.57874267496,
                            45.49733573006
                        ],
                        [
                            -73.57885090714,
                            45.49738663623
                        ],
                        [
                            -73.57889547242,
                            45.49734076575
                        ],
                        [
                            -73.57887009784,
                            45.49732860438
                        ],
                        [
                            -73.57878775623,
                            45.49728914019
                        ]
                    ]
                ]
            }
        },
        {
            "type": "Feature",
            "properties": {
                "ref": "H-901",
                "level": "9"
            },
            "geometry": {
                "type": "Point",
                "coordinates": [
                    -73.57841905270,
                    45.49729597105
                ]
            }
        },
        {
            "type": "Feature",
            "properties": {
                "highway": "footway",
                "level": "1"
            },
            "geometry": {
                "type": "LineString",
                "coordinates": [
                    [
                        -73.57897678504,
                        45.49730399102
                    ],
                    [
                        -73.57897418311,
                        45.49730657863
                    ],
                    [
                        -73.57896252363,
                        45.49731837085
                    ],
                    [
                        -73.57895126282,
                        45.49732975986
                    ],
                    [
                        -73.57892465293,
                        45.49731659205
                    ],
                    [
                        -73.57891408482,
                        45.49731136246
                    ],
                    [
                        -73.57889659751,
                        45.49732878879
                    ]
                ]
            }
        },
        {
            "type": "Feature",
            "properties": {
                "door": "hinged",
                "entrance": "yes"
            },
            "geometry": {
                "type": "Point",
                "coordinates": [
                    -73.57875604849,
                    45.49711777840
                ]
            }
        },
        {
            "type": "Feature",
            "properties": {
                "door": "yes",
                "entrance": "staircase"
            },
            "geometry": {
                "type": "Point",
                "coordinates": [
                    -73.57881207086,
                    45.49706324490
                ]
            }
        },
        {
            "type": "Feature",
            "properties": {
                "ref": "H-860.06",
                "level": "8"
            },
            "geometry": {
                "type": "Point",
                "coordinates": [
                    -73.57883060154,
                    45.49738939972
                ]
            }
        },
        {
            "type": "Feature",
            "properties": {
                "highway": "footway",
                "level": "9"
            },
            "geometry": {
                "type": "LineString",
                "coordinates": [
                    [
                        -73.57869421039,
                        45.49736253527
                    ],
                    [
                        -73.57867650030,
                        45.49735393827
                    ],
                    [
                        -73.57863880999,
                        45.49733619729
                    ],
                    [
                        -73.57863483746,
                        45.49734030277
                    ]
                ]
            }
        },
        {
            "type": "Feature",
            "properties": {
                "highway": "footway",
                "level": "9"
            },
            "geometry": {
                "type": "LineString",
                "coordinates": [
                    [
                        -73.57869121724,
                        45.49715159571
                    ],
                    [
                        -73.57872124370,
                        45.49716587067
                    ],
                    [
                        -73.57877180890,
                        45.49718991001
                    ],
                    [
                        -73.57878718374,
                        45.49719721940
                    ],
                    [
                        -73.57883306637,
                        45.49721903257
                    ],
                    [
                        -73.57902823832,
                        45.49731181966
                    ],
                    [
                        -73.57910285264,
                        45.49723470840
                    ],
                    [
                        -73.57913071414,
                        45.49720591450
                    ],
                    [
                        -73.57917746697,
                        45.49715759702
                    ],
                    [
                        -73.57906875052,
                        45.49710591179
                    ],
                    [
                        -73.57908560457,
                        45.49708849367
                    ],
                    [
                        -73.57907754633,
                        45.49708466267
                    ],
                    [
                        -73.57901493884,
                        45.49705489822
                    ],
                    [
                        -73.57898750088,
                        45.49704185383
                    ],
                    [
                        -73.57897067571,
                        45.49703385492
                    ],
                    [
                        -73.57889466045,
                        45.49699771619
                    ],
                    [
                        -73.57885574685,
                        45.49697921611
                    ],
                    [
                        -73.57879016901,
                        45.49704792285
                    ],
                    [
                        -73.57878165494,
                        45.49705684315
                    ],
                    [
                        -73.57877339512,
                        45.49706549706
                    ],
                    [
                        -73.57873365565,
                        45.49710713255
                    ],
                    [
                        -73.57870835670,
                        45.49713363852
                    ],
                    [
                        -73.57869121724,
                        45.49715159571
                    ]
                ]
            }
        },
        {
            "type": "Feature",
            "properties": {
                "stairs": "yes",
                "level": "9",
                "indoor": "room",
                "ref": "H-stair-9-1"
            },
            "geometry": {
                "type": "Polygon",
                "coordinates": [
                    [
                        [
                            -73.57916360217,
                            45.49720631526
                        ],
                        [
                            -73.57915350551,
                            45.49721674980
                        ],
                        [
                            -73.57913677250,
                            45.49723404279
                        ],
                        [
                            -73.57921193156,
                            45.49726977432
                        ],
                        [
                            -73.57923876122,
                            45.49724204680
                        ],
                        [
                            -73.57916360217,
                            45.49720631526
                        ]
                    ]
                ]
            }
        },
        {
            "type": "Feature",
            "properties": {
                "level": "8",
                "ref": "H-805.02"
            },
            "geometry": {
                "type": "Point",
                "coordinates": [
                    -73.57855877425,
                    45.49719447038
                ]
            }
        },
        {
            "type": "Feature",
            "properties": {
                "level": "9",
                "ref": "H-966.1"
            },
            "geometry": {
                "type": "Point",
                "coordinates": [
                    -73.57896424298,
                    45.49735530345
                ]
            }
        },
        {
            "type": "Feature",
            "properties": {
                "indoor": "room",
                "ref": "H-199",
                "level": "1"
            },
            "geometry": {
                "type": "Polygon",
                "coordinates": [
                    [
                        [
                            -73.57902531422,
                            45.49739423958
                        ],
                        [
                            -73.57903833728,
                            45.49740066459
                        ],
                        [
                            -73.57896992055,
                            45.49747107503
                        ],
                        [
                            -73.57890150374,
                            45.49754148548
                        ],
                        [
                            -73.57889927932,
                            45.49754042352
                        ],
                        [
                            -73.57889705489,
                            45.49753936157
                        ],
                        [
                            -73.57889301495,
                            45.49754351923
                        ],
                        [
                            -73.57888897502,
                            45.49754767688
                        ],
                        [
                            -73.57889713112,
                            45.49755157065
                        ],
                        [
                            -73.57890528721,
                            45.49755546442
                        ],
                        [
                            -73.57898608823,
                            45.49747230891
                        ],
                        [
                            -73.57906688924,
                            45.49738915329
                        ],
                        [
                            -73.57904759280,
                            45.49737994103
                        ],
                        [
                            -73.57902829635,
                            45.49737072878
                        ],
                        [
                            -73.57902029368,
                            45.49737927157
                        ],
                        [
                            -73.57901229109,
                            45.49738781427
                        ],
                        [
                            -73.57902531422,
                            45.49739423958
                        ]
                    ]
                ]
            }
        },
        {
            "type": "Feature",
            "properties": {
                "amenity": "drinking_water",
                "level": "9",
                "indoor": "yes",
                "name": "Water Fountain",
                "ref": "H-water-9-03"
            },
            "geometry": {
                "type": "Point",
                "coordinates": [
                    -73.57860314868,
                    45.49741473535
                ]
            }
        },
        {
            "type": "Feature",
            "properties": {
                "ref": "H-961.29",
                "level": "9"
            },
            "geometry": {
                "type": "Point",
                "coordinates": [
                    -73.57912167919,
                    45.49757770074
                ]
            }
        },
        {
            "type": "Feature",
            "properties": {
                "ref": "H-937",
                "level": "9",
                "indoor": "room"
            },
            "geometry": {
                "type": "Polygon",
                "coordinates": [
                    [
                        [
                            -73.57927037319,
                            45.49729608176
                        ],
                        [
                            -73.57921611907,
                            45.49729111237
                        ],
                        [
                            -73.57916208155,
                            45.49729526717
                        ],
                        [
                            -73.57914193490,
                            45.49729681619
                        ],
                        [
                            -73.57907541534,
                            45.49736558885
                        ],
                        [
                            -73.57907673123,
                            45.49736889360
                        ],
                        [
                            -73.57909556590,
                            45.49741619517
                        ],
                        [
                            -73.57909619048,
                            45.49741776373
                        ],
                        [
                            -73.57909706825,
                            45.49741872715
                        ],
                        [
                            -73.57912421820,
                            45.49744852615
                        ],
                        [
                            -73.57919685727,
                            45.49741765614
                        ],
                        [
                            -73.57924858646,
                            45.49736369473
                        ],
                        [
                            -73.57927037319,
                            45.49729608176
                        ]
                    ]
                ]
            }
        },
        {
            "type": "Feature",
            "properties": {
                "highway": "footway",
                "level": "9"
            },
            "geometry": {
                "type": "LineString",
                "coordinates": [
                    [
                        -73.57908789444,
                        45.49755104309
                    ],
                    [
                        -73.57909641019,
                        45.49755509156
                    ],
                    [
                        -73.57912870172,
                        45.49757044325
                    ],
                    [
                        -73.57912167919,
                        45.49757770074
                    ]
                ]
            }
        },
        {
            "type": "Feature",
            "properties": {
                "door": "hinged",
                "entrance": "yes"
            },
            "geometry": {
                "type": "Point",
                "coordinates": [
                    -73.57897967275,
                    45.49709134460
                ]
            }
        },
        {
            "type": "Feature",
            "properties": {
                "door": "hinged",
                "entrance": "yes"
            },
            "geometry": {
                "type": "Point",
                "coordinates": [
                    -73.57873478026,
                    45.49718122088
                ]
            }
        },
        {
            "type": "Feature",
            "properties": {
                "ref": "H-966",
                "level": "9"
            },
            "geometry": {
                "type": "Point",
                "coordinates": [
                    -73.57890163181,
                    45.49739149814
                ]
            }
        },
        {
            "type": "Feature",
            "properties": {
                "level": "8",
                "indoor": "room"
            },
            "geometry": {
                "type": "Polygon",
                "coordinates": [
                    [
                        [
                            -73.57902877369,
                            45.49741883159
                        ],
                        [
                            -73.57898064103,
                            45.49739582702
                        ],
                        [
                            -73.57896114238,
                            45.49741587147
                        ],
                        [
                            -73.57898053634,
                            45.49742514063
                        ],
                        [
                            -73.57896736490,
                            45.49743866660
                        ],
                        [
                            -73.57899611885,
                            45.49745240047
                        ],
                        [
                            -73.57902877369,
                            45.49741883159
                        ]
                    ]
                ]
            }
        },
        {
            "type": "Feature",
            "properties": {
                "door": "hinged",
                "entrance": "yes"
            },
            "geometry": {
                "type": "Point",
                "coordinates": [
                    -73.57904757215,
                    45.49701346298
                ]
            }
        },
        {
            "type": "Feature",
            "properties": {
                "indoor": "room",
                "ref": "H-135",
                "level": "1"
            },
            "geometry": {
                "type": "Polygon",
                "coordinates": [
                    [
                        [
                            -73.57908685126,
                            45.49750824083
                        ],
                        [
                            -73.57911131955,
                            45.49751992214
                        ],
                        [
                            -73.57912242969,
                            45.49750848827
                        ],
                        [
                            -73.57913353982,
                            45.49749705439
                        ],
                        [
                            -73.57910907152,
                            45.49748537308
                        ],
                        [
                            -73.57908460323,
                            45.49747369176
                        ],
                        [
                            -73.57907349310,
                            45.49748512564
                        ],
                        [
                            -73.57906238296,
                            45.49749655952
                        ],
                        [
                            -73.57907420490,
                            45.49750220338
                        ],
                        [
                            -73.57908685126,
                            45.49750824083
                        ]
                    ]
                ]
            }
        },
        {
            "type": "Feature",
            "properties": {
                "ref": "H-929.25",
                "level": "9"
            },
            "geometry": {
                "type": "Point",
                "coordinates": [
                    -73.57944176195,
                    45.49717401279
                ]
            }
        },
        {
            "type": "Feature",
            "properties": {
                "highway": "footway",
                "level": "9"
            },
            "geometry": {
                "type": "LineString",
                "coordinates": [
                    [
                        -73.57901854701,
                        45.49762271080
                    ],
                    [
                        -73.57902706276,
                        45.49762675927
                    ],
                    [
                        -73.57905961317,
                        45.49764223402
                    ],
                    [
                        -73.57905188839,
                        45.49765021725
                    ]
                ]
            }
        },
        {
            "type": "Feature",
            "properties": {
                "highway": "footway",
                "level": "9"
            },
            "geometry": {
                "type": "LineString",
                "coordinates": [
                    [
                        -73.57885800350,
                        45.49750259257
                    ],
                    [
                        -73.57888157169,
                        45.49751379712
                    ]
                ]
            }
        },
        {
            "type": "Feature",
            "properties": {
                "level": "9",
                "indoor": "room",
                "ref": "H-961.12"
            },
            "geometry": {
                "type": "Polygon",
                "coordinates": [
                    [
                        [
                            -73.57887600277,
                            45.49754890088
                        ],
                        [
                            -73.57884702674,
                            45.49757884643
                        ],
                        [
                            -73.57885758958,
                            45.49758386810
                        ],
                        [
                            -73.57886284972,
                            45.49758636882
                        ],
                        [
                            -73.57889182575,
                            45.49755642328
                        ],
                        [
                            -73.57887600277,
                            45.49754890088
                        ]
                    ]
                ]
            }
        },
        {
            "type": "Feature",
            "properties": {
                "door": "hinged",
                "entrance": "yes"
            },
            "geometry": {
                "type": "Point",
                "coordinates": [
                    -73.57879089553,
                    45.49720804077
                ]
            }
        },
        {
            "type": "Feature",
            "properties": {
                "ref": "H-961.27",
                "level": "9",
                "indoor": "room"
            },
            "geometry": {
                "type": "Polygon",
                "coordinates": [
                    [
                        [
                            -73.57907989776,
                            45.49757215648
                        ],
                        [
                            -73.57907369313,
                            45.49757856871
                        ],
                        [
                            -73.57905682426,
                            45.49759600200
                        ],
                        [
                            -73.57910350199,
                            45.49761819302
                        ],
                        [
                            -73.57912657550,
                            45.49759434751
                        ],
                        [
                            -73.57907989776,
                            45.49757215648
                        ]
                    ]
                ]
            }
        },
        {
            "type": "Feature",
            "properties": {
                "door": "hinged",
                "entrance": "yes"
            },
            "geometry": {
                "type": "Point",
                "coordinates": [
                    -73.57876764174,
                    45.49710891790
                ]
            }
        },
        {
            "type": "Feature",
            "properties": {
                "level": "8;9",
                "ref": "H-escalator-8",
                "stairs": "yes",
                "conveying": "yes",
                "indoor": "area"
            },
            "geometry": {
                "type": "Polygon",
                "coordinates": [
                    [
                        [
                            -73.57885022550,
                            45.49723737966
                        ],
                        [
                            -73.57884410537,
                            45.49724367112
                        ],
                        [
                            -73.57882829419,
                            45.49725992492
                        ],
                        [
                            -73.57882277237,
                            45.49726560132
                        ],
                        [
                            -73.57896974960,
                            45.49733584787
                        ],
                        [
                            -73.57899094904,
                            45.49731405500
                        ],
                        [
                            -73.57899720272,
                            45.49730762626
                        ],
                        [
                            -73.57885022550,
                            45.49723737966
                        ]
                    ]
                ]
            }
        },
        {
            "type": "Feature",
            "properties": {
                "indoor": "room",
                "ref": "H-116",
                "level": "1"
            },
            "geometry": {
                "type": "Polygon",
                "coordinates": [
                    [
                        [
                            -73.57879132092,
                            45.49723483054
                        ],
                        [
                            -73.57876958538,
                            45.49722419453
                        ],
                        [
                            -73.57874573631,
                            45.49724780493
                        ],
                        [
                            -73.57873776115,
                            45.49725570028
                        ],
                        [
                            -73.57876712474,
                            45.49726938343
                        ],
                        [
                            -73.57877602392,
                            45.49726050079
                        ],
                        [
                            -73.57877007739,
                            45.49725708001
                        ],
                        [
                            -73.57879132092,
                            45.49723483054
                        ]
                    ]
                ]
            }
        },
        {
            "type": "Feature",
            "properties": {
                "ref": "H-290",
                "level": "2"
            },
            "geometry": {
                "type": "Point",
                "coordinates": [
                    -73.57912548339,
                    45.49706307704
                ]
            }
        },
        {
            "type": "Feature",
            "properties": {
                "highway": "footway",
                "level": "2"
            },
            "geometry": {
                "type": "LineString",
                "coordinates": [
                    [
                        -73.57914399213,
                        45.49731606300
                    ],
                    [
                        -73.57913858122,
                        45.49732178334
                    ],
                    [
                        -73.57912663043,
                        45.49733441754
                    ],
                    [
                        -73.57913544409,
                        45.49733851363
                    ]
                ]
            }
        },
        {
            "type": "Feature",
            "properties": {
                "door": "hinged",
                "entrance": "yes"
            },
            "geometry": {
                "type": "Point",
                "coordinates": [
                    -73.57911418171,
                    45.49726679605
                ]
            }
        },
        {
            "type": "Feature",
            "properties": {
                "highway": "footway",
                "level": "8"
            },
            "geometry": {
                "type": "LineString",
                "coordinates": [
                    [
                        -73.57933249470,
                        45.49720013003
                    ],
                    [
                        -73.57934397322,
                        45.49720562850
                    ],
                    [
                        -73.57940638403,
                        45.49723552471
                    ],
                    [
                        -73.57939484630,
                        45.49724734391
                    ]
                ]
            }
        },
        {
            "type": "Feature",
            "properties": {
                "highway": "footway",
                "level": "8"
            },
            "geometry": {
                "type": "LineString",
                "coordinates": [
                    [
                        -73.57902389193,
                        45.49744024635
                    ],
                    [
                        -73.57901514879,
                        45.49744920275
                    ],
                    [
                        -73.57903228300,
                        45.49745742066
                    ],
                    [
                        -73.57904632050,
                        45.49746415332
                    ],
                    [
                        -73.57907739069,
                        45.49747905520
                    ],
                    [
                        -73.57913828641,
                        45.49750826197
                    ],
                    [
                        -73.57915371219,
                        45.49749245995
                    ]
                ]
            }
        },
        {
            "type": "Feature",
            "properties": {
                "door": "hinged",
                "entrance": "yes"
            },
            "geometry": {
                "type": "Point",
                "coordinates": [
                    -73.57905033852,
                    45.49712494000
                ]
            }
        },
        {
            "type": "Feature",
            "properties": {
                "highway": "footway",
                "level": "1"
            },
            "geometry": {
                "type": "LineString",
                "coordinates": [
                    [
                        -73.57878799516,
                        45.49696286068
                    ],
                    [
                        -73.57888189782,
                        45.49700855569
                    ],
                    [
                        -73.57888642870,
                        45.49701076051
                    ],
                    [
                        -73.57898406502,
                        45.49705827237
                    ],
                    [
                        -73.57894014308,
                        45.49710261892
                    ],
                    [
                        -73.57889899100,
                        45.49714416882
                    ],
                    [
                        -73.57879938401,
                        45.49709560154
                    ],
                    [
                        -73.57870304806,
                        45.49704862913
                    ]
                ]
            }
        },
        {
            "type": "Feature",
            "properties": {
                "ref": "H-water-8-02",
                "amenity": "drinking_water",
                "level": "8",
                "indoor": "yes",
                "name": "Water Fountain"
            },
            "geometry": {
                "type": "Point",
                "coordinates": [
                    -73.57879575421,
                    45.49707614808
                ]
            }
        },
        {
            "type": "Feature",
            "properties": {
                "highway": "footway",
                "level": "2"
            },
            "geometry": {
                "type": "LineString",
                "coordinates": [
                    [
                        -73.57891413143,
                        45.49728803527
                    ],
                    [
                        -73.57893943236,
                        45.49729962053
                    ],
                    [
                        -73.57896791718,
                        45.49731285869
                    ],
                    [
                        -73.57900162435,
                        45.49727722394
                    ],
                    [
                        -73.57910935162,
                        45.49716333587
                    ],
                    [
                        -73.57915711766,
                        45.49711283832
                    ]
                ]
            }
        },
        {
            "type": "Feature",
            "properties": {
                "ref": "H-967",
                "level": "9"
            },
            "geometry": {
                "type": "Point",
                "coordinates": [
                    -73.57841223092,
                    45.49738797231
                ]
            }
        },
        {
            "type": "Feature",
            "properties": {
                "door": "hinged",
                "entrance": "yes"
            },
            "geometry": {
                "type": "Point",
                "coordinates": [
                    -73.57913829880,
                    45.49710409234
                ]
            }
        },
        {
            "type": "Feature",
            "properties": {
                "highway": "footway",
                "level": "8"
            },
            "geometry": {
                "type": "LineString",
                "coordinates": [
                    [
                        -73.57857650105,
                        45.49723542786
                    ],
                    [
                        -73.57857946078,
                        45.49723239593
                    ],
                    [
                        -73.57860032471,
                        45.49721102303
                    ],
                    [
                        -73.57859140463,
                        45.49720674476
                    ]
                ]
            }
        },
        {
            "type": "Feature",
            "properties": {
                "door": "hinged",
                "entrance": "yes"
            },
            "geometry": {
                "type": "Point",
                "coordinates": [
                    -73.57867332184,
                    45.49720510956
                ]
            }
        },
        {
            "type": "Feature",
            "properties": {
                "level": "9",
                "ref": "H-962"
            },
            "geometry": {
                "type": "Point",
                "coordinates": [
                    -73.57882309995,
                    45.49734513871
                ]
            }
        },
        {
            "type": "Feature",
            "properties": {
                "oneway": "-1",
                "level": "1;2",
                "highway": "steps"
            },
            "geometry": {
                "type": "LineString",
                "coordinates": [
                    [
                        -73.57865683146,
                        45.49729221035
                    ],
                    [
                        -73.57857473249,
                        45.49725584763
                    ]
                ]
            }
        },
        {
            "type": "Feature",
            "properties": {
                "ref": "H-135.1",
                "level": "1"
            },
            "geometry": {
                "type": "Point",
                "coordinates": [
                    -73.57905935114,
                    45.49751720062
                ]
            }
        },
        {
            "type": "Feature",
            "properties": {
                "stairs": "yes",
                "level": "9",
                "indoor": "room",
                "ref": "H-stair-9-4"
            },
            "geometry": {
                "type": "Polygon",
                "coordinates": [
                    [
                        [
                            -73.57894278047,
                            45.49743572037
                        ],
                        [
                            -73.57892436211,
                            45.49745475504
                        ],
                        [
                            -73.57891487762,
                            45.49746455689
                        ],
                        [
                            -73.57898986701,
                            45.49749966784
                        ],
                        [
                            -73.57901793953,
                            45.49747145177
                        ],
                        [
                            -73.57894278047,
                            45.49743572037
                        ]
                    ]
                ]
            }
        },
        {
            "type": "Feature",
            "properties": {
                "level": "8",
                "ref": "H-807"
            },
            "geometry": {
                "type": "Point",
                "coordinates": [
                    -73.57859082959,
                    45.49714710858
                ]
            }
        },
        {
            "type": "Feature",
            "properties": {
                "level": "9",
                "indoor": "room",
                "ref": "H-933.1"
            },
            "geometry": {
                "type": "Polygon",
                "coordinates": [
                    [
                        [
                            -73.57934958527,
                            45.49730606899
                        ],
                        [
                            -73.57930297019,
                            45.49729997846
                        ],
                        [
                            -73.57929232302,
                            45.49734303638
                        ],
                        [
                            -73.57932369546,
                            45.49734722109
                        ],
                        [
                            -73.57934958527,
                            45.49730606899
                        ]
                    ]
                ]
            }
        },
        {
            "type": "Feature",
            "properties": {
                "highway": "footway",
                "level": "2"
            },
            "geometry": {
                "type": "LineString",
                "coordinates": [
                    [
                        -73.57871408625,
                        45.49726829302
                    ],
                    [
                        -73.57868979210,
                        45.49725669339
                    ]
                ]
            }
        },
        {
            "type": "Feature",
            "properties": {
                "ref": "H-stair-1-2",
                "level": "1;2;8;9"
            },
            "geometry": {
                "type": "Point",
                "coordinates": [
                    -73.57852922348,
                    45.49735973498
                ]
            }
        },
        {
            "type": "Feature",
            "properties": {
                "ref": "H-915",
                "level": "9",
                "indoor": "room"
            },
            "geometry": {
                "type": "Polygon",
                "coordinates": [
                    [
                        [
                            -73.57881122007,
                            45.49695458387
                        ],
                        [
                            -73.57882553616,
                            45.49693912440
                        ],
                        [
                            -73.57873997403,
                            45.49689802824
                        ],
                        [
                            -73.57869381777,
                            45.49694572940
                        ],
                        [
                            -73.57880378739,
                            45.49699801054
                        ],
                        [
                            -73.57883490977,
                            45.49696584649
                        ],
                        [
                            -73.57882396057,
                            45.49696064100
                        ],
                        [
                            -73.57881122007,
                            45.49695458387
                        ]
                    ]
                ]
            }
        },
        {
            "type": "Feature",
            "properties": {
                "highway": "footway",
                "level": "9"
            },
            "geometry": {
                "type": "LineString",
                "coordinates": [
                    [
                        -73.57864977846,
                        45.49740845401
                    ],
                    [
                        -73.57864082939,
                        45.49741770254
                    ],
                    [
                        -73.57865681215,
                        45.49742530091
                    ],
                    [
                        -73.57865308056,
                        45.49742915736
                    ],
                    [
                        -73.57860566570,
                        45.49747815880
                    ],
                    [
                        -73.57862433512,
                        45.49748703443
                    ]
                ]
            }
        },
        {
            "type": "Feature",
            "properties": {
                "level": "1;2",
                "highway": "steps"
            },
            "geometry": {
                "type": "LineString",
                "coordinates": [
                    [
                        -73.57863562973,
                        45.49731426374
                    ],
                    [
                        -73.57855453358,
                        45.49727680761
                    ]
                ]
            }
        },
        {
            "type": "Feature",
            "properties": {
                "highway": "footway",
                "level": "9"
            },
            "geometry": {
                "type": "LineString",
                "coordinates": [
                    [
                        -73.57882829419,
                        45.49725992492
                    ],
                    [
                        -73.57880462481,
                        45.49724842593
                    ]
                ]
            }
        },
        {
            "type": "Feature",
            "properties": {
                "ref": "H-958",
                "level": "9"
            },
            "geometry": {
                "type": "Point",
                "coordinates": [
                    -73.57883550080,
                    45.49746257597
                ]
            }
        },
        {
            "type": "Feature",
            "properties": {
                "ref": "H-964",
                "level": "9",
                "indoor": "room"
            },
            "geometry": {
                "type": "Polygon",
                "coordinates": [
                    [
                        [
                            -73.57874214580,
                            45.49733627693
                        ],
                        [
                            -73.57870417762,
                            45.49737551563
                        ],
                        [
                            -73.57869599131,
                            45.49738397588
                        ],
                        [
                            -73.57872444757,
                            45.49739729263
                        ],
                        [
                            -73.57873088677,
                            45.49740030600
                        ],
                        [
                            -73.57872718091,
                            45.49740421635
                        ],
                        [
                            -73.57875375343,
                            45.49741680574
                        ],
                        [
                            -73.57879003344,
                            45.49743399429
                        ],
                        [
                            -73.57879988927,
                            45.49743866373
                        ],
                        [
                            -73.57884986176,
                            45.49738790240
                        ],
                        [
                            -73.57874214580,
                            45.49733627693
                        ]
                    ]
                ]
            }
        },
        {
            "type": "Feature",
            "properties": {
                "level": "8",
                "indoor": "room"
            },
            "geometry": {
                "type": "Polygon",
                "coordinates": [
                    [
                        [
                            -73.57892032900,
                            45.49745875378
                        ],
                        [
                            -73.57888589905,
                            45.49749414743
                        ],
                        [
                            -73.57896143672,
                            45.49753024990
                        ],
                        [
                            -73.57899586667,
                            45.49749485628
                        ],
                        [
                            -73.57892032900,
                            45.49745875378
                        ]
                    ]
                ]
            }
        },
        {
            "type": "Feature",
            "properties": {
                "level": "8",
                "indoor": "room",
                "ref": "H-840"
            },
            "geometry": {
                "type": "Polygon",
                "coordinates": [
                    [
                        [
                            -73.57882272257,
                            45.49726667089
                        ],
                        [
                            -73.57881603310,
                            45.49727354763
                        ],
                        [
                            -73.57880312797,
                            45.49728681401
                        ],
                        [
                            -73.57899669231,
                            45.49737932644
                        ],
                        [
                            -73.57902809772,
                            45.49739433638
                        ],
                        [
                            -73.57904769232,
                            45.49737419329
                        ],
                        [
                            -73.57882272257,
                            45.49726667089
                        ]
                    ]
                ]
            }
        },
        {
            "type": "Feature",
            "properties": {
                "door": "hinged",
                "entrance": "yes"
            },
            "geometry": {
                "type": "Point",
                "coordinates": [
                    -73.57880982803,
                    45.49747416938
                ]
            }
        },
        {
            "type": "Feature",
            "properties": {
                "level": "9",
                "ref": "H-961.10"
            },
            "geometry": {
                "type": "Point",
                "coordinates": [
                    -73.57884319331,
                    45.49755656464
                ]
            }
        },
        {
            "type": "Feature",
            "properties": {
                "stairs": "yes",
                "level": "1;2",
                "conveying": "yes",
                "ref": "H-escalator-1",
                "indoor": "area"
            },
            "geometry": {
                "type": "Polygon",
                "coordinates": [
                    [
                        [
                            -73.57860589163,
                            45.49728428395
                        ],
                        [
                            -73.57864610543,
                            45.49730332442
                        ],
                        [
                            -73.57865683146,
                            45.49729221035
                        ],
                        [
                            -73.57866421477,
                            45.49728453275
                        ],
                        [
                            -73.57862400096,
                            45.49726549228
                        ],
                        [
                            -73.57858378715,
                            45.49724645178
                        ],
                        [
                            -73.57857473249,
                            45.49725584763
                        ],
                        [
                            -73.57856567782,
                            45.49726524346
                        ],
                        [
                            -73.57860589163,
                            45.49728428395
                        ]
                    ]
                ]
            }
        },
        {
            "type": "Feature",
            "properties": {
                "indoor": "room",
                "amenity": "toilets",
                "female": "yes",
                "male": "no",
                "ref": "H-bath-W-2-1",
                "level": "2"
            },
            "geometry": {
                "type": "Polygon",
                "coordinates": [
                    [
                        [
                            -73.57910525150,
                            45.49726109388
                        ],
                        [
                            -73.57911035928,
                            45.49725579366
                        ],
                        [
                            -73.57913923068,
                            45.49726946373
                        ],
                        [
                            -73.57915482920,
                            45.49725327746
                        ],
                        [
                            -73.57915966176,
                            45.49724826282
                        ],
                        [
                            -73.57913835181,
                            45.49723817294
                        ],
                        [
                            -73.57914345958,
                            45.49723287272
                        ],
                        [
                            -73.57911115105,
                            45.49721757522
                        ],
                        [
                            -73.57909582773,
                            45.49723347592
                        ],
                        [
                            -73.57908050442,
                            45.49724937660
                        ],
                        [
                            -73.57910525150,
                            45.49726109388
                        ]
                    ]
                ]
            }
        },
        {
            "type": "Feature",
            "properties": {
                "highway": "footway",
                "level": "1"
            },
            "geometry": {
                "type": "LineString",
                "coordinates": [
                    [
                        -73.57882887777,
                        45.49723201658
                    ],
                    [
                        -73.57892007307,
                        45.49727639393
                    ],
                    [
                        -73.57898193723,
                        45.49721393188
                    ],
                    [
                        -73.57898852791,
                        45.49720727749
                    ],
                    [
                        -73.57900010611,
                        45.49719558735
                    ],
                    [
                        -73.57900120339,
                        45.49719447946
                    ],
                    [
                        -73.57904273781,
                        45.49715254342
                    ],
                    [
                        -73.57894014308,
                        45.49710261892
                    ]
                ]
            }
        },
        {
            "type": "Feature",
            "properties": {
                "highway": "footway",
                "level": "1"
            },
            "geometry": {
                "type": "LineString",
                "coordinates": [
                    [
                        -73.57857473249,
                        45.49725584763
                    ],
                    [
                        -73.57852268950,
                        45.49723073113
                    ]
                ]
            }
        },
        {
            "type": "Feature",
            "properties": {
                "level": "8",
                "indoor": "room",
                "ref": "H-862"
            },
            "geometry": {
                "type": "Polygon",
                "coordinates": [
                    [
                        [
                            -73.57880312797,
                            45.49728681401
                        ],
                        [
                            -73.57877234320,
                            45.49731846054
                        ],
                        [
                            -73.57875358174,
                            45.49733774719
                        ],
                        [
                            -73.57881926570,
                            45.49736914027
                        ],
                        [
                            -73.57885498197,
                            45.49738621055
                        ],
                        [
                            -73.57885512217,
                            45.49738606643
                        ],
                        [
                            -73.57890452821,
                            45.49733527741
                        ],
                        [
                            -73.57880312797,
                            45.49728681401
                        ]
                    ]
                ]
            }
        },
        {
            "type": "Feature",
            "properties": {
                "ref": "H-920",
                "level": "9"
            },
            "geometry": {
                "type": "Point",
                "coordinates": [
                    -73.57895874816,
                    45.49716725894
                ]
            }
        },
        {
            "type": "Feature",
            "properties": {
                "level": "8",
                "indoor": "room",
                "ref": "H-832.03"
            },
            "geometry": {
                "type": "Polygon",
                "coordinates": [
                    [
                        [
                            -73.57913535613,
                            45.49727691619
                        ],
                        [
                            -73.57911576046,
                            45.49729706042
                        ],
                        [
                            -73.57914104054,
                            45.49730914282
                        ],
                        [
                            -73.57916063621,
                            45.49728899860
                        ],
                        [
                            -73.57913914547,
                            45.49727872728
                        ],
                        [
                            -73.57913535613,
                            45.49727691619
                        ]
                    ]
                ]
            }
        },
        {
            "type": "Feature",
            "properties": {
                "cash_in": "yes",
                "amenity": "atm",
                "operator": "RBC Banque Royale",
                "indoor": "yes"
            },
            "geometry": {
                "type": "Point",
                "coordinates": [
                    -73.57873370000,
                    45.49720650000
                ]
            }
        },
        {
            "type": "Feature",
            "properties": {
                "level": "9",
                "indoor": "room",
                "ref": "H-961.5"
            },
            "geometry": {
                "type": "Polygon",
                "coordinates": [
                    [
                        [
                            -73.57876896413,
                            45.49749717249
                        ],
                        [
                            -73.57873889398,
                            45.49752824879
                        ],
                        [
                            -73.57875480768,
                            45.49753581432
                        ],
                        [
                            -73.57877372949,
                            45.49754480993
                        ],
                        [
                            -73.57880309000,
                            45.49751383269
                        ],
                        [
                            -73.57876896413,
                            45.49749717249
                        ]
                    ]
                ]
            }
        },
        {
            "type": "Feature",
            "properties": {
                "level": "9",
                "ref": "H-917"
            },
            "geometry": {
                "type": "Point",
                "coordinates": [
                    -73.57883856258,
                    45.49688839622
                ]
            }
        },
        {
            "type": "Feature",
            "properties": {
                "ref": "H-855",
                "level": "8"
            },
            "geometry": {
                "type": "Point",
                "coordinates": [
                    -73.57875896190,
                    45.49753780765
                ]
            }
        },
        {
            "type": "Feature",
            "properties": {
                "highway": "footway",
                "level": "8"
            },
            "geometry": {
                "type": "LineString",
                "coordinates": [
                    [
                        -73.57911911768,
                        45.49726173967
                    ],
                    [
                        -73.57911418171,
                        45.49726679605
                    ],
                    [
                        -73.57910432954,
                        45.49727688856
                    ]
                ]
            }
        },
        {
            "type": "Feature",
            "properties": {
                "door": "hinged",
                "entrance": "yes"
            },
            "geometry": {
                "type": "Point",
                "coordinates": [
                    -73.57872444757,
                    45.49739729263
                ]
            }
        },
        {
            "type": "Feature",
            "properties": {
                "highway": "footway",
                "level": "8"
            },
            "geometry": {
                "type": "LineString",
                "coordinates": [
                    [
                        -73.57898500755,
                        45.49752696171
                    ],
                    [
                        -73.57901622374,
                        45.49754193417
                    ],
                    [
                        -73.57907599644,
                        45.49757060230
                    ],
                    [
                        -73.57905717363,
                        45.49758988417
                    ]
                ]
            }
        },
        {
            "type": "Feature",
            "properties": {
                "highway": "footway",
                "level": "9"
            },
            "geometry": {
                "type": "LineString",
                "coordinates": [
                    [
                        -73.57888157169,
                        45.49751379712
                    ],
                    [
                        -73.57887640604,
                        45.49751913560
                    ],
                    [
                        -73.57886694325,
                        45.49752891503
                    ],
                    [
                        -73.57888479085,
                        45.49753739995
                    ]
                ]
            }
        },
        {
            "type": "Feature",
            "properties": {
                "level": "9",
                "ref": "H-961.21"
            },
            "geometry": {
                "type": "Point",
                "coordinates": [
                    -73.57902722177,
                    45.49767570915
                ]
            }
        },
        {
            "type": "Feature",
            "properties": {
                "highway": "footway",
                "level": "8"
            },
            "geometry": {
                "type": "LineString",
                "coordinates": [
                    [
                        -73.57920411743,
                        45.49730250737
                    ],
                    [
                        -73.57918352591,
                        45.49729263124
                    ],
                    [
                        -73.57916404401,
                        45.49728333334
                    ],
                    [
                        -73.57914405356,
                        45.49727369946
                    ],
                    [
                        -73.57911911768,
                        45.49726173967
                    ],
                    [
                        -73.57911465967,
                        45.49725960152
                    ],
                    [
                        -73.57906369809,
                        45.49723515924
                    ]
                ]
            }
        },
        {
            "type": "Feature",
            "properties": {
                "highway": "footway",
                "level": "1"
            },
            "geometry": {
                "type": "LineString",
                "coordinates": [
                    [
                        -73.57860983074,
                        45.49733975302
                    ],
                    [
                        -73.57858929938,
                        45.49736048276
                    ],
                    [
                        -73.57856195190,
                        45.49738809449
                    ],
                    [
                        -73.57857962094,
                        45.49739669256
                    ]
                ]
            }
        },
        {
            "type": "Feature",
            "properties": {
                "ref": "H-128",
                "indoor": "room",
                "level": "1"
            },
            "geometry": {
                "type": "Polygon",
                "coordinates": [
                    [
                        [
                            -73.57887879015,
                            45.49734508068
                        ],
                        [
                            -73.57888306115,
                            45.49734878377
                        ],
                        [
                            -73.57888633956,
                            45.49735071589
                        ],
                        [
                            -73.57888961797,
                            45.49735264802
                        ],
                        [
                            -73.57890962998,
                            45.49733205281
                        ],
                        [
                            -73.57892465293,
                            45.49731659205
                        ],
                        [
                            -73.57892964199,
                            45.49731145759
                        ],
                        [
                            -73.57892074442,
                            45.49730720982
                        ],
                        [
                            -73.57891184684,
                            45.49730296206
                        ],
                        [
                            -73.57889318300,
                            45.49732216982
                        ],
                        [
                            -73.57887451915,
                            45.49734137759
                        ],
                        [
                            -73.57887879015,
                            45.49734508068
                        ]
                    ]
                ]
            }
        },
        {
            "type": "Feature",
            "properties": {
                "highway": "footway",
                "level": "8"
            },
            "geometry": {
                "type": "LineString",
                "coordinates": [
                    [
                        -73.57848088757,
                        45.49735569929
                    ],
                    [
                        -73.57848763984,
                        45.49735889528
                    ],
                    [
                        -73.57851344809,
                        45.49737125317
                    ],
                    [
                        -73.57847934685,
                        45.49740618622
                    ]
                ]
            }
        },
        {
            "type": "Feature",
            "properties": {
                "height": "3.6576",
                "wall": "yes",
                "level": "7",
                "indoor": "level",
                "name": "Level 8"
            },
            "geometry": {
                "type": "LineString",
                "coordinates": [
                    [
                        -73.57882258716,
                        45.49682539305
                    ],
                    [
                        -73.57862298716,
                        45.49703659306
                    ],
                    [
                        -73.57840758716,
                        45.49725459306
                    ],
                    [
                        -73.57829238716,
                        45.49737059306
                    ],
                    [
                        -73.57839758716,
                        45.49742189306
                    ],
                    [
                        -73.57857708716,
                        45.49750959306
                    ],
                    [
                        -73.57900598716,
                        45.49771569306
                    ],
                    [
                        -73.57901058716,
                        45.49771229306
                    ],
                    [
                        -73.57926748716,
                        45.49744679306
                    ],
                    [
                        -73.57953628716,
                        45.49717319306
                    ],
                    [
                        -73.57954158716,
                        45.49716639306
                    ],
                    [
                        -73.57945758716,
                        45.49712729306
                    ],
                    [
                        -73.57882258716,
                        45.49682539305
                    ]
                ]
            }
        },
        {
            "type": "Feature",
            "properties": {
                "ref": "H-bath-M-8",
                "level": "8"
            },
            "geometry": {
                "type": "Point",
                "coordinates": [
                    -73.57883942705,
                    45.49712664629
                ]
            }
        },
        {
            "type": "Feature",
            "properties": {
                "highway": "footway",
                "level": "2"
            },
            "geometry": {
                "type": "LineString",
                "coordinates": [
                    [
                        -73.57893943236,
                        45.49729962053
                    ],
                    [
                        -73.57890398654,
                        45.49733714353
                    ],
                    [
                        -73.57888878689,
                        45.49735316218
                    ],
                    [
                        -73.57891271124,
                        45.49736428087
                    ],
                    [
                        -73.57891778265,
                        45.49736663778
                    ],
                    [
                        -73.57891337871,
                        45.49737129355
                    ]
                ]
            }
        },
        {
            "type": "Feature",
            "properties": {
                "ref": "H-927",
                "level": "9"
            },
            "geometry": {
                "type": "Point",
                "coordinates": [
                    -73.57931889822,
                    45.49712604672
                ]
            }
        },
        {
            "type": "Feature",
            "properties": {
                "indoor": "room",
                "level": "2"
            },
            "geometry": {
                "type": "Polygon",
                "coordinates": [
                    [
                        [
                            -73.57900179782,
                            45.49763593400
                        ],
                        [
                            -73.57904269900,
                            45.49765529980
                        ],
                        [
                            -73.57905895101,
                            45.49763843554
                        ],
                        [
                            -73.57907520302,
                            45.49762157128
                        ],
                        [
                            -73.57909582550,
                            45.49763133556
                        ],
                        [
                            -73.57911644791,
                            45.49764109983
                        ],
                        [
                            -73.57931959797,
                            45.49743029628
                        ],
                        [
                            -73.57952274799,
                            45.49721949199
                        ],
                        [
                            -73.57950590635,
                            45.49721151779
                        ],
                        [
                            -73.57948906472,
                            45.49720354358
                        ],
                        [
                            -73.57950136980,
                            45.49719077484
                        ],
                        [
                            -73.57951367492,
                            45.49717800607
                        ],
                        [
                            -73.57946899291,
                            45.49715684994
                        ],
                        [
                            -73.57942431095,
                            45.49713569382
                        ],
                        [
                            -73.57919260384,
                            45.49737613148
                        ],
                        [
                            -73.57896089665,
                            45.49761656819
                        ],
                        [
                            -73.57900179782,
                            45.49763593400
                        ]
                    ]
                ]
            }
        },
        {
            "type": "Feature",
            "properties": {
                "level": "9",
                "ref": "H-961.5"
            },
            "geometry": {
                "type": "Point",
                "coordinates": [
                    -73.57877470864,
                    45.49752188715
                ]
            }
        },
        {
            "type": "Feature",
            "properties": {
                "door": "hinged",
                "entrance": "yes"
            },
            "geometry": {
                "type": "Point",
                "coordinates": [
                    -73.57917866194,
                    45.49729761385
                ]
            }
        },
        {
            "type": "Feature",
            "properties": {
                "indoor": "room",
                "ref": "H-137",
                "level": "1"
            },
            "geometry": {
                "type": "Polygon",
                "coordinates": [
                    [
                        [
                            -73.57903392189,
                            45.49755601031
                        ],
                        [
                            -73.57905394147,
                            45.49756556776
                        ],
                        [
                            -73.57906580912,
                            45.49755335430
                        ],
                        [
                            -73.57907767677,
                            45.49754114084
                        ],
                        [
                            -73.57905765720,
                            45.49753158338
                        ],
                        [
                            -73.57903763763,
                            45.49752202592
                        ],
                        [
                            -73.57903113826,
                            45.49752871467
                        ],
                        [
                            -73.57902576997,
                            45.49753423939
                        ],
                        [
                            -73.57901390232,
                            45.49754645285
                        ],
                        [
                            -73.57903392189,
                            45.49755601031
                        ]
                    ]
                ]
            }
        },
        {
            "type": "Feature",
            "properties": {
                "ref": "H-135.1",
                "indoor": "room",
                "level": "1"
            },
            "geometry": {
                "type": "Polygon",
                "coordinates": [
                    [
                        [
                            -73.57905841472,
                            45.49753080379
                        ],
                        [
                            -73.57907806356,
                            45.49754018425
                        ],
                        [
                            -73.57908975167,
                            45.49752845570
                        ],
                        [
                            -73.57910143979,
                            45.49751672714
                        ],
                        [
                            -73.57908139238,
                            45.49750715638
                        ],
                        [
                            -73.57906134497,
                            45.49749758563
                        ],
                        [
                            -73.57905538753,
                            45.49750387504
                        ],
                        [
                            -73.57905005530,
                            45.49750950442
                        ],
                        [
                            -73.57903876563,
                            45.49752142320
                        ],
                        [
                            -73.57905841472,
                            45.49753080379
                        ]
                    ]
                ]
            }
        },
        {
            "type": "Feature",
            "properties": {
                "level": "9",
                "indoor": "room"
            },
            "geometry": {
                "type": "Polygon",
                "coordinates": [
                    [
                        [
                            -73.57907915634,
                            45.49737906250
                        ],
                        [
                            -73.57905981993,
                            45.49738161401
                        ],
                        [
                            -73.57903806105,
                            45.49740410100
                        ],
                        [
                            -73.57905035636,
                            45.49740989734
                        ],
                        [
                            -73.57908570541,
                            45.49740253461
                        ],
                        [
                            -73.57907915634,
                            45.49737906250
                        ]
                    ]
                ]
            }
        },
        {
            "type": "Feature",
            "properties": {
                "door": "hinged",
                "entrance": "yes"
            },
            "geometry": {
                "type": "Point",
                "coordinates": [
                    -73.57848763984,
                    45.49735889528
                ]
            }
        },
        {
            "type": "Feature",
            "properties": {
                "stairs": "yes",
                "level": "9",
                "indoor": "room",
                "ref": "H-stair-9-2"
            },
            "geometry": {
                "type": "Polygon",
                "coordinates": [
                    [
                        [
                            -73.57882805558,
                            45.49704395821
                        ],
                        [
                            -73.57881326366,
                            45.49705890236
                        ],
                        [
                            -73.57880053492,
                            45.49707176210
                        ],
                        [
                            -73.57890264738,
                            45.49712030774
                        ],
                        [
                            -73.57892932250,
                            45.49709210188
                        ],
                        [
                            -73.57882805558,
                            45.49704395821
                        ]
                    ]
                ]
            }
        },
        {
            "type": "Feature",
            "properties": {
                "level": "9",
                "indoor": "room",
                "ref": "H-908"
            },
            "geometry": {
                "type": "LineString",
                "coordinates": [
                    [
                        -73.57876707025,
                        45.49720320975
                    ],
                    [
                        -73.57876150154,
                        45.49720056231
                    ],
                    [
                        -73.57872109852,
                        45.49718135421
                    ],
                    [
                        -73.57869319568,
                        45.49721019084
                    ],
                    [
                        -73.57873889756,
                        45.49723250756
                    ]
                ]
            }
        },
        {
            "type": "Feature",
            "properties": {
                "door": "hinged",
                "entrance": "yes"
            },
            "geometry": {
                "type": "Point",
                "coordinates": [
                    -73.57907221073,
                    45.49732583152
                ]
            }
        },
        {
            "type": "Feature",
            "properties": {
                "door": "hinged",
                "entrance": "yes"
            },
            "geometry": {
                "type": "Point",
                "coordinates": [
                    -73.57934397322,
                    45.49720562850
                ]
            }
        },
        {
            "type": "Feature",
            "properties": {
                "level": "9",
                "ref": "H-bath-W-9"
            },
            "geometry": {
                "type": "Point",
                "coordinates": [
                    -73.57864312253,
                    45.49729141887
                ]
            }
        },
        {
            "type": "Feature",
            "properties": {
                "door": "hinged",
                "entrance": "yes"
            },
            "geometry": {
                "type": "Point",
                "coordinates": [
                    -73.57914147378,
                    45.49703905815
                ]
            }
        },
        {
            "type": "Feature",
            "properties": {
                "highway": "footway",
                "level": "8"
            },
            "geometry": {
                "type": "LineString",
                "coordinates": [
                    [
                        -73.57929719809,
                        45.49741353212
                    ],
                    [
                        -73.57915998129,
                        45.49734772013
                    ],
                    [
                        -73.57909202942,
                        45.49731511924
                    ],
                    [
                        -73.57885670707,
                        45.49720221977
                    ],
                    [
                        -73.57881575664,
                        45.49718257316
                    ],
                    [
                        -73.57878744259,
                        45.49716899311
                    ],
                    [
                        -73.57875970402,
                        45.49715568907
                    ],
                    [
                        -73.57871770730,
                        45.49713562455
                    ],
                    [
                        -73.57859076393,
                        45.49707471102
                    ]
                ]
            }
        },
        {
            "type": "Feature",
            "properties": {
                "door": "hinged",
                "entrance": "yes"
            },
            "geometry": {
                "type": "Point",
                "coordinates": [
                    -73.57897015852,
                    45.49759147127
                ]
            }
        },
        {
            "type": "Feature",
            "properties": {
                "highway": "footway",
                "level": "8"
            },
            "geometry": {
                "type": "LineString",
                "coordinates": [
                    [
                        -73.57912494780,
                        45.49717429209
                    ],
                    [
                        -73.57915811279,
                        45.49714031800
                    ],
                    [
                        -73.57917395396,
                        45.49712409035
                    ],
                    [
                        -73.57918925830,
                        45.49710841263
                    ],
                    [
                        -73.57922496485,
                        45.49707183493
                    ],
                    [
                        -73.57921503570,
                        45.49706707268
                    ]
                ]
            }
        },
        {
            "type": "Feature",
            "properties": {
                "highway": "footway",
                "level": "1"
            },
            "geometry": {
                "type": "LineString",
                "coordinates": [
                    [
                        -73.57899953740,
                        45.49728101878
                    ],
                    [
                        -73.57901872852,
                        45.49726164219
                    ],
                    [
                        -73.57899564464,
                        45.49725040914
                    ],
                    [
                        -73.57905670333,
                        45.49718876032
                    ],
                    [
                        -73.57907280477,
                        45.49717250324
                    ],
                    [
                        -73.57906482519,
                        45.49716862022
                    ]
                ]
            }
        },
        {
            "type": "Feature",
            "properties": {
                "door": "hinged",
                "entrance": "yes"
            },
            "geometry": {
                "type": "Point",
                "coordinates": [
                    -73.57907369313,
                    45.49757856871
                ]
            }
        },
        {
            "type": "Feature",
            "properties": {
                "highway": "footway",
                "level": "2"
            },
            "geometry": {
                "type": "LineString",
                "coordinates": [
                    [
                        -73.57921082337,
                        45.49724813154
                    ],
                    [
                        -73.57917695786,
                        45.49723239272
                    ],
                    [
                        -73.57917557501,
                        45.49723175005
                    ],
                    [
                        -73.57914348207,
                        45.49721683502
                    ],
                    [
                        -73.57914096798,
                        45.49721949289
                    ]
                ]
            }
        },
        {
            "type": "Feature",
            "properties": {
                "level": "9",
                "indoor": "room",
                "ref": "H-961.2"
            },
            "geometry": {
                "type": "Polygon",
                "coordinates": [
                    [
                        [
                            -73.57869786728,
                            45.49746380865
                        ],
                        [
                            -73.57866766595,
                            45.49749438621
                        ],
                        [
                            -73.57867594517,
                            45.49749832224
                        ],
                        [
                            -73.57870250146,
                            45.49751094736
                        ],
                        [
                            -73.57873256269,
                            45.49747988027
                        ],
                        [
                            -73.57869786728,
                            45.49746380865
                        ]
                    ]
                ]
            }
        },
        {
            "type": "Feature",
            "properties": {
                "door": "hinged",
                "entrance": "yes"
            },
            "geometry": {
                "type": "Point",
                "coordinates": [
                    -73.57912599064,
                    45.49703459699
                ]
            }
        },
        {
            "type": "Feature",
            "properties": {
                "highway": "footway",
                "level": "8"
            },
            "geometry": {
                "type": "LineString",
                "coordinates": [
                    [
                        -73.57914405356,
                        45.49727369946
                    ],
                    [
                        -73.57913914547,
                        45.49727872728
                    ],
                    [
                        -73.57912976663,
                        45.49728833491
                    ],
                    [
                        -73.57913741694,
                        45.49729200416
                    ]
                ]
            }
        },
        {
            "type": "Feature",
            "properties": {
                "door": "hinged",
                "entrance": "yes"
            },
            "geometry": {
                "type": "Point",
                "coordinates": [
                    -73.57910473773,
                    45.49706540651
                ]
            }
        },
        {
            "type": "Feature",
            "properties": {
                "ref": "H-bath-M-2-1",
                "level": "2"
            },
            "geometry": {
                "type": "Point",
                "coordinates": [
                    -73.57914096798,
                    45.49721949289
                ]
            }
        },
        {
            "type": "Feature",
            "properties": {
                "stairs": "yes",
                "ref": "H-stair-2-2",
                "indoor": "room",
                "level": "2"
            },
            "geometry": {
                "type": "Polygon",
                "coordinates": [
                    [
                        [
                            -73.57891262146,
                            45.49754142534
                        ],
                        [
                            -73.57882555202,
                            45.49750034795
                        ],
                        [
                            -73.57882316872,
                            45.49750283943
                        ],
                        [
                            -73.57881313812,
                            45.49751332531
                        ],
                        [
                            -73.57890020756,
                            45.49755440268
                        ],
                        [
                            -73.57891262146,
                            45.49754142534
                        ]
                    ]
                ]
            }
        },
        {
            "type": "Feature",
            "properties": {
                "level": "9",
                "indoor": "room",
                "ref": "H-960"
            },
            "geometry": {
                "type": "Polygon",
                "coordinates": [
                    [
                        [
                            -73.57880868758,
                            45.49726750856
                        ],
                        [
                            -73.57879355988,
                            45.49728314249
                        ],
                        [
                            -73.57878828538,
                            45.49728859350
                        ],
                        [
                            -73.57885556788,
                            45.49732058038
                        ],
                        [
                            -73.57887525950,
                            45.49729958005
                        ],
                        [
                            -73.57880868758,
                            45.49726750856
                        ]
                    ]
                ]
            }
        },
        {
            "type": "Feature",
            "properties": {
                "ref": "H-stair-1-3",
                "level": "1"
            },
            "geometry": {
                "type": "Point",
                "coordinates": [
                    -73.57913691269,
                    45.49705745814
                ]
            }
        },
        {
            "type": "Feature",
            "properties": {
                "highway": "footway",
                "level": "9"
            },
            "geometry": {
                "type": "LineString",
                "coordinates": [
                    [
                        -73.57877180890,
                        45.49718991001
                    ],
                    [
                        -73.57876150154,
                        45.49720056231
                    ],
                    [
                        -73.57874542547,
                        45.49721717638
                    ],
                    [
                        -73.57872931851,
                        45.49720951893
                    ]
                ]
            }
        },
        {
            "type": "Feature",
            "properties": {
                "level": "9",
                "indoor": "room",
                "ref": "H-964.2"
            },
            "geometry": {
                "type": "Polygon",
                "coordinates": [
                    [
                        [
                            -73.57872653140,
                            45.49740493874
                        ],
                        [
                            -73.57870236250,
                            45.49742991638
                        ],
                        [
                            -73.57873482983,
                            45.49744535169
                        ],
                        [
                            -73.57875828243,
                            45.49742047186
                        ],
                        [
                            -73.57875280086,
                            45.49741779019
                        ],
                        [
                            -73.57872653140,
                            45.49740493874
                        ]
                    ]
                ]
            }
        },
        {
            "type": "Feature",
            "properties": {
                "ref": "H-137",
                "level": "1"
            },
            "geometry": {
                "type": "Point",
                "coordinates": [
                    -73.57903945469,
                    45.49754360103
                ]
            }
        },
        {
            "type": "Feature",
            "properties": {
                "level": "8",
                "ref": "H-805.03"
            },
            "geometry": {
                "type": "Point",
                "coordinates": [
                    -73.57851458242,
                    45.49718192185
                ]
            }
        },
        {
            "type": "Feature",
            "properties": {
                "ref": "H-943",
                "level": "9",
                "indoor": "room"
            },
            "geometry": {
                "type": "Polygon",
                "coordinates": [
                    [
                        [
                            -73.57911439151,
                            45.49746787642
                        ],
                        [
                            -73.57910350413,
                            45.49746290928
                        ],
                        [
                            -73.57909114767,
                            45.49745727191
                        ],
                        [
                            -73.57903573693,
                            45.49751391817
                        ],
                        [
                            -73.57908323681,
                            45.49753650008
                        ],
                        [
                            -73.57912962223,
                            45.49748794093
                        ],
                        [
                            -73.57911439151,
                            45.49746787642
                        ]
                    ]
                ]
            }
        },
        {
            "type": "Feature",
            "properties": {
                "indoor": "room",
                "ref": "H-133",
                "level": "1"
            },
            "geometry": {
                "type": "Polygon",
                "coordinates": [
                    [
                        [
                            -73.57912800293,
                            45.49744326978
                        ],
                        [
                            -73.57913694398,
                            45.49744775207
                        ],
                        [
                            -73.57912660692,
                            45.49745839035
                        ],
                        [
                            -73.57911626986,
                            45.49746902864
                        ],
                        [
                            -73.57912071871,
                            45.49747115255
                        ],
                        [
                            -73.57912516744,
                            45.49747327639
                        ],
                        [
                            -73.57911912055,
                            45.49747949949
                        ],
                        [
                            -73.57911307366,
                            45.49748572258
                        ],
                        [
                            -73.57912424158,
                            45.49749126430
                        ],
                        [
                            -73.57913540951,
                            45.49749680601
                        ],
                        [
                            -73.57912354185,
                            45.49750901948
                        ],
                        [
                            -73.57911167420,
                            45.49752123295
                        ],
                        [
                            -73.57910688974,
                            45.49751917536
                        ],
                        [
                            -73.57910210515,
                            45.49751711771
                        ],
                        [
                            -73.57907839396,
                            45.49754151982
                        ],
                        [
                            -73.57905468277,
                            45.49756592193
                        ],
                        [
                            -73.57908545347,
                            45.49758061203
                        ],
                        [
                            -73.57911622418,
                            45.49759530212
                        ],
                        [
                            -73.57915080514,
                            45.49755971353
                        ],
                        [
                            -73.57918538619,
                            45.49752412483
                        ],
                        [
                            -73.57917273401,
                            45.49751787650
                        ],
                        [
                            -73.57916008196,
                            45.49751162822
                        ],
                        [
                            -73.57918602395,
                            45.49748464097
                        ],
                        [
                            -73.57921196595,
                            45.49745765370
                        ],
                        [
                            -73.57917376933,
                            45.49743941839
                        ],
                        [
                            -73.57913557271,
                            45.49742118308
                        ],
                        [
                            -73.57912731702,
                            45.49742998548
                        ],
                        [
                            -73.57912544819,
                            45.49743197806
                        ],
                        [
                            -73.57911906141,
                            45.49743878780
                        ],
                        [
                            -73.57912800293,
                            45.49744326978
                        ]
                    ]
                ]
            }
        },
        {
            "type": "Feature",
            "properties": {
                "highway": "footway",
                "level": "9"
            },
            "geometry": {
                "type": "LineString",
                "coordinates": [
                    [
                        -73.57900756126,
                        45.49735356356
                    ],
                    [
                        -73.57902634309,
                        45.49736249265
                    ],
                    [
                        -73.57904634533,
                        45.49737200194
                    ],
                    [
                        -73.57906905888,
                        45.49736967845
                    ],
                    [
                        -73.57907673123,
                        45.49736889360
                    ],
                    [
                        -73.57917362558,
                        45.49735898176
                    ],
                    [
                        -73.57916208155,
                        45.49729526717
                    ],
                    [
                        -73.57915565777,
                        45.49725981259
                    ]
                ]
            }
        },
        {
            "type": "Feature",
            "properties": {
                "ref": "H-837",
                "level": "8",
                "indoor": "room"
            },
            "geometry": {
                "type": "Polygon",
                "coordinates": [
                    [
                        [
                            -73.57926145353,
                            45.49729045826
                        ],
                        [
                            -73.57925321055,
                            45.49729893199
                        ],
                        [
                            -73.57921190733,
                            45.49734139140
                        ],
                        [
                            -73.57932398212,
                            45.49739495657
                        ],
                        [
                            -73.57937352833,
                            45.49734402347
                        ],
                        [
                            -73.57926145353,
                            45.49729045826
                        ]
                    ]
                ]
            }
        },
        {
            "type": "Feature",
            "properties": {
                "level": "8",
                "indoor": "room",
                "ref": "H-819"
            },
            "geometry": {
                "type": "Polygon",
                "coordinates": [
                    [
                        [
                            -73.57893165892,
                            45.49687400669
                        ],
                        [
                            -73.57885775989,
                            45.49694997492
                        ],
                        [
                            -73.57887079186,
                            45.49695620348
                        ],
                        [
                            -73.57893370801,
                            45.49698627391
                        ],
                        [
                            -73.57900760704,
                            45.49691030574
                        ],
                        [
                            -73.57893165892,
                            45.49687400669
                        ]
                    ]
                ]
            }
        },
        {
            "type": "Feature",
            "properties": {
                "highway": "footway",
                "level": "9"
            },
            "geometry": {
                "type": "LineString",
                "coordinates": [
                    [
                        -73.57899927513,
                        45.49735659375
                    ],
                    [
                        -73.57899007816,
                        45.49735222141
                    ],
                    [
                        -73.57897442566,
                        45.49734478003
                    ],
                    [
                        -73.57896424298,
                        45.49735530345
                    ]
                ]
            }
        },
        {
            "type": "Feature",
            "properties": {
                "ref": "H-933.11",
                "level": "9",
                "indoor": "room"
            },
            "geometry": {
                "type": "Polygon",
                "coordinates": [
                    [
                        [
                            -73.57930113705,
                            45.49730063099
                        ],
                        [
                            -73.57927205034,
                            45.49729630346
                        ],
                        [
                            -73.57925010052,
                            45.49736402754
                        ],
                        [
                            -73.57928126659,
                            45.49737837450
                        ],
                        [
                            -73.57930113705,
                            45.49730063099
                        ]
                    ]
                ]
            }
        },
        {
            "type": "Feature",
            "properties": {
                "ref": "H-833",
                "level": "8"
            },
            "geometry": {
                "type": "Point",
                "coordinates": [
                    -73.57939484630,
                    45.49724734391
                ]
            }
        },
        {
            "type": "Feature",
            "properties": {
                "level": "9",
                "indoor": "room"
            },
            "geometry": {
                "type": "Polygon",
                "coordinates": [
                    [
                        [
                            -73.57886495323,
                            45.49700522877
                        ],
                        [
                            -73.57882846490,
                            45.49704293835
                        ],
                        [
                            -73.57890678857,
                            45.49708017449
                        ],
                        [
                            -73.57894327691,
                            45.49704246495
                        ],
                        [
                            -73.57886495323,
                            45.49700522877
                        ]
                    ]
                ]
            }
        },
        {
            "type": "Feature",
            "properties": {
                "door": "hinged",
                "entrance": "yes"
            },
            "geometry": {
                "type": "Point",
                "coordinates": [
                    -73.57881206031,
                    45.49720891319
                ]
            }
        },
        {
            "type": "Feature",
            "properties": {
                "level": "9",
                "indoor": "room"
            },
            "geometry": {
                "type": "Polygon",
                "coordinates": [
                    [
                        [
                            -73.57867749123,
                            45.49730878929
                        ],
                        [
                            -73.57865978366,
                            45.49732708943
                        ],
                        [
                            -73.57868905614,
                            45.49734100590
                        ],
                        [
                            -73.57870676371,
                            45.49732270577
                        ],
                        [
                            -73.57867749123,
                            45.49730878929
                        ]
                    ]
                ]
            }
        },
        {
            "type": "Feature",
            "properties": {
                "ref": "H-932",
                "level": "9"
            },
            "geometry": {
                "type": "Point",
                "coordinates": [
                    -73.57926483382,
                    45.49725206902
                ]
            }
        },
        {
            "type": "Feature",
            "properties": {
                "ref": "H-986",
                "level": "9"
            },
            "geometry": {
                "type": "Point",
                "coordinates": [
                    -73.57893521196,
                    45.49707050560
                ]
            }
        },
        {
            "type": "Feature",
            "properties": {
                "door": "hinged",
                "entrance": "yes"
            },
            "geometry": {
                "type": "Point",
                "coordinates": [
                    -73.57907739069,
                    45.49747905520
                ]
            }
        },
        {
            "type": "Feature",
            "properties": {
                "highway": "footway",
                "level": "2"
            },
            "geometry": {
                "type": "LineString",
                "coordinates": [
                    [
                        -73.57876704453,
                        45.49721232605
                    ],
                    [
                        -73.57874253422,
                        45.49720124107
                    ]
                ]
            }
        },
        {
            "type": "Feature",
            "properties": {
                "door": "hinged",
                "entrance": "yes"
            },
            "geometry": {
                "type": "Point",
                "coordinates": [
                    -73.57898853238,
                    45.49701540060
                ]
            }
        },
        {
            "type": "Feature",
            "properties": {
                "door": "hinged",
                "entrance": "yes"
            },
            "geometry": {
                "type": "Point",
                "coordinates": [
                    -73.57889213287,
                    45.49754219211
                ]
            }
        },
        {
            "type": "Feature",
            "properties": {
                "ref": "H-139",
                "indoor": "room",
                "level": "1"
            },
            "geometry": {
                "type": "Polygon",
                "coordinates": [
                    [
                        [
                            -73.57901707006,
                            45.49759513555
                        ],
                        [
                            -73.57905154814,
                            45.49761159556
                        ],
                        [
                            -73.57903513536,
                            45.49762848657
                        ],
                        [
                            -73.57901872258,
                            45.49764537757
                        ],
                        [
                            -73.57903540552,
                            45.49765334208
                        ],
                        [
                            -73.57905208845,
                            45.49766130659
                        ],
                        [
                            -73.57908365130,
                            45.49762882409
                        ],
                        [
                            -73.57911521415,
                            45.49759634158
                        ],
                        [
                            -73.57906405313,
                            45.49757191704
                        ],
                        [
                            -73.57901289212,
                            45.49754749249
                        ],
                        [
                            -73.57899774196,
                            45.49756308410
                        ],
                        [
                            -73.57899711786,
                            45.49756372639
                        ],
                        [
                            -73.57898259180,
                            45.49757867571
                        ],
                        [
                            -73.57901707006,
                            45.49759513555
                        ]
                    ]
                ]
            }
        },
        {
            "type": "Feature",
            "properties": {
                "level": "9",
                "indoor": "room"
            },
            "geometry": {
                "type": "Polygon",
                "coordinates": [
                    [
                        [
                            -73.57858359330,
                            45.49733539852
                        ],
                        [
                            -73.57861203273,
                            45.49730600740
                        ],
                        [
                            -73.57858117793,
                            45.49729133867
                        ],
                        [
                            -73.57853234795,
                            45.49734180268
                        ],
                        [
                            -73.57863915297,
                            45.49739257897
                        ],
                        [
                            -73.57865954352,
                            45.49737150610
                        ],
                        [
                            -73.57858359330,
                            45.49733539852
                        ]
                    ]
                ]
            }
        },
        {
            "type": "Feature",
            "properties": {
                "door": "hinged",
                "entrance": "yes"
            },
            "geometry": {
                "type": "Point",
                "coordinates": [
                    -73.57896111024,
                    45.49738215868
                ]
            }
        },
        {
            "type": "Feature",
            "properties": {
                "highway": "footway",
                "level": "9"
            },
            "geometry": {
                "type": "LineString",
                "coordinates": [
                    [
                        -73.57913071414,
                        45.49720591450
                    ],
                    [
                        -73.57915350551,
                        45.49721674980
                    ],
                    [
                        -73.57919495975,
                        45.49723645765
                    ],
                    [
                        -73.57918949752,
                        45.49724210267
                    ]
                ]
            }
        },
        {
            "type": "Feature",
            "properties": {
                "highway": "footway",
                "level": "9"
            },
            "geometry": {
                "type": "LineString",
                "coordinates": [
                    [
                        -73.57918343612,
                        45.49715142810
                    ],
                    [
                        -73.57919178718,
                        45.49714279756
                    ],
                    [
                        -73.57921786173,
                        45.49711585036
                    ]
                ]
            }
        },
        {
            "type": "Feature",
            "properties": {
                "ref": "H-837",
                "level": "8"
            },
            "geometry": {
                "type": "Point",
                "coordinates": [
                    -73.57929724981,
                    45.49734385901
                ]
            }
        },
        {
            "type": "Feature",
            "properties": {
                "ref": "H-860.04",
                "level": "8"
            },
            "geometry": {
                "type": "Point",
                "coordinates": [
                    -73.57877992302,
                    45.49736521171
                ]
            }
        },
        {
            "type": "Feature",
            "properties": {
                "highway": "footway",
                "level": "9"
            },
            "geometry": {
                "type": "LineString",
                "coordinates": [
                    [
                        -73.57878165494,
                        45.49705684315
                    ],
                    [
                        -73.57875782311,
                        45.49704551317
                    ],
                    [
                        -73.57869734739,
                        45.49701676216
                    ],
                    [
                        -73.57871262283,
                        45.49700097546
                    ]
                ]
            }
        },
        {
            "type": "Feature",
            "properties": {
                "level": "8",
                "ref": "H-803"
            },
            "geometry": {
                "type": "Point",
                "coordinates": [
                    -73.57849638142,
                    45.49724386087
                ]
            }
        },
        {
            "type": "Feature",
            "properties": {
                "level": "8",
                "indoor": "room"
            },
            "geometry": {
                "type": "Polygon",
                "coordinates": [
                    [
                        [
                            -73.57868092645,
                            45.49730427020
                        ],
                        [
                            -73.57866382392,
                            45.49732182685
                        ],
                        [
                            -73.57869666629,
                            45.49733752359
                        ],
                        [
                            -73.57871374159,
                            45.49731997030
                        ],
                        [
                            -73.57870799385,
                            45.49731722322
                        ],
                        [
                            -73.57868092645,
                            45.49730427020
                        ]
                    ]
                ]
            }
        },
        {
            "type": "Feature",
            "properties": {
                "ref": "H-150",
                "level": "1"
            },
            "geometry": {
                "type": "Point",
                "coordinates": [
                    -73.57883686718,
                    45.49740303874
                ]
            }
        },
        {
            "type": "Feature",
            "properties": {
                "highway": "footway",
                "level": "9"
            },
            "geometry": {
                "type": "LineString",
                "coordinates": [
                    [
                        -73.57883111582,
                        45.49695324626
                    ],
                    [
                        -73.57882396057,
                        45.49696064100
                    ],
                    [
                        -73.57880762013,
                        45.49697752835
                    ],
                    [
                        -73.57875576401,
                        45.49695287520
                    ],
                    [
                        -73.57876173316,
                        45.49694670626
                    ]
                ]
            }
        },
        {
            "type": "Feature",
            "properties": {
                "highway": "footway",
                "level": "9"
            },
            "geometry": {
                "type": "LineString",
                "coordinates": [
                    [
                        -73.57883111582,
                        45.49695324626
                    ],
                    [
                        -73.57883952186,
                        45.49694455886
                    ],
                    [
                        -73.57887644087,
                        45.49690640413
                    ],
                    [
                        -73.57883856258,
                        45.49688839622
                    ]
                ]
            }
        },
        {
            "type": "Feature",
            "properties": {
                "door": "no",
                "level": "8",
                "ref": "H-stair-8-4"
            },
            "geometry": {
                "type": "Point",
                "coordinates": [
                    -73.57862625876,
                    45.49733630521
                ]
            }
        },
        {
            "type": "Feature",
            "properties": {
                "addr:housenumber": "1455",
                "automatic_door": "yes",
                "addr:street": "De Maisonneuve",
                "door": "hinged",
                "entrance": "yes",
                "wheelchair": "yes"
            },
            "geometry": {
                "type": "Point",
                "coordinates": [
                    -73.57862298716,
                    45.49703659306
                ]
            }
        },
        {
            "type": "Feature",
            "properties": {
                "door": "no",
                "level": "1"
            },
            "geometry": {
                "type": "Point",
                "coordinates": [
                    -73.57846528128,
                    45.49722835521
                ]
            }
        },
        {
            "type": "Feature",
            "properties": {
                "level": "8",
                "ref": "H-851.01"
            },
            "geometry": {
                "type": "Point",
                "coordinates": [
                    -73.57891217957,
                    45.49757059608
                ]
            }
        },
        {
            "type": "Feature",
            "properties": {
                "level": "9",
                "indoor": "room",
                "ref": "H-941"
            },
            "geometry": {
                "type": "Polygon",
                "coordinates": [
                    [
                        [
                            -73.57921302730,
                            45.49743708347
                        ],
                        [
                            -73.57919661791,
                            45.49741882644
                        ],
                        [
                            -73.57912541452,
                            45.49744949427
                        ],
                        [
                            -73.57915907050,
                            45.49748973768
                        ],
                        [
                            -73.57915789629,
                            45.49749101372
                        ],
                        [
                            -73.57914648400,
                            45.49750341574
                        ],
                        [
                            -73.57915672027,
                            45.49750828216
                        ],
                        [
                            -73.57916208619,
                            45.49750273669
                        ],
                        [
                            -73.57919847898,
                            45.49752003819
                        ],
                        [
                            -73.57925804081,
                            45.49745848337
                        ],
                        [
                            -73.57925344446,
                            45.49745629821
                        ],
                        [
                            -73.57921302730,
                            45.49743708347
                        ]
                    ]
                ]
            }
        },
        {
            "type": "Feature",
            "properties": {
                "highway": "footway",
                "level": "8"
            },
            "geometry": {
                "type": "LineString",
                "coordinates": [
                    [
                        -73.57872764476,
                        45.49729702223
                    ],
                    [
                        -73.57875242238,
                        45.49730890610
                    ],
                    [
                        -73.57877234320,
                        45.49731846054
                    ],
                    [
                        -73.57882240184,
                        45.49734246971
                    ],
                    [
                        -73.57883090746,
                        45.49733375661
                    ]
                ]
            }
        },
        {
            "type": "Feature",
            "properties": {
                "highway": "footway",
                "level": "9"
            },
            "geometry": {
                "type": "LineString",
                "coordinates": [
                    [
                        -73.57909948161,
                        45.49753906821
                    ],
                    [
                        -73.57910799737,
                        45.49754311668
                    ],
                    [
                        -73.57914080656,
                        45.49755871449
                    ],
                    [
                        -73.57915011141,
                        45.49754909831
                    ]
                ]
            }
        },
        {
            "type": "Feature",
            "properties": {
                "highway": "footway",
                "level": "9"
            },
            "geometry": {
                "type": "LineString",
                "coordinates": [
                    [
                        -73.57879658749,
                        45.49756606355
                    ],
                    [
                        -73.57879112965,
                        45.49757170400
                    ],
                    [
                        -73.57877314981,
                        45.49759028542
                    ],
                    [
                        -73.57876072508,
                        45.49758437859
                    ]
                ]
            }
        },
        {
            "type": "Feature",
            "properties": {
                "door": "hinged",
                "entrance": "yes"
            },
            "geometry": {
                "type": "Point",
                "coordinates": [
                    -73.57888829891,
                    45.49754587993
                ]
            }
        },
        {
            "type": "Feature",
            "properties": {
                "level": "8",
                "ref": "H-832.02"
            },
            "geometry": {
                "type": "Point",
                "coordinates": [
                    -73.57916251580,
                    45.49725772461
                ]
            }
        },
        {
            "type": "Feature",
            "properties": {
                "highway": "footway",
                "level": "9"
            },
            "geometry": {
                "type": "LineString",
                "coordinates": [
                    [
                        -73.57911156281,
                        45.49745458094
                    ],
                    [
                        -73.57910350413,
                        45.49746290928
                    ],
                    [
                        -73.57906914334,
                        45.49749841981
                    ],
                    [
                        -73.57908415659,
                        45.49750555726
                    ]
                ]
            }
        },
        {
            "type": "Feature",
            "properties": {
                "level": "8",
                "ref": "H-842"
            },
            "geometry": {
                "type": "Point",
                "coordinates": [
                    -73.57892937984,
                    45.49738154135
                ]
            }
        },
        {
            "type": "Feature",
            "properties": {
                "level": "-1",
                "door": "no"
            },
            "geometry": {
                "type": "Point",
                "coordinates": [
                    -73.57853959841,
                    45.49718023592
                ]
            }
        },
        {
            "type": "Feature",
            "properties": {
                "highway": "footway",
                "level": "1"
            },
            "geometry": {
                "type": "LineString",
                "coordinates": [
                    [
                        -73.57919686224,
                        45.49728264825
                    ],
                    [
                        -73.57891356241,
                        45.49756866703
                    ],
                    [
                        -73.57888582299,
                        45.49755479222
                    ],
                    [
                        -73.57887573290,
                        45.49756451983
                    ],
                    [
                        -73.57885530986,
                        45.49755541795
                    ],
                    [
                        -73.57886160251,
                        45.49754906452
                    ],
                    [
                        -73.57886767514,
                        45.49754293323
                    ],
                    [
                        -73.57887598478,
                        45.49753454333
                    ],
                    [
                        -73.57889213287,
                        45.49754219211
                    ],
                    [
                        -73.57890255172,
                        45.49754712716
                    ],
                    [
                        -73.57897440963,
                        45.49747526445
                    ]
                ]
            }
        },
        {
            "type": "Feature",
            "properties": {
                "door": "hinged",
                "entrance": "yes"
            },
            "geometry": {
                "type": "Point",
                "coordinates": [
                    -73.57881603310,
                    45.49727354763
                ]
            }
        },
        {
            "type": "Feature",
            "properties": {
                "door": "hinged",
                "entrance": "yes"
            },
            "geometry": {
                "type": "Point",
                "coordinates": [
                    -73.57900120339,
                    45.49719447946
                ]
            }
        },
        {
            "type": "Feature",
            "properties": {
                "highway": "footway",
                "level": "9"
            },
            "geometry": {
                "type": "LineString",
                "coordinates": [
                    [
                        -73.57933776133,
                        45.49722479625
                    ],
                    [
                        -73.57934611233,
                        45.49721616579
                    ],
                    [
                        -73.57935986055,
                        45.49720195746
                    ]
                ]
            }
        },
        {
            "type": "Feature",
            "properties": {
                "level": "9",
                "ref": "H-961.3"
            },
            "geometry": {
                "type": "Point",
                "coordinates": [
                    -73.57870988043,
                    45.49756232578
                ]
            }
        },
        {
            "type": "Feature",
            "properties": {
                "highway": "footway",
                "level": "1"
            },
            "geometry": {
                "type": "LineString",
                "coordinates": [
                    [
                        -73.57866632055,
                        45.49729977413
                    ],
                    [
                        -73.57865368251,
                        45.49729361840
                    ],
                    [
                        -73.57860592226,
                        45.49727035532
                    ],
                    [
                        -73.57861502321,
                        45.49726116642
                    ]
                ]
            }
        },
        {
            "type": "Feature",
            "properties": {
                "ref": "H-961.17",
                "level": "9",
                "indoor": "room"
            },
            "geometry": {
                "type": "Polygon",
                "coordinates": [
                    [
                        [
                            -73.57893773396,
                            45.49764625890
                        ],
                        [
                            -73.57890929452,
                            45.49767564986
                        ],
                        [
                            -73.57894489619,
                            45.49769257519
                        ],
                        [
                            -73.57897333563,
                            45.49766318425
                        ],
                        [
                            -73.57894710208,
                            45.49765071259
                        ],
                        [
                            -73.57893773396,
                            45.49764625890
                        ]
                    ]
                ]
            }
        },
        {
            "type": "Feature",
            "properties": {
                "ref": "H-822",
                "level": "8"
            },
            "geometry": {
                "type": "Point",
                "coordinates": [
                    -73.57912494780,
                    45.49717429209
                ]
            }
        },
        {
            "type": "Feature",
            "properties": {
                "highway": "footway",
                "level": "8"
            },
            "geometry": {
                "type": "LineString",
                "coordinates": [
                    [
                        -73.57907966024,
                        45.49743000039
                    ],
                    [
                        -73.57898983425,
                        45.49738637648
                    ],
                    [
                        -73.57894578414,
                        45.49736498357
                    ],
                    [
                        -73.57892937984,
                        45.49738154135
                    ]
                ]
            }
        },
        {
            "type": "Feature",
            "properties": {
                "amenity": "drinking_water",
                "level": "2",
                "indoor": "yes",
                "name": "Water Fountain",
                "ref": "H-water-2-01"
            },
            "geometry": {
                "type": "Point",
                "coordinates": [
                    -73.57918413526,
                    45.49706194478
                ]
            }
        },
        {
            "type": "Feature",
            "properties": {
                "door": "hinged",
                "entrance": "yes"
            },
            "geometry": {
                "type": "Point",
                "coordinates": [
                    -73.57916475439,
                    45.49706784369
                ]
            }
        },
        {
            "type": "Feature",
            "properties": {
                "level": "9",
                "indoor": "room"
            },
            "geometry": {
                "type": "Polygon",
                "coordinates": [
                    [
                        [
                            -73.57910126793,
                            45.49742605371
                        ],
                        [
                            -73.57909234078,
                            45.49743395440
                        ],
                        [
                            -73.57912016300,
                            45.49744688270
                        ],
                        [
                            -73.57910126793,
                            45.49742605371
                        ]
                    ]
                ]
            }
        },
        {
            "type": "Feature",
            "properties": {
                "level": "8",
                "ref": "H-838",
                "indoor": "room"
            },
            "geometry": {
                "type": "Polygon",
                "coordinates": [
                    [
                        [
                            -73.57902809772,
                            45.49739433638
                        ],
                        [
                            -73.57905817802,
                            45.49740871299
                        ],
                        [
                            -73.57908824532,
                            45.49737780406
                        ],
                        [
                            -73.57910217923,
                            45.49738446365
                        ],
                        [
                            -73.57912157712,
                            45.49736452278
                        ],
                        [
                            -73.57907736408,
                            45.49734369096
                        ],
                        [
                            -73.57906237098,
                            45.49735910375
                        ],
                        [
                            -73.57904769232,
                            45.49737419329
                        ],
                        [
                            -73.57902809772,
                            45.49739433638
                        ]
                    ]
                ]
            }
        },
        {
            "type": "Feature",
            "properties": {
                "door": "hinged",
                "entrance": "yes"
            },
            "geometry": {
                "type": "Point",
                "coordinates": [
                    -73.57866360352,
                    45.49751107685
                ]
            }
        },
        {
            "type": "Feature",
            "properties": {
                "level": "9",
                "ref": "H-961.30"
            },
            "geometry": {
                "type": "Point",
                "coordinates": [
                    -73.57904403358,
                    45.49753999256
                ]
            }
        },
        {
            "type": "Feature",
            "properties": {
                "door": "hinged",
                "entrance": "yes"
            },
            "geometry": {
                "type": "Point",
                "coordinates": [
                    -73.57858929938,
                    45.49736048276
                ]
            }
        },
        {
            "type": "Feature",
            "properties": {
                "ref": "H-150",
                "indoor": "room",
                "level": "1"
            },
            "geometry": {
                "type": "Polygon",
                "coordinates": [
                    [
                        [
                            -73.57867936760,
                            45.49741263375
                        ],
                        [
                            -73.57866815684,
                            45.49743198604
                        ],
                        [
                            -73.57866740827,
                            45.49743334066
                        ],
                        [
                            -73.57866665987,
                            45.49743469510
                        ],
                        [
                            -73.57867663964,
                            45.49743945951
                        ],
                        [
                            -73.57868661941,
                            45.49744422392
                        ],
                        [
                            -73.57872173116,
                            45.49745195726
                        ],
                        [
                            -73.57875684308,
                            45.49745969043
                        ],
                        [
                            -73.57878005961,
                            45.49746260658
                        ],
                        [
                            -73.57880327615,
                            45.49746552272
                        ],
                        [
                            -73.57881199716,
                            45.49746518204
                        ],
                        [
                            -73.57882071817,
                            45.49746484136
                        ],
                        [
                            -73.57882199747,
                            45.49746505273
                        ],
                        [
                            -73.57882327663,
                            45.49746526405
                        ],
                        [
                            -73.57882463362,
                            45.49746861176
                        ],
                        [
                            -73.57882599078,
                            45.49747195930
                        ],
                        [
                            -73.57883111094,
                            45.49747440370
                        ],
                        [
                            -73.57883623097,
                            45.49747684803
                        ],
                        [
                            -73.57882562585,
                            45.49748776218
                        ],
                        [
                            -73.57881502073,
                            45.49749867633
                        ],
                        [
                            -73.57885839638,
                            45.49751938412
                        ],
                        [
                            -73.57890177204,
                            45.49754009191
                        ],
                        [
                            -73.57896944286,
                            45.49747044919
                        ],
                        [
                            -73.57903711368,
                            45.49740080639
                        ],
                        [
                            -73.57899373803,
                            45.49738009855
                        ],
                        [
                            -73.57895036237,
                            45.49735939070
                        ],
                        [
                            -73.57893445470,
                            45.49737576196
                        ],
                        [
                            -73.57891854702,
                            45.49739213322
                        ],
                        [
                            -73.57888927953,
                            45.49737816072
                        ],
                        [
                            -73.57886001204,
                            45.49736418821
                        ],
                        [
                            -73.57887397349,
                            45.49734919990
                        ],
                        [
                            -73.57884927441,
                            45.49732546850
                        ],
                        [
                            -73.57882457533,
                            45.49730173709
                        ],
                        [
                            -73.57881478926,
                            45.49729700736
                        ],
                        [
                            -73.57880500320,
                            45.49729227764
                        ],
                        [
                            -73.57880485591,
                            45.49729239752
                        ],
                        [
                            -73.57880472966,
                            45.49729252746
                        ],
                        [
                            -73.57878307076,
                            45.49730653347
                        ],
                        [
                            -73.57876141185,
                            45.49732053949
                        ],
                        [
                            -73.57872599421,
                            45.49735691005
                        ],
                        [
                            -73.57869057657,
                            45.49739328059
                        ],
                        [
                            -73.57867936760,
                            45.49741263375
                        ]
                    ]
                ]
            }
        },
        {
            "type": "Feature",
            "properties": {
                "room": "amphitheatre",
                "indoor": "room",
                "access": "permissive",
                "level": "0",
                "source:url": "https://www.concordia.ca/arts/venues/db-clarke-theatre.html"
            },
            "geometry": {
                "type": "Polygon",
                "coordinates": [
                    [
                        [
                            -73.57857708716,
                            45.49750959306
                        ],
                        [
                            -73.57869380000,
                            45.49739440000
                        ],
                        [
                            -73.57840758716,
                            45.49725459306
                        ],
                        [
                            -73.57829238716,
                            45.49737059306
                        ],
                        [
                            -73.57839758716,
                            45.49742189306
                        ],
                        [
                            -73.57857708716,
                            45.49750959306
                        ]
                    ]
                ]
            }
        },
        {
            "type": "Feature",
            "properties": {
                "door": "hinged",
                "entrance": "yes"
            },
            "geometry": {
                "type": "Point",
                "coordinates": [
                    -73.57875480768,
                    45.49753581432
                ]
            }
        },
        {
            "type": "Feature",
            "properties": {
                "ref": "H-964",
                "level": "9"
            },
            "geometry": {
                "type": "Point",
                "coordinates": [
                    -73.57878089170,
                    45.49738875937
                ]
            }
        },
        {
            "type": "Feature",
            "properties": {
                "highway": "footway",
                "level": "2"
            },
            "geometry": {
                "type": "LineString",
                "coordinates": [
                    [
                        -73.57918413526,
                        45.49706194478
                    ],
                    [
                        -73.57919873501,
                        45.49706907383
                    ],
                    [
                        -73.57915711766,
                        45.49711283832
                    ]
                ]
            }
        },
        {
            "type": "Feature",
            "properties": {
                "ref": "H-931",
                "level": "9"
            },
            "geometry": {
                "type": "Point",
                "coordinates": [
                    -73.57935986055,
                    45.49720195746
                ]
            }
        },
        {
            "type": "Feature",
            "properties": {
                "highway": "footway",
                "level": "8"
            },
            "geometry": {
                "type": "LineString",
                "coordinates": [
                    [
                        -73.57904099364,
                        45.49729065116
                    ],
                    [
                        -73.57900947381,
                        45.49732293987
                    ],
                    [
                        -73.57899094904,
                        45.49731405500
                    ]
                ]
            }
        },
        {
            "type": "Feature",
            "properties": {
                "level": "8;9",
                "ref": "H-elevator-8",
                "indoor": "room"
            },
            "geometry": {
                "type": "Polygon",
                "coordinates": [
                    [
                        [
                            -73.57871041858,
                            45.49727425113
                        ],
                        [
                            -73.57870652884,
                            45.49727792648
                        ],
                        [
                            -73.57868092645,
                            45.49730427020
                        ],
                        [
                            -73.57870799385,
                            45.49731722322
                        ],
                        [
                            -73.57872764476,
                            45.49729702223
                        ],
                        [
                            -73.57873724560,
                            45.49728710700
                        ],
                        [
                            -73.57871041858,
                            45.49727425113
                        ]
                    ]
                ]
            }
        },
        {
            "type": "Feature",
            "properties": {
                "door": "hinged",
                "entrance": "yes"
            },
            "geometry": {
                "type": "Point",
                "coordinates": [
                    -73.57895633676,
                    45.49704867378
                ]
            }
        },
        {
            "type": "Feature",
            "properties": {
                "stairs": "yes",
                "ref": "H-stair-1-4",
                "indoor": "room",
                "level": "1"
            },
            "geometry": {
                "type": "Polygon",
                "coordinates": [
                    [
                        [
                            -73.57930830571,
                            45.49717421279
                        ],
                        [
                            -73.57931201309,
                            45.49717598272
                        ],
                        [
                            -73.57929878077,
                            45.49718963704
                        ],
                        [
                            -73.57928554844,
                            45.49720329136
                        ],
                        [
                            -73.57928415411,
                            45.49723001506
                        ],
                        [
                            -73.57929636601,
                            45.49723605363
                        ],
                        [
                            -73.57930857792,
                            45.49724209220
                        ],
                        [
                            -73.57933604758,
                            45.49721353322
                        ],
                        [
                            -73.57936351724,
                            45.49718497422
                        ],
                        [
                            -73.57933936746,
                            45.49717324430
                        ],
                        [
                            -73.57931521769,
                            45.49716151438
                        ],
                        [
                            -73.57930990823,
                            45.49716697859
                        ],
                        [
                            -73.57930459877,
                            45.49717244280
                        ],
                        [
                            -73.57930830571,
                            45.49717421279
                        ]
                    ]
                ]
            }
        },
        {
            "type": "Feature",
            "properties": {
                "level": "9",
                "ref": "H-961.13"
            },
            "geometry": {
                "type": "Point",
                "coordinates": [
                    -73.57886527304,
                    45.49763646575
                ]
            }
        },
        {
            "type": "Feature",
            "properties": {
                "highway": "footway",
                "level": "9"
            },
            "geometry": {
                "type": "LineString",
                "coordinates": [
                    [
                        -73.57881326366,
                        45.49705890236
                    ],
                    [
                        -73.57886720462,
                        45.49708454663
                    ]
                ]
            }
        },
        {
            "type": "Feature",
            "properties": {
                "highway": "footway",
                "level": "9"
            },
            "geometry": {
                "type": "LineString",
                "coordinates": [
                    [
                        -73.57883948667,
                        45.49732820364
                    ],
                    [
                        -73.57886071856,
                        45.49733829752
                    ],
                    [
                        -73.57887009784,
                        45.49732860438
                    ],
                    [
                        -73.57887107608,
                        45.49732759340
                    ],
                    [
                        -73.57888033298,
                        45.49731802673
                    ],
                    [
                        -73.57889534176,
                        45.49732516207
                    ]
                ]
            }
        },
        {
            "type": "Feature",
            "properties": {
                "highway": "footway",
                "level": "1"
            },
            "geometry": {
                "type": "LineString",
                "coordinates": [
                    [
                        -73.57880208919,
                        45.49721898074
                    ],
                    [
                        -73.57879370449,
                        45.49722744648
                    ],
                    [
                        -73.57881687982,
                        45.49723872404
                    ],
                    [
                        -73.57885534461,
                        45.49725744173
                    ],
                    [
                        -73.57884016564,
                        45.49727276739
                    ]
                ]
            }
        },
        {
            "type": "Feature",
            "properties": {
                "highway": "footway",
                "level": "1"
            },
            "geometry": {
                "type": "LineString",
                "coordinates": [
                    [
                        -73.57877737125,
                        45.49722580253
                    ],
                    [
                        -73.57878163633,
                        45.49722163436
                    ],
                    [
                        -73.57879370449,
                        45.49722744648
                    ]
                ]
            }
        },
        {
            "type": "Feature",
            "properties": {
                "door": "hinged",
                "entrance": "yes"
            },
            "geometry": {
                "type": "Point",
                "coordinates": [
                    -73.57906237098,
                    45.49735910375
                ]
            }
        },
        {
            "type": "Feature",
            "properties": {
                "level": "2;8;9",
                "highway": "steps"
            },
            "geometry": {
                "type": "LineString",
                "coordinates": [
                    [
                        -73.57887580618,
                        45.49752771069
                    ],
                    [
                        -73.57897654480,
                        45.49745924848
                    ],
                    [
                        -73.57897550111,
                        45.49747138488
                    ]
                ]
            }
        },
        {
            "type": "Feature",
            "properties": {
                "door": "hinged",
                "entrance": "yes"
            },
            "geometry": {
                "type": "Point",
                "coordinates": [
                    -73.57901622374,
                    45.49754193417
                ]
            }
        },
        {
            "type": "Feature",
            "properties": {
                "highway": "footway",
                "level": "9"
            },
            "geometry": {
                "type": "LineString",
                "coordinates": [
                    [
                        -73.57889466045,
                        45.49699771619
                    ],
                    [
                        -73.57891236018,
                        45.49697918726
                    ],
                    [
                        -73.57894861944,
                        45.49694122929
                    ],
                    [
                        -73.57892756867,
                        45.49693122144
                    ]
                ]
            }
        },
        {
            "type": "Feature",
            "properties": {
                "level": "8",
                "ref": "H-832.03"
            },
            "geometry": {
                "type": "Point",
                "coordinates": [
                    -73.57913741694,
                    45.49729200416
                ]
            }
        },
        {
            "type": "Feature",
            "properties": {
                "level": "8",
                "ref": "H-862"
            },
            "geometry": {
                "type": "Point",
                "coordinates": [
                    -73.57883090746,
                    45.49733375661
                ]
            }
        },
        {
            "type": "Feature",
            "properties": {
                "highway": "footway",
                "level": "1"
            },
            "geometry": {
                "type": "LineString",
                "coordinates": [
                    [
                        -73.57867996144,
                        45.49733717164
                    ],
                    [
                        -73.57863772525,
                        45.49737981595
                    ],
                    [
                        -73.57865220493,
                        45.49738686202
                    ],
                    [
                        -73.57864157258,
                        45.49739759710
                    ],
                    [
                        -73.57865932504,
                        45.49740623576
                    ],
                    [
                        -73.57872862702,
                        45.49743995931
                    ],
                    [
                        -73.57878850363,
                        45.49737950419
                    ],
                    [
                        -73.57883686718,
                        45.49740303874
                    ],
                    [
                        -73.57887114657,
                        45.49736842814
                    ],
                    [
                        -73.57887827716,
                        45.49736122865
                    ],
                    [
                        -73.57889601050,
                        45.49736985801
                    ]
                ]
            }
        },
        {
            "type": "Feature",
            "properties": {
                "level": "9",
                "ref": "H-961.2"
            },
            "geometry": {
                "type": "Point",
                "coordinates": [
                    -73.57870800898,
                    45.49749044237
                ]
            }
        },
        {
            "type": "Feature",
            "properties": {
                "level": "9",
                "ref": "H-960"
            },
            "geometry": {
                "type": "Point",
                "coordinates": [
                    -73.57883934617,
                    45.49729741723
                ]
            }
        },
        {
            "type": "Feature",
            "properties": {
                "highway": "footway",
                "level": "9"
            },
            "geometry": {
                "type": "LineString",
                "coordinates": [
                    [
                        -73.57845109193,
                        45.49733742692
                    ],
                    [
                        -73.57844079217,
                        45.49733253030
                    ],
                    [
                        -73.57840167283,
                        45.49731393252
                    ],
                    [
                        -73.57841905270,
                        45.49729597105
                    ]
                ]
            }
        },
        {
            "type": "Feature",
            "properties": {
                "door": "hinged",
                "entrance": "yes"
            },
            "geometry": {
                "type": "Point",
                "coordinates": [
                    -73.57926971607,
                    45.49728196442
                ]
            }
        },
        {
            "type": "Feature",
            "properties": {
                "highway": "footway",
                "level": "9"
            },
            "geometry": {
                "type": "LineString",
                "coordinates": [
                    [
                        -73.57866906136,
                        45.49750543639
                    ],
                    [
                        -73.57867594517,
                        45.49749832224
                    ],
                    [
                        -73.57869127009,
                        45.49748248454
                    ],
                    [
                        -73.57870800898,
                        45.49749044237
                    ]
                ]
            }
        },
        {
            "type": "Feature",
            "properties": {
                "level": "8",
                "ref": "H-829"
            },
            "geometry": {
                "type": "Point",
                "coordinates": [
                    -73.57935322139,
                    45.49713066941
                ]
            }
        },
        {
            "type": "Feature",
            "properties": {
                "highway": "footway",
                "level": "9"
            },
            "geometry": {
                "type": "LineString",
                "coordinates": [
                    [
                        -73.57868874815,
                        45.49736818029
                    ],
                    [
                        -73.57870417762,
                        45.49737551563
                    ],
                    [
                        -73.57873249360,
                        45.49738897736
                    ],
                    [
                        -73.57876549811,
                        45.49740466806
                    ],
                    [
                        -73.57878089170,
                        45.49738875937
                    ]
                ]
            }
        },
        {
            "type": "Feature",
            "properties": {
                "ref": "H-920",
                "level": "9",
                "indoor": "room"
            },
            "geometry": {
                "type": "Polygon",
                "coordinates": [
                    [
                        [
                            -73.57902858054,
                            45.49713038427
                        ],
                        [
                            -73.57898218461,
                            45.49710785580
                        ],
                        [
                            -73.57896434565,
                            45.49710718467
                        ],
                        [
                            -73.57891981459,
                            45.49710550934
                        ],
                        [
                            -73.57885214119,
                            45.49717483306
                        ],
                        [
                            -73.57898823057,
                            45.49723953165
                        ],
                        [
                            -73.57905452080,
                            45.49717102296
                        ],
                        [
                            -73.57903513488,
                            45.49714065247
                        ],
                        [
                            -73.57902858054,
                            45.49713038427
                        ]
                    ]
                ]
            }
        },
        {
            "type": "Feature",
            "properties": {
                "level": "8",
                "indoor": "room",
                "ref": "H-851.02"
            },
            "geometry": {
                "type": "Polygon",
                "coordinates": [
                    [
                        [
                            -73.57887557679,
                            45.49757647307
                        ],
                        [
                            -73.57882519070,
                            45.49762826934
                        ],
                        [
                            -73.57886172782,
                            45.49764573185
                        ],
                        [
                            -73.57889617137,
                            45.49761032433
                        ],
                        [
                            -73.57891211391,
                            45.49759393560
                        ],
                        [
                            -73.57887557679,
                            45.49757647307
                        ]
                    ]
                ]
            }
        },
        {
            "type": "Feature",
            "properties": {
                "door": "hinged",
                "entrance": "yes"
            },
            "geometry": {
                "type": "Point",
                "coordinates": [
                    -73.57936658952,
                    45.49718237906
                ]
            }
        },
        {
            "type": "Feature",
            "properties": {
                "highway": "footway",
                "level": "9"
            },
            "geometry": {
                "type": "LineString",
                "coordinates": [
                    [
                        -73.57876549811,
                        45.49740466806
                    ],
                    [
                        -73.57880173878,
                        45.49742189727
                    ],
                    [
                        -73.57879003344,
                        45.49743399429
                    ],
                    [
                        -73.57876375136,
                        45.49746115580
                    ],
                    [
                        -73.57875496574,
                        45.49745697903
                    ]
                ]
            }
        },
        {
            "type": "Feature",
            "properties": {
                "level": "8",
                "ref": "H-805.07",
                "indoor": "room"
            },
            "geometry": {
                "type": "Polygon",
                "coordinates": [
                    [
                        [
                            -73.57855980805,
                            45.49709738298
                        ],
                        [
                            -73.57850970210,
                            45.49714889172
                        ],
                        [
                            -73.57855260202,
                            45.49716939543
                        ],
                        [
                            -73.57858380262,
                            45.49718430754
                        ],
                        [
                            -73.57861561850,
                            45.49719951371
                        ],
                        [
                            -73.57865780211,
                            45.49715614915
                        ],
                        [
                            -73.57866572445,
                            45.49714800501
                        ],
                        [
                            -73.57855980805,
                            45.49709738298
                        ]
                    ]
                ]
            }
        },
        {
            "type": "Feature",
            "properties": {
                "door": "hinged",
                "entrance": "yes"
            },
            "geometry": {
                "type": "Point",
                "coordinates": [
                    -73.57900232534,
                    45.49730367907
                ]
            }
        },
        {
            "type": "Feature",
            "properties": {
                "highway": "footway",
                "level": "8"
            },
            "geometry": {
                "type": "LineString",
                "coordinates": [
                    [
                        -73.57892560976,
                        45.49732610292
                    ],
                    [
                        -73.57881603310,
                        45.49727354763
                    ],
                    [
                        -73.57879621683,
                        45.49726404332
                    ],
                    [
                        -73.57877584602,
                        45.49725427305
                    ],
                    [
                        -73.57876251138,
                        45.49724787746
                    ],
                    [
                        -73.57874981433,
                        45.49726088425
                    ]
                ]
            }
        },
        {
            "type": "Feature",
            "properties": {
                "highway": "footway",
                "level": "8"
            },
            "geometry": {
                "type": "LineString",
                "coordinates": [
                    [
                        -73.57865734471,
                        45.49719748463
                    ],
                    [
                        -73.57867332184,
                        45.49720510956
                    ],
                    [
                        -73.57872933882,
                        45.49723197652
                    ],
                    [
                        -73.57867161079,
                        45.49729111279
                    ],
                    [
                        -73.57866033122,
                        45.49728570287
                    ]
                ]
            }
        },
        {
            "type": "Feature",
            "properties": {
                "automatic_door": "yes",
                "door": "hinged",
                "addr:housenumber": "2100",
                "addr:street": "Bishop",
                "entrance": "yes",
                "wheelchair": "yes"
            },
            "geometry": {
                "type": "Point",
                "coordinates": [
                    -73.57839758716,
                    45.49742189306
                ]
            }
        },
        {
            "type": "Feature",
            "properties": {
                "ref": "H-865",
                "level": "8"
            },
            "geometry": {
                "type": "Point",
                "coordinates": [
                    -73.57842297237,
                    45.49738638411
                ]
            }
        },
        {
            "type": "Feature",
            "properties": {
                "level": "9",
                "indoor": "room",
                "ref": "H-962.1"
            },
            "geometry": {
                "type": "Polygon",
                "coordinates": [
                    [
                        [
                            -73.57887684194,
                            45.49730033225
                        ],
                        [
                            -73.57885698798,
                            45.49732085059
                        ],
                        [
                            -73.57887107608,
                            45.49732759340
                        ],
                        [
                            -73.57889650872,
                            45.49733976589
                        ],
                        [
                            -73.57891639930,
                            45.49731913851
                        ],
                        [
                            -73.57887684194,
                            45.49730033225
                        ]
                    ]
                ]
            }
        },
        {
            "type": "Feature",
            "properties": {
                "ref": "H-239",
                "indoor": "room",
                "level": "2"
            },
            "geometry": {
                "type": "Polygon",
                "coordinates": [
                    [
                        [
                            -73.57916615851,
                            45.49732150847
                        ],
                        [
                            -73.57918008878,
                            45.49730705334
                        ],
                        [
                            -73.57915877894,
                            45.49729696354
                        ],
                        [
                            -73.57914484868,
                            45.49731141867
                        ],
                        [
                            -73.57915364152,
                            45.49731558191
                        ],
                        [
                            -73.57916615851,
                            45.49732150847
                        ]
                    ]
                ]
            }
        },
        {
            "type": "Feature",
            "properties": {
                "indoor": "room",
                "amenity": "toilets",
                "female": "yes",
                "male": "no",
                "ref": "H-bath-W-2-2",
                "level": "2"
            },
            "geometry": {
                "type": "Polygon",
                "coordinates": [
                    [
                        [
                            -73.57913231609,
                            45.49735039323
                        ],
                        [
                            -73.57914950144,
                            45.49735853016
                        ],
                        [
                            -73.57915716305,
                            45.49735057987
                        ],
                        [
                            -73.57916482467,
                            45.49734262959
                        ],
                        [
                            -73.57916035646,
                            45.49734051398
                        ],
                        [
                            -73.57915588825,
                            45.49733839836
                        ],
                        [
                            -73.57915867436,
                            45.49733550729
                        ],
                        [
                            -73.57916146046,
                            45.49733261621
                        ],
                        [
                            -73.57914874326,
                            45.49732659487
                        ],
                        [
                            -73.57913858122,
                            45.49732178334
                        ],
                        [
                            -73.57913602606,
                            45.49732057352
                        ],
                        [
                            -73.57912557835,
                            45.49733141489
                        ],
                        [
                            -73.57911513063,
                            45.49734225625
                        ],
                        [
                            -73.57913231609,
                            45.49735039323
                        ]
                    ]
                ]
            }
        },
        {
            "type": "Feature",
            "properties": {
                "ref": "H-bath-M-9",
                "level": "9"
            },
            "geometry": {
                "type": "Point",
                "coordinates": [
                    -73.57883406275,
                    45.49712557272
                ]
            }
        },
        {
            "type": "Feature",
            "properties": {
                "highway": "footway",
                "level": "9"
            },
            "geometry": {
                "type": "LineString",
                "coordinates": [
                    [
                        -73.57869121724,
                        45.49715159571
                    ],
                    [
                        -73.57868489697,
                        45.49715812750
                    ],
                    [
                        -73.57863888816,
                        45.49720567605
                    ],
                    [
                        -73.57854321752,
                        45.49730454831
                    ],
                    [
                        -73.57849809780,
                        45.49735117790
                    ],
                    [
                        -73.57856368067,
                        45.49738235673
                    ],
                    [
                        -73.57859956653,
                        45.49739941725
                    ],
                    [
                        -73.57860939806,
                        45.49738925673
                    ],
                    [
                        -73.57862215572,
                        45.49739532186
                    ],
                    [
                        -73.57864977846,
                        45.49740845401
                    ],
                    [
                        -73.57868874815,
                        45.49736818029
                    ],
                    [
                        -73.57869421039,
                        45.49736253527
                    ],
                    [
                        -73.57874809717,
                        45.49730681482
                    ],
                    [
                        -73.57876273671,
                        45.49729171581
                    ],
                    [
                        -73.57877813030,
                        45.49727580709
                    ],
                    [
                        -73.57878657194,
                        45.49726708294
                    ],
                    [
                        -73.57880462481,
                        45.49724842593
                    ],
                    [
                        -73.57883306637,
                        45.49721903257
                    ]
                ]
            }
        },
        {
            "type": "Feature",
            "properties": {
                "door": "hinged",
                "entrance": "yes"
            },
            "geometry": {
                "type": "Point",
                "coordinates": [
                    -73.57915820729,
                    45.49739597649
                ]
            }
        },
        {
            "type": "Feature",
            "properties": {
                "ref": "H-877",
                "level": "8",
                "indoor": "room"
            },
            "geometry": {
                "type": "Polygon",
                "coordinates": [
                    [
                        [
                            -73.57889284300,
                            45.49743507838
                        ],
                        [
                            -73.57890105341,
                            45.49743900247
                        ],
                        [
                            -73.57891540317,
                            45.49744586722
                        ],
                        [
                            -73.57892732715,
                            45.49745155976
                        ],
                        [
                            -73.57894790245,
                            45.49743041795
                        ],
                        [
                            -73.57894860185,
                            45.49742969898
                        ],
                        [
                            -73.57896736490,
                            45.49743866660
                        ],
                        [
                            -73.57898053634,
                            45.49742514063
                        ],
                        [
                            -73.57894903389,
                            45.49741008675
                        ],
                        [
                            -73.57893517549,
                            45.49742432718
                        ],
                        [
                            -73.57891341739,
                            45.49741392810
                        ],
                        [
                            -73.57889284300,
                            45.49743507838
                        ]
                    ]
                ]
            }
        },
        {
            "type": "Feature",
            "properties": {
                "level": "8",
                "ref": "H-819"
            },
            "geometry": {
                "type": "Point",
                "coordinates": [
                    -73.57894154299,
                    45.49693790924
                ]
            }
        },
        {
            "type": "Feature",
            "properties": {
                "ref": "H-290",
                "indoor": "room",
                "level": "2"
            },
            "geometry": {
                "type": "Polygon",
                "coordinates": [
                    [
                        [
                            -73.57909604605,
                            45.49708416479
                        ],
                        [
                            -73.57912963563,
                            45.49711268001
                        ],
                        [
                            -73.57913829880,
                            45.49710409234
                        ],
                        [
                            -73.57919264932,
                            45.49705021538
                        ],
                        [
                            -73.57914993498,
                            45.49703065675
                        ],
                        [
                            -73.57914147378,
                            45.49703905815
                        ],
                        [
                            -73.57909604605,
                            45.49708416479
                        ]
                    ]
                ]
            }
        },
        {
            "type": "Feature",
            "properties": {
                "door": "hinged",
                "entrance": "yes"
            },
            "geometry": {
                "type": "Point",
                "coordinates": [
                    -73.57905268415,
                    45.49730109893
                ]
            }
        },
        {
            "type": "Feature",
            "properties": {
                "ref": "H-bath-M-2-2",
                "level": "2"
            },
            "geometry": {
                "type": "Point",
                "coordinates": [
                    -73.57911665703,
                    45.49730335918
                ]
            }
        },
        {
            "type": "Feature",
            "properties": {
                "ref": "H-845",
                "level": "8",
                "indoor": "room"
            },
            "geometry": {
                "type": "Polygon",
                "coordinates": [
                    [
                        [
                            -73.57906677783,
                            45.49748996511
                        ],
                        [
                            -73.57905011279,
                            45.49750709660
                        ],
                        [
                            -73.57902255004,
                            45.49753543080
                        ],
                        [
                            -73.57913503530,
                            45.49758919195
                        ],
                        [
                            -73.57917926309,
                            45.49754372630
                        ],
                        [
                            -73.57906677783,
                            45.49748996511
                        ]
                    ]
                ]
            }
        },
        {
            "type": "Feature",
            "properties": {
                "door": "hinged",
                "entrance": "yes"
            },
            "geometry": {
                "type": "Point",
                "coordinates": [
                    -73.57892565240,
                    45.49761684656
                ]
            }
        },
        {
            "type": "Feature",
            "properties": {
                "door": "hinged",
                "entrance": "yes"
            },
            "geometry": {
                "type": "Point",
                "coordinates": [
                    -73.57914243987,
                    45.49741416953
                ]
            }
        },
        {
            "type": "Feature",
            "properties": {
                "level": "9",
                "indoor": "room",
                "ref": "H-928"
            },
            "geometry": {
                "type": "Polygon",
                "coordinates": [
                    [
                        [
                            -73.57932094447,
                            45.49722417472
                        ],
                        [
                            -73.57929049399,
                            45.49720842725
                        ],
                        [
                            -73.57927885102,
                            45.49720240609
                        ],
                        [
                            -73.57925309453,
                            45.49722902454
                        ],
                        [
                            -73.57929830076,
                            45.49725094581
                        ],
                        [
                            -73.57932094447,
                            45.49722417472
                        ]
                    ]
                ]
            }
        },
        {
            "type": "Feature",
            "properties": {
                "ref": "H-925.3",
                "level": "9"
            },
            "geometry": {
                "type": "Point",
                "coordinates": [
                    -73.57917648227,
                    45.49708401548
                ]
            }
        },
        {
            "type": "Feature",
            "properties": {
                "level": "8",
                "ref": "H-806.01"
            },
            "geometry": {
                "type": "Point",
                "coordinates": [
                    -73.57872572365,
                    45.49719707658
                ]
            }
        },
        {
            "type": "Feature",
            "properties": {
                "door": "hinged",
                "entrance": "yes"
            },
            "geometry": {
                "type": "Point",
                "coordinates": [
                    -73.57912544819,
                    45.49743197806
                ]
            }
        },
        {
            "type": "Feature",
            "properties": {
                "level": "-1",
                "indoor": "level"
            },
            "geometry": {
                "type": "LineString",
                "coordinates": [
                    [
                        -73.57882258716,
                        45.49682539305
                    ],
                    [
                        -73.57862298716,
                        45.49703659306
                    ],
                    [
                        -73.57840758716,
                        45.49725459306
                    ],
                    [
                        -73.57829238716,
                        45.49737059306
                    ],
                    [
                        -73.57839758716,
                        45.49742189306
                    ],
                    [
                        -73.57857708716,
                        45.49750959306
                    ],
                    [
                        -73.57900598716,
                        45.49771569306
                    ],
                    [
                        -73.57901058716,
                        45.49771229306
                    ],
                    [
                        -73.57926748716,
                        45.49744679306
                    ],
                    [
                        -73.57953628716,
                        45.49717319306
                    ],
                    [
                        -73.57954158716,
                        45.49716639306
                    ],
                    [
                        -73.57945758716,
                        45.49712729306
                    ],
                    [
                        -73.57882258716,
                        45.49682539305
                    ]
                ]
            }
        },
        {
            "type": "Feature",
            "properties": {
                "door": "hinged",
                "entrance": "yes"
            },
            "geometry": {
                "type": "Point",
                "coordinates": [
                    -73.57899467137,
                    45.49766023441
                ]
            }
        },
        {
            "type": "Feature",
            "properties": {
                "ref": "H-205",
                "level": "2"
            },
            "geometry": {
                "type": "Point",
                "coordinates": [
                    -73.57905230843,
                    45.49703370942
                ]
            }
        },
        {
            "type": "Feature",
            "properties": {
                "level": "9",
                "indoor": "room"
            },
            "geometry": {
                "type": "Polygon",
                "coordinates": [
                    [
                        [
                            -73.57897551264,
                            45.49740189292
                        ],
                        [
                            -73.57895780506,
                            45.49742019303
                        ],
                        [
                            -73.57897521032,
                            45.49742846768
                        ],
                        [
                            -73.57896125888,
                            45.49744288595
                        ],
                        [
                            -73.57898974020,
                            45.49745642626
                        ],
                        [
                            -73.57902139919,
                            45.49742370792
                        ],
                        [
                            -73.57897551264,
                            45.49740189292
                        ]
                    ]
                ]
            }
        },
        {
            "type": "Feature",
            "properties": {
                "level": "9",
                "indoor": "room"
            },
            "geometry": {
                "type": "Polygon",
                "coordinates": [
                    [
                        [
                            -73.57920290096,
                            45.49716629837
                        ],
                        [
                            -73.57916533942,
                            45.49720511695
                        ],
                        [
                            -73.57923982426,
                            45.49724094839
                        ],
                        [
                            -73.57927794338,
                            45.49720155359
                        ],
                        [
                            -73.57920290096,
                            45.49716629837
                        ]
                    ]
                ]
            }
        },
        {
            "type": "Feature",
            "properties": {
                "door": "hinged",
                "entrance": "yes"
            },
            "geometry": {
                "type": "Point",
                "coordinates": [
                    -73.57879245136,
                    45.49740876784
                ]
            }
        },
        {
            "type": "Feature",
            "properties": {
                "level": "1;2",
                "highway": "steps",
                "oneway": "yes"
            },
            "geometry": {
                "type": "LineString",
                "coordinates": [
                    [
                        -73.57872255441,
                        45.49722189394
                    ],
                    [
                        -73.57864184824,
                        45.49718412534
                    ]
                ]
            }
        },
        {
            "type": "Feature",
            "properties": {
                "highway": "footway",
                "level": "1"
            },
            "geometry": {
                "type": "LineString",
                "coordinates": [
                    [
                        -73.57912375347,
                        45.49740504820
                    ],
                    [
                        -73.57914243987,
                        45.49741416953
                    ],
                    [
                        -73.57916589461,
                        45.49742561841
                    ],
                    [
                        -73.57920031986,
                        45.49739086056
                    ]
                ]
            }
        },
        {
            "type": "Feature",
            "properties": {
                "ref": "H-102.7",
                "level": "1"
            },
            "geometry": {
                "type": "Point",
                "coordinates": [
                    -73.57861271576,
                    45.49708059911
                ]
            }
        },
        {
            "type": "Feature",
            "properties": {
                "highway": "footway",
                "level": "8"
            },
            "geometry": {
                "type": "LineString",
                "coordinates": [
                    [
                        -73.57922214273,
                        45.49728403305
                    ],
                    [
                        -73.57925321055,
                        45.49729893199
                    ],
                    [
                        -73.57931307973,
                        45.49732764295
                    ],
                    [
                        -73.57929724981,
                        45.49734385901
                    ]
                ]
            }
        },
        {
            "type": "Feature",
            "properties": {
                "ref": "H-801",
                "level": "8"
            },
            "geometry": {
                "type": "Point",
                "coordinates": [
                    -73.57844986830,
                    45.49729542566
                ]
            }
        },
        {
            "type": "Feature",
            "properties": {
                "highway": "footway",
                "level": "8"
            },
            "geometry": {
                "type": "LineString",
                "coordinates": [
                    [
                        -73.57879575421,
                        45.49707614808
                    ],
                    [
                        -73.57878220516,
                        45.49706957799
                    ],
                    [
                        -73.57875482643,
                        45.49705640846
                    ],
                    [
                        -73.57870343229,
                        45.49703175864
                    ],
                    [
                        -73.57868149092,
                        45.49705423535
                    ]
                ]
            }
        },
        {
            "type": "Feature",
            "properties": {
                "level": "8",
                "indoor": "room"
            },
            "geometry": {
                "type": "Polygon",
                "coordinates": [
                    [
                        [
                            -73.57886973575,
                            45.49700396550
                        ],
                        [
                            -73.57883208605,
                            45.49704266932
                        ],
                        [
                            -73.57891265458,
                            45.49708117655
                        ],
                        [
                            -73.57895030427,
                            45.49704247276
                        ],
                        [
                            -73.57886973575,
                            45.49700396550
                        ]
                    ]
                ]
            }
        },
        {
            "type": "Feature",
            "properties": {
                "highway": "footway",
                "level": "1"
            },
            "geometry": {
                "type": "LineString",
                "coordinates": [
                    [
                        -73.57872688022,
                        45.49723862920
                    ],
                    [
                        -73.57874573631,
                        45.49724780493
                    ],
                    [
                        -73.57875480876,
                        45.49725221976
                    ],
                    [
                        -73.57876232691,
                        45.49724462895
                    ]
                ]
            }
        },
        {
            "type": "Feature",
            "properties": {
                "door": "no",
                "level": "1"
            },
            "geometry": {
                "type": "Point",
                "coordinates": [
                    -73.57866251150,
                    45.49716268347
                ]
            }
        },
        {
            "type": "Feature",
            "properties": {
                "highway": "footway",
                "level": "8"
            },
            "geometry": {
                "type": "LineString",
                "coordinates": [
                    [
                        -73.57887086560,
                        45.49697875435
                    ],
                    [
                        -73.57879591462,
                        45.49705553404
                    ],
                    [
                        -73.57878220516,
                        45.49706957799
                    ],
                    [
                        -73.57871770730,
                        45.49713562455
                    ],
                    [
                        -73.57868463583,
                        45.49716920929
                    ],
                    [
                        -73.57865734471,
                        45.49719748463
                    ],
                    [
                        -73.57860631094,
                        45.49724976338
                    ],
                    [
                        -73.57859419523,
                        45.49726219373
                    ],
                    [
                        -73.57857863709,
                        45.49727813140
                    ],
                    [
                        -73.57854394902,
                        45.49731366565
                    ],
                    [
                        -73.57851587359,
                        45.49734240684
                    ]
                ]
            }
        },
        {
            "type": "Feature",
            "properties": {
                "door": "hinged",
                "entrance": "yes"
            },
            "geometry": {
                "type": "Point",
                "coordinates": [
                    -73.57934649309,
                    45.49717274526
                ]
            }
        },
        {
            "type": "Feature",
            "properties": {
                "highway": "footway",
                "level": "1"
            },
            "geometry": {
                "type": "LineString",
                "coordinates": [
                    [
                        -73.57872688022,
                        45.49723862920
                    ],
                    [
                        -73.57871328496,
                        45.49723201349
                    ],
                    [
                        -73.57868356242,
                        45.49721754994
                    ],
                    [
                        -73.57869028917,
                        45.49721075817
                    ]
                ]
            }
        },
        {
            "type": "Feature",
            "properties": {
                "highway": "footway",
                "level": "1"
            },
            "geometry": {
                "type": "LineString",
                "coordinates": [
                    [
                        -73.57897652659,
                        45.49755370104
                    ],
                    [
                        -73.57899711786,
                        45.49756372639
                    ],
                    [
                        -73.57904007079,
                        45.49758463902
                    ]
                ]
            }
        },
        {
            "type": "Feature",
            "properties": {
                "door": "no",
                "level": "2"
            },
            "geometry": {
                "type": "Point",
                "coordinates": [
                    -73.57874253422,
                    45.49720124107
                ]
            }
        },
        {
            "type": "Feature",
            "properties": {
                "female": "no",
                "male": "yes",
                "indoor": "room",
                "amenity": "toilets",
                "ref": "H-bath-M-2-1",
                "level": "2"
            },
            "geometry": {
                "type": "Polygon",
                "coordinates": [
                    [
                        [
                            -73.57914529890,
                            45.49723304189
                        ],
                        [
                            -73.57914065548,
                            45.49723786027
                        ],
                        [
                            -73.57916059052,
                            45.49724729915
                        ],
                        [
                            -73.57917557501,
                            45.49723175005
                        ],
                        [
                            -73.57918055726,
                            45.49722658007
                        ],
                        [
                            -73.57912693895,
                            45.49720119279
                        ],
                        [
                            -73.57911927729,
                            45.49720914313
                        ],
                        [
                            -73.57911161563,
                            45.49721709349
                        ],
                        [
                            -73.57914529890,
                            45.49723304189
                        ]
                    ]
                ]
            }
        },
        {
            "type": "Feature",
            "properties": {
                "website": "https://www.csu.qc.ca/services/hojo/",
                "name:fr": "HOJO Centre de ressources pour le logement et l'emploi hors campus",
                "phone": "+1-514-848-7474 ext. 7935",
                "name": "HOJO Centre de ressources pour le logement et l'emploi hors campus",
                "opening_hours": "Mo-Th 10:00-18:00; Fr 11:00-16:00",
                "name:en": "HOJO Off Campus Housing & Job Resource Centre",
                "office": "yes"
            },
            "geometry": {
                "type": "Point",
                "coordinates": [
                    -73.57920940000,
                    45.49729370000
                ]
            }
        },
        {
            "type": "Feature",
            "properties": {
                "highway": "footway",
                "level": "8"
            },
            "geometry": {
                "type": "LineString",
                "coordinates": [
                    [
                        -73.57890487487,
                        45.49752889970
                    ],
                    [
                        -73.57888829891,
                        45.49754587993
                    ],
                    [
                        -73.57885052262,
                        45.49758457755
                    ],
                    [
                        -73.57882909951,
                        45.49757430262
                    ]
                ]
            }
        },
        {
            "type": "Feature",
            "properties": {
                "level": "1;2",
                "indoor": "room",
                "ref": "H-elevator-1"
            },
            "geometry": {
                "type": "Polygon",
                "coordinates": [
                    [
                        [
                            -73.57865906678,
                            45.49726597294
                        ],
                        [
                            -73.57867389616,
                            45.49727305260
                        ],
                        [
                            -73.57868979210,
                            45.49725669339
                        ],
                        [
                            -73.57870520650,
                            45.49724082974
                        ],
                        [
                            -73.57869037712,
                            45.49723375008
                        ],
                        [
                            -73.57867554775,
                            45.49722667041
                        ],
                        [
                            -73.57865989258,
                            45.49724278184
                        ],
                        [
                            -73.57864423741,
                            45.49725889327
                        ],
                        [
                            -73.57865906678,
                            45.49726597294
                        ]
                    ]
                ]
            }
        },
        {
            "type": "Feature",
            "properties": {
                "door": "hinged",
                "entrance": "yes"
            },
            "geometry": {
                "type": "Point",
                "coordinates": [
                    -73.57915789629,
                    45.49749101372
                ]
            }
        },
        {
            "type": "Feature",
            "properties": {
                "highway": "footway",
                "level": "8"
            },
            "geometry": {
                "type": "LineString",
                "coordinates": [
                    [
                        -73.57909202942,
                        45.49731511924
                    ],
                    [
                        -73.57906834569,
                        45.49733938070
                    ],
                    [
                        -73.57905315218,
                        45.49735494482
                    ],
                    [
                        -73.57906237098,
                        45.49735910375
                    ],
                    [
                        -73.57908366264,
                        45.49736870918
                    ],
                    [
                        -73.57907316393,
                        45.49737928772
                    ]
                ]
            }
        },
        {
            "type": "Feature",
            "properties": {
                "highway": "footway",
                "level": "8"
            },
            "geometry": {
                "type": "LineString",
                "coordinates": [
                    [
                        -73.57875830370,
                        45.49740873729
                    ],
                    [
                        -73.57876848983,
                        45.49741362277
                    ],
                    [
                        -73.57877917818,
                        45.49740267371
                    ],
                    [
                        -73.57878620990,
                        45.49739547048
                    ],
                    [
                        -73.57878759629,
                        45.49739405026
                    ],
                    [
                        -73.57880432374,
                        45.49737691480
                    ],
                    [
                        -73.57877992302,
                        45.49736521171
                    ]
                ]
            }
        },
        {
            "type": "Feature",
            "properties": {
                "level": "8",
                "stairs": "yes",
                "indoor": "room",
                "ref": "H-stair-8-2"
            },
            "geometry": {
                "type": "Polygon",
                "coordinates": [
                    [
                        [
                            -73.57883208605,
                            45.49704266932
                        ],
                        [
                            -73.57881207086,
                            45.49706324490
                        ],
                        [
                            -73.57880386212,
                            45.49707168346
                        ],
                        [
                            -73.57890662342,
                            45.49712079756
                        ],
                        [
                            -73.57892329089,
                            45.49710393558
                        ],
                        [
                            -73.57893484735,
                            45.49709178344
                        ],
                        [
                            -73.57883208605,
                            45.49704266932
                        ]
                    ]
                ]
            }
        },
        {
            "type": "Feature",
            "properties": {
                "door": "no",
                "level": "1"
            },
            "geometry": {
                "type": "Point",
                "coordinates": [
                    -73.57857473249,
                    45.49725584763
                ]
            }
        },
        {
            "type": "Feature",
            "properties": {
                "door": "hinged",
                "entrance": "yes"
            },
            "geometry": {
                "type": "Point",
                "coordinates": [
                    -73.57898983425,
                    45.49738637648
                ]
            }
        },
        {
            "type": "Feature",
            "properties": {
                "door": "hinged",
                "entrance": "yes"
            },
            "geometry": {
                "type": "Point",
                "coordinates": [
                    -73.57929049399,
                    45.49720842725
                ]
            }
        },
        {
            "type": "Feature",
            "properties": {
                "highway": "footway",
                "level": "9"
            },
            "geometry": {
                "type": "LineString",
                "coordinates": [
                    [
                        -73.57886751206,
                        45.49759978175
                    ],
                    [
                        -73.57887515919,
                        45.49759187876
                    ],
                    [
                        -73.57890359029,
                        45.49756249638
                    ],
                    [
                        -73.57893206363,
                        45.49757603287
                    ]
                ]
            }
        },
        {
            "type": "Feature",
            "properties": {
                "highway": "footway",
                "level": "2"
            },
            "geometry": {
                "type": "LineString",
                "coordinates": [
                    [
                        -73.57911051015,
                        45.49702466791
                    ],
                    [
                        -73.57910799705,
                        45.49702732474
                    ],
                    [
                        -73.57909223214,
                        45.49704399125
                    ],
                    [
                        -73.57908984545,
                        45.49704651444
                    ],
                    [
                        -73.57909050588,
                        45.49704682138
                    ],
                    [
                        -73.57909827587,
                        45.49705043245
                    ]
                ]
            }
        },
        {
            "type": "Feature",
            "properties": {
                "automatic_door": "no",
                "exit": "yes",
                "door": "hinged",
                "entrance": "yes",
                "wheelchair": "yes",
                "level": "2"
            },
            "geometry": {
                "type": "Point",
                "coordinates": [
                    -73.57926748716,
                    45.49744679306
                ]
            }
        },
        {
            "type": "Feature",
            "properties": {
                "door": "hinged",
                "entrance": "yes"
            },
            "geometry": {
                "type": "Point",
                "coordinates": [
                    -73.57851712647,
                    45.49730076294
                ]
            }
        },
        {
            "type": "Feature",
            "properties": {
                "indoor": "room",
                "ref": "H-224",
                "level": "2"
            },
            "geometry": {
                "type": "Polygon",
                "coordinates": [
                    [
                        [
                            -73.57893005451,
                            45.49723357525
                        ],
                        [
                            -73.57897645503,
                            45.49725554503
                        ],
                        [
                            -73.57900013653,
                            45.49723097124
                        ],
                        [
                            -73.57902381802,
                            45.49720639742
                        ],
                        [
                            -73.57902360704,
                            45.49720629752
                        ],
                        [
                            -73.57902339606,
                            45.49720619762
                        ],
                        [
                            -73.57896969911,
                            45.49719341654
                        ],
                        [
                            -73.57891600216,
                            45.49718063544
                        ],
                        [
                            -73.57891493380,
                            45.49718044554
                        ],
                        [
                            -73.57891386544,
                            45.49718025565
                        ],
                        [
                            -73.57889875972,
                            45.49719593056
                        ],
                        [
                            -73.57888365400,
                            45.49721160547
                        ],
                        [
                            -73.57890559309,
                            45.49722199322
                        ],
                        [
                            -73.57893005451,
                            45.49723357525
                        ]
                    ]
                ]
            }
        },
        {
            "type": "Feature",
            "properties": {
                "level": "8",
                "indoor": "room",
                "ref": "H-805.01"
            },
            "geometry": {
                "type": "Polygon",
                "coordinates": [
                    [
                        [
                            -73.57858380262,
                            45.49718430754
                        ],
                        [
                            -73.57855049211,
                            45.49721855058
                        ],
                        [
                            -73.57857946078,
                            45.49723239593
                        ],
                        [
                            -73.57858230799,
                            45.49723375673
                        ],
                        [
                            -73.57861561850,
                            45.49719951371
                        ],
                        [
                            -73.57858380262,
                            45.49718430754
                        ]
                    ]
                ]
            }
        },
        {
            "type": "Feature",
            "properties": {
                "door": "yes",
                "entrance": "staircase"
            },
            "geometry": {
                "type": "Point",
                "coordinates": [
                    -73.57922399300,
                    45.49726003466
                ]
            }
        },
        {
            "type": "Feature",
            "properties": {
                "highway": "footway",
                "level": "2"
            },
            "geometry": {
                "type": "LineString",
                "coordinates": [
                    [
                        -73.57915037883,
                        45.49731903118
                    ],
                    [
                        -73.57915364152,
                        45.49731558191
                    ],
                    [
                        -73.57916113466,
                        45.49730766028
                    ],
                    [
                        -73.57915589756,
                        45.49730522636
                    ]
                ]
            }
        },
        {
            "type": "Feature",
            "properties": {
                "highway": "footway",
                "level": "2"
            },
            "geometry": {
                "type": "LineString",
                "coordinates": [
                    [
                        -73.57862965624,
                        45.49735755119
                    ],
                    [
                        -73.57862105109,
                        45.49736625862
                    ],
                    [
                        -73.57859879264,
                        45.49738878162
                    ],
                    [
                        -73.57860967548,
                        45.49739378374
                    ]
                ]
            }
        },
        {
            "type": "Feature",
            "properties": {
                "level": "9",
                "ref": "H-906"
            },
            "geometry": {
                "type": "Point",
                "coordinates": [
                    -73.57869052014,
                    45.49719762243
                ]
            }
        },
        {
            "type": "Feature",
            "properties": {
                "door": "elevator",
                "repeat_on": "1;2;8;9",
                "level": "1"
            },
            "geometry": {
                "type": "Point",
                "coordinates": [
                    -73.57868979210,
                    45.49725669339
                ]
            }
        },
        {
            "type": "Feature",
            "properties": {
                "level": "9",
                "ref": "H-961.1"
            },
            "geometry": {
                "type": "Point",
                "coordinates": [
                    -73.57865983939,
                    45.49753827089
                ]
            }
        },
        {
            "type": "Feature",
            "properties": {
                "indoor": "room",
                "ref": "H-224.1",
                "level": "2"
            },
            "geometry": {
                "type": "Polygon",
                "coordinates": [
                    [
                        [
                            -73.57883347264,
                            45.49718784550
                        ],
                        [
                            -73.57884308794,
                            45.49719239818
                        ],
                        [
                            -73.57888227914,
                            45.49721095450
                        ],
                        [
                            -73.57889730292,
                            45.49719536462
                        ],
                        [
                            -73.57891232670,
                            45.49717977474
                        ],
                        [
                            -73.57885470852,
                            45.49716606914
                        ],
                        [
                            -73.57879709034,
                            45.49715236354
                        ],
                        [
                            -73.57879691454,
                            45.49715228625
                        ],
                        [
                            -73.57879673875,
                            45.49715220897
                        ],
                        [
                            -73.57879070228,
                            45.49715847291
                        ],
                        [
                            -73.57878466581,
                            45.49716473684
                        ],
                        [
                            -73.57883347264,
                            45.49718784550
                        ]
                    ]
                ]
            }
        },
        {
            "type": "Feature",
            "properties": {
                "indoor": "room"
            },
            "geometry": {
                "type": "Polygon",
                "coordinates": [
                    [
                        [
                            -73.57882615296,
                            45.49682358058
                        ],
                        [
                            -73.57875225392,
                            45.49689954887
                        ],
                        [
                            -73.57883436002,
                            45.49693879107
                        ],
                        [
                            -73.57884790874,
                            45.49694526661
                        ],
                        [
                            -73.57885775989,
                            45.49694997492
                        ],
                        [
                            -73.57893165892,
                            45.49687400669
                        ],
                        [
                            -73.57882615296,
                            45.49682358058
                        ]
                    ]
                ]
            }
        },
        {
            "type": "Feature",
            "properties": {
                "door": "hinged",
                "entrance": "yes"
            },
            "geometry": {
                "type": "Point",
                "coordinates": [
                    -73.57905111491,
                    45.49760190237
                ]
            }
        },
        {
            "type": "Feature",
            "properties": {
                "level": "9",
                "indoor": "room",
                "ref": "H-964.1"
            },
            "geometry": {
                "type": "Polygon",
                "coordinates": [
                    [
                        [
                            -73.57869545480,
                            45.49738453052
                        ],
                        [
                            -73.57866755197,
                            45.49741336704
                        ],
                        [
                            -73.57870078021,
                            45.49742916410
                        ],
                        [
                            -73.57872868304,
                            45.49740032759
                        ],
                        [
                            -73.57872377066,
                            45.49739799219
                        ],
                        [
                            -73.57869545480,
                            45.49738453052
                        ]
                    ]
                ]
            }
        },
        {
            "type": "Feature",
            "properties": {
                "level": "8",
                "indoor": "room",
                "ref": "H-832.02"
            },
            "geometry": {
                "type": "Polygon",
                "coordinates": [
                    [
                        [
                            -73.57914215773,
                            45.49723133367
                        ],
                        [
                            -73.57912004384,
                            45.49725406663
                        ],
                        [
                            -73.57916952692,
                            45.49727771667
                        ],
                        [
                            -73.57919496544,
                            45.49728987481
                        ],
                        [
                            -73.57921707933,
                            45.49726714186
                        ],
                        [
                            -73.57914215773,
                            45.49723133367
                        ]
                    ]
                ]
            }
        },
        {
            "type": "Feature",
            "properties": {
                "door": "hinged",
                "entrance": "yes"
            },
            "geometry": {
                "type": "Point",
                "coordinates": [
                    -73.57869644685,
                    45.49745418614
                ]
            }
        },
        {
            "type": "Feature",
            "properties": {
                "door": "hinged",
                "entrance": "yes"
            },
            "geometry": {
                "type": "Point",
                "coordinates": [
                    -73.57903611794,
                    45.49703522015
                ]
            }
        },
        {
            "type": "Feature",
            "properties": {
                "highway": "elevator",
                "level": "2;8"
            },
            "geometry": {
                "type": "LineString",
                "coordinates": [
                    [
                        -73.57867196459,
                        45.49724802239
                    ],
                    [
                        -73.57872077052,
                        45.49729372519
                    ]
                ]
            }
        },
        {
            "type": "Feature",
            "properties": {
                "ref": "H-stair-2-4",
                "stairs": "yes",
                "indoor": "room",
                "level": "2"
            },
            "geometry": {
                "type": "Polygon",
                "coordinates": [
                    [
                        [
                            -73.57901903074,
                            45.49701881084
                        ],
                        [
                            -73.57897206500,
                            45.49697894987
                        ],
                        [
                            -73.57899093170,
                            45.49695672161
                        ],
                        [
                            -73.57905176847,
                            45.49698473365
                        ],
                        [
                            -73.57903139234,
                            45.49700594347
                        ],
                        [
                            -73.57901903074,
                            45.49701881084
                        ]
                    ]
                ]
            }
        },
        {
            "type": "Feature",
            "properties": {
                "highway": "footway",
                "level": "2"
            },
            "geometry": {
                "type": "LineString",
                "coordinates": [
                    [
                        -73.57881696860,
                        45.49742908732
                    ],
                    [
                        -73.57877910291,
                        45.49746923454
                    ],
                    [
                        -73.57880152615,
                        45.49747965498
                    ],
                    [
                        -73.57880368854,
                        45.49748065994
                    ],
                    [
                        -73.57881517579,
                        45.49748599855
                    ],
                    [
                        -73.57881924096,
                        45.49748170093
                    ]
                ]
            }
        },
        {
            "type": "Feature",
            "properties": {
                "door": "hinged",
                "entrance": "yes"
            },
            "geometry": {
                "type": "Point",
                "coordinates": [
                    -73.57905011279,
                    45.49750709660
                ]
            }
        },
        {
            "type": "Feature",
            "properties": {
                "name": "Level 2",
                "wall": "yes",
                "height": "5.0229",
                "indoor": "level",
                "level": "1"
            },
            "geometry": {
                "type": "LineString",
                "coordinates": [
                    [
                        -73.57882258716,
                        45.49682539305
                    ],
                    [
                        -73.57862298716,
                        45.49703659306
                    ],
                    [
                        -73.57840758716,
                        45.49725459306
                    ],
                    [
                        -73.57829238716,
                        45.49737059306
                    ],
                    [
                        -73.57839758716,
                        45.49742189306
                    ],
                    [
                        -73.57857708716,
                        45.49750959306
                    ],
                    [
                        -73.57900598716,
                        45.49771569306
                    ],
                    [
                        -73.57901058716,
                        45.49771229306
                    ],
                    [
                        -73.57926748716,
                        45.49744679306
                    ],
                    [
                        -73.57953628716,
                        45.49717319306
                    ],
                    [
                        -73.57954158716,
                        45.49716639306
                    ],
                    [
                        -73.57945758716,
                        45.49712729306
                    ],
                    [
                        -73.57882258716,
                        45.49682539305
                    ]
                ]
            }
        },
        {
            "type": "Feature",
            "properties": {
                "ref": "H-224.1",
                "level": "2"
            },
            "geometry": {
                "type": "Point",
                "coordinates": [
                    -73.57885516370,
                    45.49717963183
                ]
            }
        },
        {
            "type": "Feature",
            "properties": {
                "door": "hinged",
                "entrance": "yes"
            },
            "geometry": {
                "type": "Point",
                "coordinates": [
                    -73.57894710208,
                    45.49765071259
                ]
            }
        },
        {
            "type": "Feature",
            "properties": {
                "door": "hinged",
                "entrance": "yes"
            },
            "geometry": {
                "type": "Point",
                "coordinates": [
                    -73.57876877318,
                    45.49725862120
                ]
            }
        },
        {
            "type": "Feature",
            "properties": {
                "highway": "footway",
                "level": "2"
            },
            "geometry": {
                "type": "LineString",
                "coordinates": [
                    [
                        -73.57865995844,
                        45.49732551617
                    ],
                    [
                        -73.57862965624,
                        45.49735755119
                    ],
                    [
                        -73.57871726846,
                        45.49739826841
                    ],
                    [
                        -73.57870869035,
                        45.49740733705
                    ],
                    [
                        -73.57869055935,
                        45.49742650485
                    ],
                    [
                        -73.57867954014,
                        45.49742138374
                    ]
                ]
            }
        },
        {
            "type": "Feature",
            "properties": {
                "door": "hinged",
                "entrance": "yes"
            },
            "geometry": {
                "type": "Point",
                "coordinates": [
                    -73.57883996035,
                    45.49743977258
                ]
            }
        },
        {
            "type": "Feature",
            "properties": {
                "door": "hinged",
                "entrance": "yes"
            },
            "geometry": {
                "type": "Point",
                "coordinates": [
                    -73.57879003344,
                    45.49743399429
                ]
            }
        },
        {
            "type": "Feature",
            "properties": {
                "door": "hinged",
                "entrance": "yes"
            },
            "geometry": {
                "type": "Point",
                "coordinates": [
                    -73.57881326366,
                    45.49705890236
                ]
            }
        },
        {
            "type": "Feature",
            "properties": {
                "level": "8",
                "indoor": "room",
                "ref": "H-832.05"
            },
            "geometry": {
                "type": "Polygon",
                "coordinates": [
                    [
                        [
                            -73.57908572256,
                            45.49725319986
                        ],
                        [
                            -73.57906612128,
                            45.49727333577
                        ],
                        [
                            -73.57911576046,
                            45.49729706042
                        ],
                        [
                            -73.57913535613,
                            45.49727691619
                        ],
                        [
                            -73.57911418171,
                            45.49726679605
                        ],
                        [
                            -73.57910973053,
                            45.49726466864
                        ],
                        [
                            -73.57908572256,
                            45.49725319986
                        ]
                    ]
                ]
            }
        },
        {
            "type": "Feature",
            "properties": {
                "highway": "footway",
                "level": "9"
            },
            "geometry": {
                "type": "LineString",
                "coordinates": [
                    [
                        -73.57885574685,
                        45.49697921611
                    ],
                    [
                        -73.57886519750,
                        45.49696944914
                    ],
                    [
                        -73.57883111582,
                        45.49695324626
                    ]
                ]
            }
        },
        {
            "type": "Feature",
            "properties": {
                "highway": "footway",
                "level": "8"
            },
            "geometry": {
                "type": "LineString",
                "coordinates": [
                    [
                        -73.57862355288,
                        45.49739400087
                    ],
                    [
                        -73.57860667705,
                        45.49741128150
                    ],
                    [
                        -73.57856913374,
                        45.49744972536
                    ],
                    [
                        -73.57854771062,
                        45.49743945041
                    ]
                ]
            }
        },
        {
            "type": "Feature",
            "properties": {
                "level": "9",
                "indoor": "room",
                "ref": "H-966.2"
            },
            "geometry": {
                "type": "Polygon",
                "coordinates": [
                    [
                        [
                            -73.57892322024,
                            45.49731387976
                        ],
                        [
                            -73.57889746377,
                            45.49734049813
                        ],
                        [
                            -73.57891781112,
                            45.49735017149
                        ],
                        [
                            -73.57893227433,
                            45.49735704746
                        ],
                        [
                            -73.57895803080,
                            45.49733042910
                        ],
                        [
                            -73.57892322024,
                            45.49731387976
                        ]
                    ]
                ]
            }
        },
        {
            "type": "Feature",
            "properties": {
                "ref": "H-927.4",
                "level": "9"
            },
            "geometry": {
                "type": "Point",
                "coordinates": [
                    -73.57921786173,
                    45.49711585036
                ]
            }
        },
        {
            "type": "Feature",
            "properties": {
                "ref": "H-109",
                "level": "1"
            },
            "geometry": {
                "type": "Point",
                "coordinates": [
                    -73.57904439371,
                    45.49702976827
                ]
            }
        },
        {
            "type": "Feature",
            "properties": {
                "level": "9",
                "indoor": "room"
            },
            "geometry": {
                "type": "Polygon",
                "coordinates": [
                    [
                        [
                            -73.57848469976,
                            45.49728838338
                        ],
                        [
                            -73.57844982119,
                            45.49732442912
                        ],
                        [
                            -73.57847592908,
                            45.49733684111
                        ],
                        [
                            -73.57851080764,
                            45.49730079537
                        ],
                        [
                            -73.57848469976,
                            45.49728838338
                        ]
                    ]
                ]
            }
        },
        {
            "type": "Feature",
            "properties": {
                "level": "9",
                "indoor": "room"
            },
            "geometry": {
                "type": "Polygon",
                "coordinates": [
                    [
                        [
                            -73.57861980406,
                            45.49713562649
                        ],
                        [
                            -73.57858653528,
                            45.49717000867
                        ],
                        [
                            -73.57862767499,
                            45.49718956700
                        ],
                        [
                            -73.57866094376,
                            45.49715518484
                        ],
                        [
                            -73.57861980406,
                            45.49713562649
                        ]
                    ]
                ]
            }
        },
        {
            "type": "Feature",
            "properties": {
                "ref": "H-877",
                "level": "8"
            },
            "geometry": {
                "type": "Point",
                "coordinates": [
                    -73.57893006910,
                    45.49743084357
                ]
            }
        },
        {
            "type": "Feature",
            "properties": {
                "level": "8",
                "indoor": "room",
                "ref": "H-806.03"
            },
            "geometry": {
                "type": "Polygon",
                "coordinates": [
                    [
                        [
                            -73.57877971129,
                            45.49720269534
                        ],
                        [
                            -73.57875115950,
                            45.49723204642
                        ],
                        [
                            -73.57878277054,
                            45.49724715468
                        ],
                        [
                            -73.57881132233,
                            45.49721780360
                        ],
                        [
                            -73.57879089553,
                            45.49720804077
                        ],
                        [
                            -73.57877971129,
                            45.49720269534
                        ]
                    ]
                ]
            }
        },
        {
            "type": "Feature",
            "properties": {
                "level": "9",
                "indoor": "room",
                "ref": "H-961.4"
            },
            "geometry": {
                "type": "Polygon",
                "coordinates": [
                    [
                        [
                            -73.57873411699,
                            45.49748066107
                        ],
                        [
                            -73.57870408351,
                            45.49751169949
                        ],
                        [
                            -73.57871468617,
                            45.49751674009
                        ],
                        [
                            -73.57873731170,
                            45.49752749649
                        ],
                        [
                            -73.57876732898,
                            45.49749647483
                        ],
                        [
                            -73.57873411699,
                            45.49748066107
                        ]
                    ]
                ]
            }
        },
        {
            "type": "Feature",
            "properties": {
                "door": "hinged",
                "entrance": "yes"
            },
            "geometry": {
                "type": "Point",
                "coordinates": [
                    -73.57866965268,
                    45.49733215521
                ]
            }
        },
        {
            "type": "Feature",
            "properties": {
                "level": "8",
                "indoor": "room",
                "ref": "H-853"
            },
            "geometry": {
                "type": "Polygon",
                "coordinates": [
                    [
                        [
                            -73.57882849784,
                            45.49751729862
                        ],
                        [
                            -73.57875375897,
                            45.49759412932
                        ],
                        [
                            -73.57882519070,
                            45.49762826934
                        ],
                        [
                            -73.57889992957,
                            45.49755143869
                        ],
                        [
                            -73.57888829891,
                            45.49754587993
                        ],
                        [
                            -73.57882849784,
                            45.49751729862
                        ]
                    ]
                ]
            }
        },
        {
            "type": "Feature",
            "properties": {
                "door": "hinged",
                "entrance": "yes"
            },
            "geometry": {
                "type": "Point",
                "coordinates": [
                    -73.57860667705,
                    45.49741128150
                ]
            }
        },
        {
            "type": "Feature",
            "properties": {
                "wall": "yes",
                "level": "8"
            },
            "geometry": {
                "type": "LineString",
                "coordinates": [
                    [
                        -73.57901673567,
                        45.49707464466
                    ],
                    [
                        -73.57898608412,
                        45.49710615436
                    ],
                    [
                        -73.57903288248,
                        45.49712852696
                    ],
                    [
                        -73.57906353619,
                        45.49709701267
                    ],
                    [
                        -73.57901673567,
                        45.49707464466
                    ]
                ]
            }
        },
        {
            "type": "Feature",
            "properties": {
                "door": "hinged",
                "entrance": "yes"
            },
            "geometry": {
                "type": "Point",
                "coordinates": [
                    -73.57914080113,
                    45.49731458000
                ]
            }
        },
        {
            "type": "Feature",
            "properties": {
                "level": "8",
                "indoor": "room",
                "ref": "H-886"
            },
            "geometry": {
                "type": "Polygon",
                "coordinates": [
                    [
                        [
                            -73.57895030427,
                            45.49704247276
                        ],
                        [
                            -73.57891265458,
                            45.49708117655
                        ],
                        [
                            -73.57893484735,
                            45.49709178344
                        ],
                        [
                            -73.57895155465,
                            45.49707460487
                        ],
                        [
                            -73.57897249705,
                            45.49705307966
                        ],
                        [
                            -73.57896276189,
                            45.49704842680
                        ],
                        [
                            -73.57895030427,
                            45.49704247276
                        ]
                    ]
                ]
            }
        },
        {
            "type": "Feature",
            "properties": {
                "door": "no",
                "level": "9",
                "ref": "H-stair-9-3"
            },
            "geometry": {
                "type": "Point",
                "coordinates": [
                    -73.57863483746,
                    45.49734030277
                ]
            }
        },
        {
            "type": "Feature",
            "properties": {
                "door": "no",
                "ref": "H-stair-2-2",
                "level": "2"
            },
            "geometry": {
                "type": "Point",
                "coordinates": [
                    -73.57887580618,
                    45.49752771069
                ]
            }
        },
        {
            "type": "Feature",
            "properties": {
                "door": "hinged",
                "entrance": "yes"
            },
            "geometry": {
                "type": "Point",
                "coordinates": [
                    -73.57845223629,
                    45.49734662824
                ]
            }
        },
        {
            "type": "Feature",
            "properties": {
                "highway": "footway",
                "level": "9"
            },
            "geometry": {
                "type": "LineString",
                "coordinates": [
                    [
                        -73.57890297435,
                        45.49761664084
                    ],
                    [
                        -73.57889429695,
                        45.49762560857
                    ],
                    [
                        -73.57887795661,
                        45.49764249563
                    ],
                    [
                        -73.57886527304,
                        45.49763646575
                    ]
                ]
            }
        },
        {
            "type": "Feature",
            "properties": {
                "level": "8",
                "ref": "H-863"
            },
            "geometry": {
                "type": "Point",
                "coordinates": [
                    -73.57847934685,
                    45.49740618622
                ]
            }
        },
        {
            "type": "Feature",
            "properties": {
                "highway": "footway",
                "level": "9"
            },
            "geometry": {
                "type": "LineString",
                "coordinates": [
                    [
                        -73.57883049670,
                        45.49758218430
                    ],
                    [
                        -73.57882483883,
                        45.49758803148
                    ],
                    [
                        -73.57880741015,
                        45.49760604330
                    ],
                    [
                        -73.57879472653,
                        45.49760001339
                    ]
                ]
            }
        },
        {
            "type": "Feature",
            "properties": {
                "ref": "H-927",
                "level": "9",
                "indoor": "room"
            },
            "geometry": {
                "type": "Polygon",
                "coordinates": [
                    [
                        [
                            -73.57932458739,
                            45.49706262366
                        ],
                        [
                            -73.57929294215,
                            45.49709532802
                        ],
                        [
                            -73.57923688429,
                            45.49706910273
                        ],
                        [
                            -73.57922596801,
                            45.49707970128
                        ],
                        [
                            -73.57927903225,
                            45.49710492873
                        ],
                        [
                            -73.57923556818,
                            45.49714984742
                        ],
                        [
                            -73.57924447214,
                            45.49715408047
                        ],
                        [
                            -73.57924901773,
                            45.49715624151
                        ],
                        [
                            -73.57923989563,
                            45.49716566889
                        ],
                        [
                            -73.57929668861,
                            45.49719212922
                        ],
                        [
                            -73.57939183530,
                            45.49709459409
                        ],
                        [
                            -73.57932458739,
                            45.49706262366
                        ]
                    ]
                ]
            }
        },
        {
            "type": "Feature",
            "properties": {
                "door": "hinged",
                "entrance": "yes"
            },
            "geometry": {
                "type": "Point",
                "coordinates": [
                    -73.57875782311,
                    45.49704551317
                ]
            }
        },
        {
            "type": "Feature",
            "properties": {
                "ref": "H-914",
                "level": "9"
            },
            "geometry": {
                "type": "Point",
                "coordinates": [
                    -73.57877386094,
                    45.49723032033
                ]
            }
        },
        {
            "type": "Feature",
            "properties": {
                "door": "hinged",
                "entrance": "yes"
            },
            "geometry": {
                "type": "Point",
                "coordinates": [
                    -73.57899007816,
                    45.49735222141
                ]
            }
        },
        {
            "type": "Feature",
            "properties": {
                "highway": "footway",
                "level": "9"
            },
            "geometry": {
                "type": "LineString",
                "coordinates": [
                    [
                        -73.57898750088,
                        45.49704185383
                    ],
                    [
                        -73.57900535754,
                        45.49702339952
                    ],
                    [
                        -73.57904227659,
                        45.49698524482
                    ],
                    [
                        -73.57907722117,
                        45.49700185797
                    ]
                ]
            }
        },
        {
            "type": "Feature",
            "properties": {
                "ref": "H-859",
                "level": "8",
                "indoor": "room"
            },
            "geometry": {
                "type": "Polygon",
                "coordinates": [
                    [
                        [
                            -73.57861543323,
                            45.49741546644
                        ],
                        [
                            -73.57854069436,
                            45.49749229728
                        ],
                        [
                            -73.57861253652,
                            45.49752663352
                        ],
                        [
                            -73.57868727539,
                            45.49744980273
                        ],
                        [
                            -73.57862451361,
                            45.49741980632
                        ],
                        [
                            -73.57861543323,
                            45.49741546644
                        ]
                    ]
                ]
            }
        },
        {
            "type": "Feature",
            "properties": {
                "door": "hinged",
                "entrance": "yes"
            },
            "geometry": {
                "type": "Point",
                "coordinates": [
                    -73.57898090632,
                    45.49766678342
                ]
            }
        },
        {
            "type": "Feature",
            "properties": {
                "level": "8",
                "ref": "H-817"
            },
            "geometry": {
                "type": "Point",
                "coordinates": [
                    -73.57884219888,
                    45.49688941632
                ]
            }
        },
        {
            "type": "Feature",
            "properties": {
                "highway": "footway",
                "level": "9"
            },
            "geometry": {
                "type": "LineString",
                "coordinates": [
                    [
                        -73.57928628077,
                        45.49727799961
                    ],
                    [
                        -73.57927567644,
                        45.49727295819
                    ],
                    [
                        -73.57925440590,
                        45.49726284592
                    ],
                    [
                        -73.57926483382,
                        45.49725206902
                    ]
                ]
            }
        },
        {
            "type": "Feature",
            "properties": {
                "level": "8",
                "ref": "H-805.01"
            },
            "geometry": {
                "type": "Point",
                "coordinates": [
                    -73.57859140463,
                    45.49720674476
                ]
            }
        },
        {
            "type": "Feature",
            "properties": {
                "ref": "H-139",
                "level": "1"
            },
            "geometry": {
                "type": "Point",
                "coordinates": [
                    -73.57904007079,
                    45.49758463902
                ]
            }
        },
        {
            "type": "Feature",
            "properties": {
                "ref": "H-967",
                "level": "9",
                "indoor": "room"
            },
            "geometry": {
                "type": "Polygon",
                "coordinates": [
                    [
                        [
                            -73.57835200804,
                            45.49729897858
                        ],
                        [
                            -73.57827795819,
                            45.49737550640
                        ],
                        [
                            -73.57846150458,
                            45.49746276631
                        ],
                        [
                            -73.57853555443,
                            45.49738623861
                        ],
                        [
                            -73.57845223629,
                            45.49734662824
                        ],
                        [
                            -73.57835200804,
                            45.49729897858
                        ]
                    ]
                ]
            }
        },
        {
            "type": "Feature",
            "properties": {
                "door": "hinged",
                "entrance": "yes"
            },
            "geometry": {
                "type": "Point",
                "coordinates": [
                    -73.57844400503,
                    45.49735418908
                ]
            }
        },
        {
            "type": "Feature",
            "properties": {
                "level": "-1;1",
                "stairs": "yes",
                "conveying": "yes",
                "ref": "H-escalator-3",
                "indoor": "area"
            },
            "geometry": {
                "type": "Polygon",
                "coordinates": [
                    [
                        [
                            -73.57850050483,
                            45.49720312822
                        ],
                        [
                            -73.57852930941,
                            45.49717475214
                        ],
                        [
                            -73.57852286445,
                            45.49717162634
                        ],
                        [
                            -73.57851642106,
                            45.49716850130
                        ],
                        [
                            -73.57848761648,
                            45.49719687736
                        ],
                        [
                            -73.57845881190,
                            45.49722525342
                        ],
                        [
                            -73.57846528128,
                            45.49722835521
                        ],
                        [
                            -73.57847170026,
                            45.49723150427
                        ],
                        [
                            -73.57850050483,
                            45.49720312822
                        ]
                    ]
                ]
            }
        },
        {
            "type": "Feature",
            "properties": {
                "ref": "H-196",
                "indoor": "room",
                "level": "1"
            },
            "geometry": {
                "type": "Polygon",
                "coordinates": [
                    [
                        [
                            -73.57868186633,
                            45.49722854571
                        ],
                        [
                            -73.57870559315,
                            45.49723987309
                        ],
                        [
                            -73.57871328496,
                            45.49723201349
                        ],
                        [
                            -73.57871828963,
                            45.49722710421
                        ],
                        [
                            -73.57873098611,
                            45.49721433533
                        ],
                        [
                            -73.57870686264,
                            45.49720281858
                        ],
                        [
                            -73.57868273916,
                            45.49719130183
                        ],
                        [
                            -73.57867043780,
                            45.49720425934
                        ],
                        [
                            -73.57865813643,
                            45.49721721686
                        ],
                        [
                            -73.57868186633,
                            45.49722854571
                        ]
                    ]
                ]
            }
        },
        {
            "type": "Feature",
            "properties": {
                "ref": "H-925.2",
                "level": "9"
            },
            "geometry": {
                "type": "Point",
                "coordinates": [
                    -73.57919219691,
                    45.49702949885
                ]
            }
        },
        {
            "type": "Feature",
            "properties": {
                "door": "hinged",
                "entrance": "yes"
            },
            "geometry": {
                "type": "Point",
                "coordinates": [
                    -73.57916208155,
                    45.49729526717
                ]
            }
        },
        {
            "type": "Feature",
            "properties": {
                "level": "9",
                "ref": "H-962.1"
            },
            "geometry": {
                "type": "Point",
                "coordinates": [
                    -73.57889534176,
                    45.49732516207
                ]
            }
        },
        {
            "type": "Feature",
            "properties": {
                "highway": "footway",
                "level": "1"
            },
            "geometry": {
                "type": "LineString",
                "coordinates": [
                    [
                        -73.57876447106,
                        45.49720067504
                    ],
                    [
                        -73.57880208919,
                        45.49721898074
                    ],
                    [
                        -73.57881206031,
                        45.49720891319
                    ],
                    [
                        -73.57883651431,
                        45.49718422270
                    ]
                ]
            }
        },
        {
            "type": "Feature",
            "properties": {
                "highway": "footway",
                "level": "1"
            },
            "geometry": {
                "type": "LineString",
                "coordinates": [
                    [
                        -73.57864576319,
                        45.49732053015
                    ],
                    [
                        -73.57866965268,
                        45.49733215521
                    ],
                    [
                        -73.57867996144,
                        45.49733717164
                    ]
                ]
            }
        },
        {
            "type": "Feature",
            "properties": {
                "highway": "footway",
                "level": "8"
            },
            "geometry": {
                "type": "LineString",
                "coordinates": [
                    [
                        -73.57914458082,
                        45.49703177323
                    ],
                    [
                        -73.57910778089,
                        45.49706947102
                    ],
                    [
                        -73.57909256753,
                        45.49708505556
                    ],
                    [
                        -73.57906053690,
                        45.49711786765
                    ],
                    [
                        -73.57905467341,
                        45.49712388982
                    ],
                    [
                        -73.57903990617,
                        45.49713905667
                    ],
                    [
                        -73.57899834707,
                        45.49718174037
                    ],
                    [
                        -73.57896502507,
                        45.49716576769
                    ],
                    [
                        -73.57892666698,
                        45.49714731351
                    ],
                    [
                        -73.57896750496,
                        45.49710549787
                    ],
                    [
                        -73.57898299860,
                        45.49708963331
                    ],
                    [
                        -73.57898776728,
                        45.49708475047
                    ],
                    [
                        -73.57902098459,
                        45.49705072273
                    ],
                    [
                        -73.57903611794,
                        45.49703522015
                    ],
                    [
                        -73.57907335426,
                        45.49699707530
                    ],
                    [
                        -73.57907946175,
                        45.49700000459
                    ]
                ]
            }
        },
        {
            "type": "Feature",
            "properties": {
                "door": "no",
                "level": "1"
            },
            "geometry": {
                "type": "Point",
                "coordinates": [
                    -73.57855453358,
                    45.49727680761
                ]
            }
        },
        {
            "type": "Feature",
            "properties": {
                "door": "no",
                "level": "8",
                "ref": "H-stair-8-1"
            },
            "geometry": {
                "type": "Point",
                "coordinates": [
                    -73.57919083412,
                    45.49723378362
                ]
            }
        },
        {
            "type": "Feature",
            "properties": {
                "ref": "H-961.15",
                "level": "9",
                "indoor": "room"
            },
            "geometry": {
                "type": "Polygon",
                "coordinates": [
                    [
                        [
                            -73.57890213228,
                            45.49762933356
                        ],
                        [
                            -73.57887369285,
                            45.49765872452
                        ],
                        [
                            -73.57890850340,
                            45.49767527375
                        ],
                        [
                            -73.57893694284,
                            45.49764588280
                        ],
                        [
                            -73.57890956900,
                            45.49763286903
                        ],
                        [
                            -73.57890213228,
                            45.49762933356
                        ]
                    ]
                ]
            }
        },
        {
            "type": "Feature",
            "properties": {
                "highway": "footway",
                "level": "9"
            },
            "geometry": {
                "type": "LineString",
                "coordinates": [
                    [
                        -73.57878718374,
                        45.49719721940
                    ],
                    [
                        -73.57877687638,
                        45.49720787170
                    ],
                    [
                        -73.57876104859,
                        45.49722422918
                    ],
                    [
                        -73.57877386094,
                        45.49723032033
                    ]
                ]
            }
        },
        {
            "type": "Feature",
            "properties": {
                "door": "hinged",
                "entrance": "yes"
            },
            "geometry": {
                "type": "Point",
                "coordinates": [
                    -73.57877687638,
                    45.49720787170
                ]
            }
        },
        {
            "type": "Feature",
            "properties": {
                "highway": "footway",
                "level": "9"
            },
            "geometry": {
                "type": "LineString",
                "coordinates": [
                    [
                        -73.57870835670,
                        45.49713363852
                    ],
                    [
                        -73.57873051304,
                        45.49714416845
                    ],
                    [
                        -73.57890224519,
                        45.49722578510
                    ],
                    [
                        -73.57890844535,
                        45.49721937745
                    ]
                ]
            }
        },
        {
            "type": "Feature",
            "properties": {
                "level": "1;2",
                "highway": "steps"
            },
            "geometry": {
                "type": "LineString",
                "coordinates": [
                    [
                        -73.57874253422,
                        45.49720124107
                    ],
                    [
                        -73.57866251150,
                        45.49716268347
                    ]
                ]
            }
        },
        {
            "type": "Feature",
            "properties": {
                "level": "9",
                "indoor": "room",
                "ref": "H-961.13"
            },
            "geometry": {
                "type": "Polygon",
                "coordinates": [
                    [
                        [
                            -73.57886811293,
                            45.49761316045
                        ],
                        [
                            -73.57883967349,
                            45.49764255142
                        ],
                        [
                            -73.57887290168,
                            45.49765834839
                        ],
                        [
                            -73.57890134113,
                            45.49762895743
                        ],
                        [
                            -73.57889429695,
                            45.49762560857
                        ],
                        [
                            -73.57886811293,
                            45.49761316045
                        ]
                    ]
                ]
            }
        },
        {
            "type": "Feature",
            "properties": {
                "ref": "H-133.1",
                "indoor": "room",
                "level": "1"
            },
            "geometry": {
                "type": "Polygon",
                "coordinates": [
                    [
                        [
                            -73.57909206061,
                            45.49747633041
                        ],
                        [
                            -73.57911105756,
                            45.49748556040
                        ],
                        [
                            -73.57911686514,
                            45.49747958359
                        ],
                        [
                            -73.57912267271,
                            45.49747360679
                        ],
                        [
                            -73.57911678256,
                            45.49747076241
                        ],
                        [
                            -73.57910967278,
                            45.49746740054
                        ],
                        [
                            -73.57909667284,
                            45.49746119429
                        ],
                        [
                            -73.57909120101,
                            45.49746714117
                        ],
                        [
                            -73.57908572943,
                            45.49747308818
                        ],
                        [
                            -73.57909206061,
                            45.49747633041
                        ]
                    ]
                ]
            }
        },
        {
            "type": "Feature",
            "properties": {
                "ref": "H-913",
                "level": "9",
                "indoor": "room"
            },
            "geometry": {
                "type": "Polygon",
                "coordinates": [
                    [
                        [
                            -73.57869274468,
                            45.49694683838
                        ],
                        [
                            -73.57864230492,
                            45.49699896637
                        ],
                        [
                            -73.57875227453,
                            45.49705124746
                        ],
                        [
                            -73.57875782311,
                            45.49704551317
                        ],
                        [
                            -73.57880271428,
                            45.49699911952
                        ],
                        [
                            -73.57869274468,
                            45.49694683838
                        ]
                    ]
                ]
            }
        },
        {
            "type": "Feature",
            "properties": {
                "highway": "footway",
                "level": "9"
            },
            "geometry": {
                "type": "LineString",
                "coordinates": [
                    [
                        -73.57933776133,
                        45.49722479625
                    ],
                    [
                        -73.57934926546,
                        45.49723026546
                    ]
                ]
            }
        },
        {
            "type": "Feature",
            "properties": {
                "door": "no",
                "level": "1"
            },
            "geometry": {
                "type": "Point",
                "coordinates": [
                    -73.57864184824,
                    45.49718412534
                ]
            }
        },
        {
            "type": "Feature",
            "properties": {
                "highway": "footway",
                "level": "9"
            },
            "geometry": {
                "type": "LineString",
                "coordinates": [
                    [
                        -73.57877813030,
                        45.49727580709
                    ],
                    [
                        -73.57879355988,
                        45.49728314249
                    ],
                    [
                        -73.57883438049,
                        45.49730254909
                    ],
                    [
                        -73.57883934617,
                        45.49729741723
                    ]
                ]
            }
        },
        {
            "type": "Feature",
            "properties": {
                "door": "hinged",
                "entrance": "yes"
            },
            "geometry": {
                "type": "Point",
                "coordinates": [
                    -73.57905538753,
                    45.49750387504
                ]
            }
        },
        {
            "type": "Feature",
            "properties": {
                "ref": "H-813",
                "level": "8"
            },
            "geometry": {
                "type": "Point",
                "coordinates": [
                    -73.57873409593,
                    45.49700112841
                ]
            }
        },
        {
            "type": "Feature",
            "properties": {
                "highway": "footway",
                "level": "9"
            },
            "geometry": {
                "type": "LineString",
                "coordinates": [
                    [
                        -73.57868489697,
                        45.49715812750
                    ],
                    [
                        -73.57866021145,
                        45.49714639169
                    ],
                    [
                        -73.57860258307,
                        45.49711899440
                    ],
                    [
                        -73.57861768150,
                        45.49710339067
                    ]
                ]
            }
        },
        {
            "type": "Feature",
            "properties": {
                "door": "hinged",
                "entrance": "yes"
            },
            "geometry": {
                "type": "Point",
                "coordinates": [
                    -73.57882396057,
                    45.49696064100
                ]
            }
        },
        {
            "type": "Feature",
            "properties": {
                "level": "9",
                "ref": "H-907"
            },
            "geometry": {
                "type": "Point",
                "coordinates": [
                    -73.57856939025,
                    45.49714665835
                ]
            }
        },
        {
            "type": "Feature",
            "properties": {
                "highway": "footway",
                "level": "9"
            },
            "geometry": {
                "type": "LineString",
                "coordinates": [
                    [
                        -73.57845797386,
                        45.49734069867
                    ],
                    [
                        -73.57845223629,
                        45.49734662824
                    ],
                    [
                        -73.57841223092,
                        45.49738797231
                    ]
                ]
            }
        },
        {
            "type": "Feature",
            "properties": {
                "ref": "H-260",
                "level": "2"
            },
            "geometry": {
                "type": "Point",
                "coordinates": [
                    -73.57867954014,
                    45.49742138374
                ]
            }
        },
        {
            "type": "Feature",
            "properties": {
                "ref": "H-843",
                "level": "8"
            },
            "geometry": {
                "type": "Point",
                "coordinates": [
                    -73.57915371219,
                    45.49749245995
                ]
            }
        },
        {
            "type": "Feature",
            "properties": {
                "highway": "footway",
                "level": "1"
            },
            "geometry": {
                "type": "LineString",
                "coordinates": [
                    [
                        -73.57864184824,
                        45.49718412534
                    ],
                    [
                        -73.57859212546,
                        45.49716062403
                    ]
                ]
            }
        },
        {
            "type": "Feature",
            "properties": {
                "ref": "H-921",
                "level": "9"
            },
            "geometry": {
                "type": "Point",
                "coordinates": [
                    -73.57899844785,
                    45.49696414311
                ]
            }
        },
        {
            "type": "Feature",
            "properties": {
                "highway": "footway",
                "level": "2"
            },
            "geometry": {
                "type": "LineString",
                "coordinates": [
                    [
                        -73.57890398654,
                        45.49733714353
                    ],
                    [
                        -73.57872623652,
                        45.49725544792
                    ]
                ]
            }
        },
        {
            "type": "Feature",
            "properties": {
                "highway": "footway",
                "level": "9"
            },
            "geometry": {
                "type": "LineString",
                "coordinates": [
                    [
                        -73.57897067571,
                        45.49703385492
                    ],
                    [
                        -73.57895633676,
                        45.49704867378
                    ],
                    [
                        -73.57893521196,
                        45.49707050560
                    ]
                ]
            }
        },
        {
            "type": "Feature",
            "properties": {
                "door": "hinged",
                "entrance": "yes"
            },
            "geometry": {
                "type": "Point",
                "coordinates": [
                    -73.57891726284,
                    45.49735073812
                ]
            }
        },
        {
            "type": "Feature",
            "properties": {
                "height": "3.6576",
                "wall": "yes",
                "level": "5",
                "indoor": "level",
                "name": "Level 6"
            },
            "geometry": {
                "type": "LineString",
                "coordinates": [
                    [
                        -73.57882258716,
                        45.49682539305
                    ],
                    [
                        -73.57862298716,
                        45.49703659306
                    ],
                    [
                        -73.57840758716,
                        45.49725459306
                    ],
                    [
                        -73.57829238716,
                        45.49737059306
                    ],
                    [
                        -73.57839758716,
                        45.49742189306
                    ],
                    [
                        -73.57857708716,
                        45.49750959306
                    ],
                    [
                        -73.57900598716,
                        45.49771569306
                    ],
                    [
                        -73.57901058716,
                        45.49771229306
                    ],
                    [
                        -73.57926748716,
                        45.49744679306
                    ],
                    [
                        -73.57953628716,
                        45.49717319306
                    ],
                    [
                        -73.57954158716,
                        45.49716639306
                    ],
                    [
                        -73.57945758716,
                        45.49712729306
                    ],
                    [
                        -73.57882258716,
                        45.49682539305
                    ]
                ]
            }
        },
        {
            "type": "Feature",
            "properties": {
                "ref": "H-925.1",
                "level": "9",
                "indoor": "room"
            },
            "geometry": {
                "type": "Polygon",
                "coordinates": [
                    [
                        [
                            -73.57928661232,
                            45.49704456974
                        ],
                        [
                            -73.57925548993,
                            45.49707673375
                        ],
                        [
                            -73.57929267388,
                            45.49709441150
                        ],
                        [
                            -73.57932379626,
                            45.49706224750
                        ],
                        [
                            -73.57928661232,
                            45.49704456974
                        ]
                    ]
                ]
            }
        },
        {
            "type": "Feature",
            "properties": {
                "door": "hinged",
                "entrance": "yes"
            },
            "geometry": {
                "type": "Point",
                "coordinates": [
                    -73.57855224603,
                    45.49739417400
                ]
            }
        },
        {
            "type": "Feature",
            "properties": {
                "level": "9",
                "indoor": "room",
                "ref": "H-961.30"
            },
            "geometry": {
                "type": "Polygon",
                "coordinates": [
                    [
                        [
                            -73.57903467809,
                            45.49751503406
                        ],
                        [
                            -73.57901321436,
                            45.49753721596
                        ],
                        [
                            -73.57906068326,
                            45.49755978313
                        ],
                        [
                            -73.57907504932,
                            45.49754493639
                        ],
                        [
                            -73.57908214698,
                            45.49753760124
                        ],
                        [
                            -73.57903467809,
                            45.49751503406
                        ]
                    ]
                ]
            }
        },
        {
            "type": "Feature",
            "properties": {
                "level": "9",
                "indoor": "room",
                "ref": "H-992"
            },
            "geometry": {
                "type": "Polygon",
                "coordinates": [
                    [
                        [
                            -73.57874671174,
                            45.49723725234
                        ],
                        [
                            -73.57871076001,
                            45.49727440720
                        ],
                        [
                            -73.57874003249,
                            45.49728832369
                        ],
                        [
                            -73.57876877318,
                            45.49725862120
                        ],
                        [
                            -73.57877598422,
                            45.49725116884
                        ],
                        [
                            -73.57874671174,
                            45.49723725234
                        ]
                    ]
                ]
            }
        },
        {
            "type": "Feature",
            "properties": {
                "level": "8",
                "ref": "H-892"
            },
            "geometry": {
                "type": "Point",
                "coordinates": [
                    -73.57874981433,
                    45.49726088425
                ]
            }
        },
        {
            "type": "Feature",
            "properties": {
                "ref": "H-150.1",
                "level": "1"
            },
            "geometry": {
                "type": "Point",
                "coordinates": [
                    -73.57889601050,
                    45.49736985801
                ]
            }
        },
        {
            "type": "Feature",
            "properties": {
                "highway": "elevator",
                "level": "1;2;8;9",
                "ref": "H-elevator-1"
            },
            "geometry": {
                "type": "Point",
                "coordinates": [
                    -73.57867196459,
                    45.49724802239
                ]
            }
        },
        {
            "type": "Feature",
            "properties": {
                "level": "9",
                "indoor": "room",
                "ref": "H-933.2"
            },
            "geometry": {
                "type": "Polygon",
                "coordinates": [
                    [
                        [
                            -73.57933953356,
                            45.49733367636
                        ],
                        [
                            -73.57932387805,
                            45.49734765422
                        ],
                        [
                            -73.57929245658,
                            45.49734475040
                        ],
                        [
                            -73.57928274052,
                            45.49737914012
                        ],
                        [
                            -73.57931811907,
                            45.49739639465
                        ],
                        [
                            -73.57936643262,
                            45.49734646439
                        ],
                        [
                            -73.57933953356,
                            45.49733367636
                        ]
                    ]
                ]
            }
        },
        {
            "type": "Feature",
            "properties": {
                "ref": "H-961.26",
                "level": "9",
                "indoor": "room"
            },
            "geometry": {
                "type": "Polygon",
                "coordinates": [
                    [
                        [
                            -73.57899649737,
                            45.49756165450
                        ],
                        [
                            -73.57893800873,
                            45.49762210010
                        ],
                        [
                            -73.57898073075,
                            45.49764241053
                        ],
                        [
                            -73.57902975390,
                            45.49759174715
                        ],
                        [
                            -73.57903921940,
                            45.49758196495
                        ],
                        [
                            -73.57899649737,
                            45.49756165450
                        ]
                    ]
                ]
            }
        },
        {
            "type": "Feature",
            "properties": {
                "level": "9",
                "ref": "H-961.8"
            },
            "geometry": {
                "type": "Point",
                "coordinates": [
                    -73.57888479085,
                    45.49753739995
                ]
            }
        },
        {
            "type": "Feature",
            "properties": {
                "level": "9",
                "ref": "H-961.31"
            },
            "geometry": {
                "type": "Point",
                "coordinates": [
                    -73.57915011141,
                    45.49754909831
                ]
            }
        },
        {
            "type": "Feature",
            "properties": {
                "highway": "footway",
                "level": "8"
            },
            "geometry": {
                "type": "LineString",
                "coordinates": [
                    [
                        -73.57931311551,
                        45.49719085031
                    ],
                    [
                        -73.57923869517,
                        45.49726708614
                    ],
                    [
                        -73.57922214273,
                        45.49728403305
                    ],
                    [
                        -73.57920411743,
                        45.49730250737
                    ],
                    [
                        -73.57915998129,
                        45.49734772013
                    ],
                    [
                        -73.57912733051,
                        45.49738116735
                    ],
                    [
                        -73.57907966024,
                        45.49743000039
                    ],
                    [
                        -73.57904632050,
                        45.49746415332
                    ],
                    [
                        -73.57901897731,
                        45.49749216342
                    ],
                    [
                        -73.57898500755,
                        45.49752696171
                    ],
                    [
                        -73.57895816518,
                        45.49755445875
                    ]
                ]
            }
        },
        {
            "type": "Feature",
            "properties": {
                "door": "hinged",
                "entrance": "yes"
            },
            "geometry": {
                "type": "Point",
                "coordinates": [
                    -73.57862105109,
                    45.49736625862
                ]
            }
        },
        {
            "type": "Feature",
            "properties": {
                "door": "hinged",
                "entrance": "yes"
            },
            "geometry": {
                "type": "Point",
                "coordinates": [
                    -73.57909223214,
                    45.49704399125
                ]
            }
        },
        {
            "type": "Feature",
            "properties": {
                "wall": "yes",
                "level": "8"
            },
            "geometry": {
                "type": "LineString",
                "coordinates": [
                    [
                        -73.57898608412,
                        45.49710615436
                    ],
                    [
                        -73.57896750496,
                        45.49710549787
                    ],
                    [
                        -73.57892329089,
                        45.49710393558
                    ]
                ]
            }
        },
        {
            "type": "Feature",
            "properties": {
                "door": "hinged",
                "entrance": "yes"
            },
            "geometry": {
                "type": "Point",
                "coordinates": [
                    -73.57871328496,
                    45.49723201349
                ]
            }
        },
        {
            "type": "Feature",
            "properties": {
                "ref": "H-932",
                "level": "9",
                "indoor": "room"
            },
            "geometry": {
                "type": "Polygon",
                "coordinates": [
                    [
                        [
                            -73.57925202132,
                            45.49723013366
                        ],
                        [
                            -73.57922894784,
                            45.49725397930
                        ],
                        [
                            -73.57927341291,
                            45.49727515738
                        ],
                        [
                            -73.57927567644,
                            45.49727295819
                        ],
                        [
                            -73.57929779702,
                            45.49725146640
                        ],
                        [
                            -73.57925202132,
                            45.49723013366
                        ]
                    ]
                ]
            }
        },
        {
            "type": "Feature",
            "properties": {
                "ref": "H-929.25",
                "level": "9",
                "indoor": "room"
            },
            "geometry": {
                "type": "Polygon",
                "coordinates": [
                    [
                        [
                            -73.57939262613,
                            45.49709497015
                        ],
                        [
                            -73.57929761027,
                            45.49719316590
                        ],
                        [
                            -73.57931334476,
                            45.49720018299
                        ],
                        [
                            -73.57933389762,
                            45.49717959205
                        ],
                        [
                            -73.57938370505,
                            45.49720327113
                        ],
                        [
                            -73.57936767113,
                            45.49721984164
                        ],
                        [
                            -73.57935479251,
                            45.49722121381
                        ],
                        [
                            -73.57935632554,
                            45.49722931669
                        ],
                        [
                            -73.57935729417,
                            45.49723443638
                        ],
                        [
                            -73.57943779958,
                            45.49727270962
                        ],
                        [
                            -73.57954136204,
                            45.49716568139
                        ],
                        [
                            -73.57939262613,
                            45.49709497015
                        ]
                    ]
                ]
            }
        },
        {
            "type": "Feature",
            "properties": {
                "ref": "H-131",
                "level": "1"
            },
            "geometry": {
                "type": "Point",
                "coordinates": [
                    -73.57920031986,
                    45.49739086056
                ]
            }
        },
        {
            "type": "Feature",
            "properties": {
                "highway": "footway",
                "level": "8"
            },
            "geometry": {
                "type": "LineString",
                "coordinates": [
                    [
                        -73.57859419523,
                        45.49726219373
                    ],
                    [
                        -73.57856725272,
                        45.49724923347
                    ],
                    [
                        -73.57851540968,
                        45.49722436842
                    ],
                    [
                        -73.57849638142,
                        45.49724386087
                    ]
                ]
            }
        },
        {
            "type": "Feature",
            "properties": {
                "level": "8",
                "ref": "H-847",
                "indoor": "room"
            },
            "geometry": {
                "type": "Polygon",
                "coordinates": [
                    [
                        [
                            -73.57902255004,
                            45.49753543080
                        ],
                        [
                            -73.57901622374,
                            45.49754193417
                        ],
                        [
                            -73.57896964494,
                            45.49758981664
                        ],
                        [
                            -73.57908213019,
                            45.49764357774
                        ],
                        [
                            -73.57913503530,
                            45.49758919195
                        ],
                        [
                            -73.57902255004,
                            45.49753543080
                        ]
                    ]
                ]
            }
        },
        {
            "type": "Feature",
            "properties": {
                "level": "9",
                "indoor": "room",
                "ref": "H-961.11"
            },
            "geometry": {
                "type": "Polygon",
                "coordinates": [
                    [
                        [
                            -73.57883416857,
                            45.49759213474
                        ],
                        [
                            -73.57880248944,
                            45.49762487382
                        ],
                        [
                            -73.57883806610,
                            45.49764178728
                        ],
                        [
                            -73.57886908130,
                            45.49761038227
                        ],
                        [
                            -73.57884441071,
                            45.49759748791
                        ],
                        [
                            -73.57883416857,
                            45.49759213474
                        ]
                    ]
                ]
            }
        },
        {
            "type": "Feature",
            "properties": {
                "level": "8",
                "ref": "H-827",
                "indoor": "room"
            },
            "geometry": {
                "type": "Polygon",
                "coordinates": [
                    [
                        [
                            -73.57921574479,
                            45.49700978407
                        ],
                        [
                            -73.57914184576,
                            45.49708575211
                        ],
                        [
                            -73.57918925830,
                            45.49710841263
                        ],
                        [
                            -73.57921656179,
                            45.49712146215
                        ],
                        [
                            -73.57929046083,
                            45.49704549415
                        ],
                        [
                            -73.57921574479,
                            45.49700978407
                        ]
                    ]
                ]
            }
        },
        {
            "type": "Feature",
            "properties": {
                "indoor": "room",
                "ref": "H-175",
                "level": "1"
            },
            "geometry": {
                "type": "Polygon",
                "coordinates": [
                    [
                        [
                            -73.57882900366,
                            45.49754795734
                        ],
                        [
                            -73.57884976458,
                            45.49755786872
                        ],
                        [
                            -73.57885456221,
                            45.49755293129
                        ],
                        [
                            -73.57885935984,
                            45.49754799386
                        ],
                        [
                            -73.57886160251,
                            45.49754906452
                        ],
                        [
                            -73.57886862815,
                            45.49755241860
                        ],
                        [
                            -73.57887789646,
                            45.49755684335
                        ],
                        [
                            -73.57888673403,
                            45.49754774826
                        ],
                        [
                            -73.57889213287,
                            45.49754219211
                        ],
                        [
                            -73.57889557160,
                            45.49753865318
                        ],
                        [
                            -73.57886554237,
                            45.49752431705
                        ],
                        [
                            -73.57883551314,
                            45.49750998092
                        ],
                        [
                            -73.57882187794,
                            45.49752401344
                        ],
                        [
                            -73.57880824274,
                            45.49753804596
                        ],
                        [
                            -73.57882900366,
                            45.49754795734
                        ]
                    ]
                ]
            }
        },
        {
            "type": "Feature",
            "properties": {
                "door": "hinged",
                "entrance": "yes"
            },
            "geometry": {
                "type": "Point",
                "coordinates": [
                    -73.57915364152,
                    45.49731558191
                ]
            }
        },
        {
            "type": "Feature",
            "properties": {
                "addr:province": "QC",
                "amenity": "theatre",
                "name:en": "Concordia Theatre",
                "level:ref": "00",
                "check_date": "2024-05-17",
                "wheelchair": "yes",
                "old_name": "Théâtre D.B. Clarke",
                "name:fr": "Théâtre de Concordia",
                "old_name:en": "D.B. Clarke Theatre",
                "addr:housenumber": "1455",
                "email": "finearts.venuerentals@concordia.ca",
                "addr:street": "Boulevard De Maisonneuve Ouest",
                "addr:city": "Montréal",
                "level": "-2",
                "name": "Théâtre de Concordia",
                "old_name:fr": "Théâtre D.B. Clarke"
            },
            "geometry": {
                "type": "Point",
                "coordinates": [
                    -73.57851280000,
                    45.49740730000
                ]
            }
        },
        {
            "type": "Feature",
            "properties": {
                "highway": "footway",
                "level": "9"
            },
            "geometry": {
                "type": "LineString",
                "coordinates": [
                    [
                        -73.57897067571,
                        45.49703385492
                    ],
                    [
                        -73.57898853238,
                        45.49701540060
                    ],
                    [
                        -73.57902562698,
                        45.49697706446
                    ],
                    [
                        -73.57899844785,
                        45.49696414311
                    ]
                ]
            }
        },
        {
            "type": "Feature",
            "properties": {
                "ref": "H-961.15",
                "level": "9"
            },
            "geometry": {
                "type": "Point",
                "coordinates": [
                    -73.57890805733,
                    45.49765786538
                ]
            }
        },
        {
            "type": "Feature",
            "properties": {
                "door": "hinged",
                "entrance": "yes"
            },
            "geometry": {
                "type": "Point",
                "coordinates": [
                    -73.57915621211,
                    45.49725392016
                ]
            }
        },
        {
            "type": "Feature",
            "properties": {
                "highway": "footway",
                "level": "9"
            },
            "geometry": {
                "type": "LineString",
                "coordinates": [
                    [
                        -73.57898615562,
                        45.49765618595
                    ],
                    [
                        -73.57899467137,
                        45.49766023441
                    ],
                    [
                        -73.57902722177,
                        45.49767570915
                    ]
                ]
            }
        },
        {
            "type": "Feature",
            "properties": {
                "highway": "footway",
                "level": "1"
            },
            "geometry": {
                "type": "LineString",
                "coordinates": [
                    [
                        -73.57911954180,
                        45.49746811829
                    ],
                    [
                        -73.57911678256,
                        45.49747076241
                    ],
                    [
                        -73.57911032032,
                        45.49747750988
                    ],
                    [
                        -73.57910330085,
                        45.49747396950
                    ]
                ]
            }
        },
        {
            "type": "Feature",
            "properties": {
                "ref": "H-231",
                "level": "2"
            },
            "geometry": {
                "type": "Point",
                "coordinates": [
                    -73.57923555324,
                    45.49722198744
                ]
            }
        },
        {
            "type": "Feature",
            "properties": {
                "door": "hinged",
                "entrance": "yes"
            },
            "geometry": {
                "type": "Point",
                "coordinates": [
                    -73.57905986995,
                    45.49744199728
                ]
            }
        },
        {
            "type": "Feature",
            "properties": {
                "level": "9",
                "indoor": "room",
                "ref": "H-961.8"
            },
            "geometry": {
                "type": "Polygon",
                "coordinates": [
                    [
                        [
                            -73.57889048357,
                            45.49751125450
                        ],
                        [
                            -73.57888082488,
                            45.49752123636
                        ],
                        [
                            -73.57887640604,
                            45.49751913560
                        ],
                        [
                            -73.57886658418,
                            45.49751446619
                        ],
                        [
                            -73.57884726683,
                            45.49753442990
                        ],
                        [
                            -73.57889219258,
                            45.49755524827
                        ],
                        [
                            -73.57892133832,
                            45.49752592316
                        ],
                        [
                            -73.57889048357,
                            45.49751125450
                        ]
                    ]
                ]
            }
        },
        {
            "type": "Feature",
            "properties": {
                "level": "9",
                "indoor": "room"
            },
            "geometry": {
                "type": "LineString",
                "coordinates": [
                    [
                        -73.57873995692,
                        45.49723303874
                    ],
                    [
                        -73.57876814671,
                        45.49720372151
                    ]
                ]
            }
        },
        {
            "type": "Feature",
            "properties": {
                "level": "9",
                "ref": "H-966.2"
            },
            "geometry": {
                "type": "Point",
                "coordinates": [
                    -73.57893026849,
                    45.49733729726
                ]
            }
        },
        {
            "type": "Feature",
            "properties": {
                "door": "no",
                "level": "8"
            },
            "geometry": {
                "type": "Point",
                "coordinates": [
                    -73.57899094904,
                    45.49731405500
                ]
            }
        },
        {
            "type": "Feature",
            "properties": {
                "door": "hinged",
                "entrance": "yes"
            },
            "geometry": {
                "type": "Point",
                "coordinates": [
                    -73.57902975390,
                    45.49759174715
                ]
            }
        },
        {
            "type": "Feature",
            "properties": {
                "ref": "H-851.03",
                "level": "8",
                "indoor": "room"
            },
            "geometry": {
                "type": "Polygon",
                "coordinates": [
                    [
                        [
                            -73.57890119678,
                            45.49760515827
                        ],
                        [
                            -73.57889617137,
                            45.49761032433
                        ],
                        [
                            -73.57886172782,
                            45.49764573185
                        ],
                        [
                            -73.57889826494,
                            45.49766319436
                        ],
                        [
                            -73.57893773390,
                            45.49762262079
                        ],
                        [
                            -73.57892565240,
                            45.49761684656
                        ],
                        [
                            -73.57890119678,
                            45.49760515827
                        ]
                    ]
                ]
            }
        },
        {
            "type": "Feature",
            "properties": {
                "highway": "footway",
                "level": "1"
            },
            "geometry": {
                "type": "LineString",
                "coordinates": [
                    [
                        -73.57892007307,
                        45.49727639393
                    ],
                    [
                        -73.57897678504,
                        45.49730399102
                    ],
                    [
                        -73.57898530414,
                        45.49729538959
                    ],
                    [
                        -73.57899953740,
                        45.49728101878
                    ],
                    [
                        -73.57899132387,
                        45.49727702192
                    ],
                    [
                        -73.57896989899,
                        45.49726659617
                    ],
                    [
                        -73.57896554634,
                        45.49727099088
                    ]
                ]
            }
        },
        {
            "type": "Feature",
            "properties": {
                "door": "hinged",
                "entrance": "yes"
            },
            "geometry": {
                "type": "Point",
                "coordinates": [
                    -73.57866687561,
                    45.49722682550
                ]
            }
        },
        {
            "type": "Feature",
            "properties": {
                "highway": "footway",
                "level": "8"
            },
            "geometry": {
                "type": "LineString",
                "coordinates": [
                    [
                        -73.57873409593,
                        45.49700112841
                    ],
                    [
                        -73.57871766141,
                        45.49701796392
                    ],
                    [
                        -73.57876850316,
                        45.49704234882
                    ],
                    [
                        -73.57879591462,
                        45.49705553404
                    ],
                    [
                        -73.57881207086,
                        45.49706324490
                    ],
                    [
                        -73.57882492442,
                        45.49706940976
                    ],
                    [
                        -73.57887293842,
                        45.49709243838
                    ],
                    [
                        -73.57887998802,
                        45.49708521679
                    ]
                ]
            }
        },
        {
            "type": "Feature",
            "properties": {
                "door": "hinged",
                "entrance": "yes"
            },
            "geometry": {
                "type": "Point",
                "coordinates": [
                    -73.57910778089,
                    45.49706947102
                ]
            }
        },
        {
            "type": "Feature",
            "properties": {
                "level": "2;8;9",
                "highway": "steps"
            },
            "geometry": {
                "type": "LineString",
                "coordinates": [
                    [
                        -73.57863483746,
                        45.49734030277
                    ],
                    [
                        -73.57862625876,
                        45.49733630521
                    ],
                    [
                        -73.57860967548,
                        45.49739378374
                    ]
                ]
            }
        },
        {
            "type": "Feature",
            "properties": {
                "highway": "footway",
                "level": "1"
            },
            "geometry": {
                "type": "LineString",
                "coordinates": [
                    [
                        -73.57898530414,
                        45.49729538959
                    ],
                    [
                        -73.57900232534,
                        45.49730367907
                    ],
                    [
                        -73.57903022441,
                        45.49731726616
                    ],
                    [
                        -73.57906428043,
                        45.49733383844
                    ],
                    [
                        -73.57907221073,
                        45.49732583152
                    ],
                    [
                        -73.57914161007,
                        45.49725576151
                    ]
                ]
            }
        },
        {
            "type": "Feature",
            "properties": {
                "door": "hinged",
                "entrance": "yes"
            },
            "geometry": {
                "type": "Point",
                "coordinates": [
                    -73.57907504932,
                    45.49754493639
                ]
            }
        },
        {
            "type": "Feature",
            "properties": {
                "highway": "footway",
                "level": "1"
            },
            "geometry": {
                "type": "LineString",
                "coordinates": [
                    [
                        -73.57895126282,
                        45.49732975986
                    ],
                    [
                        -73.57893545424,
                        45.49734572120
                    ],
                    [
                        -73.57895345057,
                        45.49735447854
                    ],
                    [
                        -73.57898240134,
                        45.49736856650
                    ],
                    [
                        -73.57899079524,
                        45.49736009149
                    ]
                ]
            }
        },
        {
            "type": "Feature",
            "properties": {
                "level": "8",
                "ref": "H-841"
            },
            "geometry": {
                "type": "Point",
                "coordinates": [
                    -73.57920435424,
                    45.49744144409
                ]
            }
        },
        {
            "type": "Feature",
            "properties": {
                "level": "9",
                "indoor": "room",
                "ref": "H-966.1"
            },
            "geometry": {
                "type": "Polygon",
                "coordinates": [
                    [
                        [
                            -73.57895961300,
                            45.49733118127
                        ],
                        [
                            -73.57893385653,
                            45.49735779963
                        ],
                        [
                            -73.57896866709,
                            45.49737434896
                        ],
                        [
                            -73.57899007816,
                            45.49735222141
                        ],
                        [
                            -73.57899442355,
                            45.49734773060
                        ],
                        [
                            -73.57895961300,
                            45.49733118127
                        ]
                    ]
                ]
            }
        },
        {
            "type": "Feature",
            "properties": {
                "door": "no",
                "level": "9",
                "ref": "H-stair-9-1"
            },
            "geometry": {
                "type": "Point",
                "coordinates": [
                    -73.57918949752,
                    45.49724210267
                ]
            }
        },
        {
            "type": "Feature",
            "properties": {
                "door": "hinged",
                "entrance": "yes"
            },
            "geometry": {
                "type": "Point",
                "coordinates": [
                    -73.57906834569,
                    45.49733938070
                ]
            }
        },
        {
            "type": "Feature",
            "properties": {
                "level": "8",
                "stairs": "yes",
                "indoor": "room",
                "ref": "H-stair-8-3"
            },
            "geometry": {
                "type": "Polygon",
                "coordinates": [
                    [
                        [
                            -73.57894860185,
                            45.49742969898
                        ],
                        [
                            -73.57892732715,
                            45.49745155976
                        ],
                        [
                            -73.57892032900,
                            45.49745875378
                        ],
                        [
                            -73.57899586667,
                            45.49749485628
                        ],
                        [
                            -73.57900500510,
                            45.49748546207
                        ],
                        [
                            -73.57902413912,
                            45.49746579249
                        ],
                        [
                            -73.57896736490,
                            45.49743866660
                        ],
                        [
                            -73.57894860185,
                            45.49742969898
                        ]
                    ]
                ]
            }
        },
        {
            "type": "Feature",
            "properties": {
                "level": "8",
                "ref": "H-847"
            },
            "geometry": {
                "type": "Point",
                "coordinates": [
                    -73.57905717363,
                    45.49758988417
                ]
            }
        },
        {
            "type": "Feature",
            "properties": {
                "highway": "footway",
                "level": "9"
            },
            "geometry": {
                "type": "LineString",
                "coordinates": [
                    [
                        -73.57873365565,
                        45.49710713255
                    ],
                    [
                        -73.57875604849,
                        45.49711777840
                    ],
                    [
                        -73.57881464790,
                        45.49714563733
                    ],
                    [
                        -73.57883406275,
                        45.49712557272
                    ]
                ]
            }
        },
        {
            "type": "Feature",
            "properties": {
                "ref": "H-859",
                "level": "8"
            },
            "geometry": {
                "type": "Point",
                "coordinates": [
                    -73.57861525817,
                    45.49747294150
                ]
            }
        },
        {
            "type": "Feature",
            "properties": {
                "highway": "footway",
                "level": "9"
            },
            "geometry": {
                "type": "LineString",
                "coordinates": [
                    [
                        -73.57922699895,
                        45.49717213843
                    ],
                    [
                        -73.57923994804,
                        45.49715875598
                    ]
                ]
            }
        },
        {
            "type": "Feature",
            "properties": {
                "ref": "H-821",
                "level": "8",
                "indoor": "room"
            },
            "geometry": {
                "type": "Polygon",
                "coordinates": [
                    [
                        [
                            -73.57900760704,
                            45.49691030574
                        ],
                        [
                            -73.57893370801,
                            45.49698627391
                        ],
                        [
                            -73.57899488954,
                            45.49701551528
                        ],
                        [
                            -73.57899980322,
                            45.49701786375
                        ],
                        [
                            -73.57907370226,
                            45.49694189561
                        ],
                        [
                            -73.57900760704,
                            45.49691030574
                        ]
                    ]
                ]
            }
        },
        {
            "type": "Feature",
            "properties": {
                "ref": "H-115",
                "level": "1"
            },
            "geometry": {
                "type": "Point",
                "coordinates": [
                    -73.57884016564,
                    45.49727276739
                ]
            }
        },
        {
            "type": "Feature",
            "properties": {
                "ref": "H-865",
                "level": "8",
                "indoor": "room"
            },
            "geometry": {
                "type": "Polygon",
                "coordinates": [
                    [
                        [
                            -73.57843278499,
                            45.49734882656
                        ],
                        [
                            -73.57837176202,
                            45.49741155767
                        ],
                        [
                            -73.57839947271,
                            45.49742480174
                        ],
                        [
                            -73.57846049568,
                            45.49736207064
                        ],
                        [
                            -73.57844400503,
                            45.49735418908
                        ],
                        [
                            -73.57843278499,
                            45.49734882656
                        ]
                    ]
                ]
            }
        },
        {
            "type": "Feature",
            "properties": {
                "door": "hinged",
                "entrance": "yes"
            },
            "geometry": {
                "type": "Point",
                "coordinates": [
                    -73.57887515919,
                    45.49759187876
                ]
            }
        },
        {
            "type": "Feature",
            "properties": {
                "highway": "footway",
                "level": "9"
            },
            "geometry": {
                "type": "LineString",
                "coordinates": [
                    [
                        -73.57879658749,
                        45.49756606355
                    ],
                    [
                        -73.57874792391,
                        45.49754292842
                    ],
                    [
                        -73.57870780235,
                        45.49752385424
                    ],
                    [
                        -73.57866906136,
                        45.49750543639
                    ]
                ]
            }
        },
        {
            "type": "Feature",
            "properties": {
                "door": "hinged",
                "entrance": "yes"
            },
            "geometry": {
                "type": "Point",
                "coordinates": [
                    -73.57929240676,
                    45.49728091198
                ]
            }
        },
        {
            "type": "Feature",
            "properties": {
                "level": "8",
                "ref": "H-820"
            },
            "geometry": {
                "type": "Point",
                "coordinates": [
                    -73.57896502507,
                    45.49716576769
                ]
            }
        },
        {
            "type": "Feature",
            "properties": {
                "highway": "footway",
                "level": "8"
            },
            "geometry": {
                "type": "LineString",
                "coordinates": [
                    [
                        -73.57883060154,
                        45.49738939972
                    ],
                    [
                        -73.57880943390,
                        45.49737924729
                    ],
                    [
                        -73.57880922945,
                        45.49737914923
                    ],
                    [
                        -73.57879242864,
                        45.49739635984
                    ],
                    [
                        -73.57879103685,
                        45.49739778558
                    ],
                    [
                        -73.57878620990,
                        45.49739547048
                    ],
                    [
                        -73.57870564143,
                        45.49735682819
                    ],
                    [
                        -73.57868671683,
                        45.49734775156
                    ],
                    [
                        -73.57863792794,
                        45.49732435139
                    ],
                    [
                        -73.57862625876,
                        45.49733630521
                    ]
                ]
            }
        },
        {
            "type": "Feature",
            "properties": {
                "level": "8;9",
                "conveying": "yes",
                "highway": "steps",
                "oneway": "yes"
            },
            "geometry": {
                "type": "LineString",
                "coordinates": [
                    [
                        -73.57884410537,
                        45.49724367112
                    ],
                    [
                        -73.57896252363,
                        45.49731837085
                    ]
                ]
            }
        },
        {
            "type": "Feature",
            "properties": {
                "level": "8",
                "ref": "H-831"
            },
            "geometry": {
                "type": "Point",
                "coordinates": [
                    -73.57945703597,
                    45.49718565427
                ]
            }
        },
        {
            "type": "Feature",
            "properties": {
                "highway": "footway",
                "level": "9"
            },
            "geometry": {
                "type": "LineString",
                "coordinates": [
                    [
                        -73.57907754633,
                        45.49708466267
                    ],
                    [
                        -73.57909887558,
                        45.49706261956
                    ],
                    [
                        -73.57912020490,
                        45.49704057638
                    ]
                ]
            }
        },
        {
            "type": "Feature",
            "properties": {
                "highway": "footway",
                "level": "9"
            },
            "geometry": {
                "type": "LineString",
                "coordinates": [
                    [
                        -73.57883049670,
                        45.49758218430
                    ],
                    [
                        -73.57883791710,
                        45.49757451562
                    ],
                    [
                        -73.57885147650,
                        45.49756050254
                    ],
                    [
                        -73.57884319331,
                        45.49755656464
                    ]
                ]
            }
        },
        {
            "type": "Feature",
            "properties": {
                "level": "8",
                "door": "hinged",
                "entrance": "yes"
            },
            "geometry": {
                "type": "Point",
                "coordinates": [
                    -73.57896750496,
                    45.49710549787
                ]
            }
        },
        {
            "type": "Feature",
            "properties": {
                "door": "hinged",
                "entrance": "yes"
            },
            "geometry": {
                "type": "Point",
                "coordinates": [
                    -73.57874573631,
                    45.49724780493
                ]
            }
        },
        {
            "type": "Feature",
            "properties": {
                "wall": "yes",
                "level": "8"
            },
            "geometry": {
                "type": "LineString",
                "coordinates": [
                    [
                        -73.57903288248,
                        45.49712852696
                    ],
                    [
                        -73.57903990617,
                        45.49713905667
                    ],
                    [
                        -73.57905930205,
                        45.49716813437
                    ]
                ]
            }
        },
        {
            "type": "Feature",
            "properties": {
                "indoor": "room",
                "ref": "H-110.6",
                "level": "1"
            },
            "geometry": {
                "type": "Polygon",
                "coordinates": [
                    [
                        [
                            -73.57898203073,
                            45.49720066224
                        ],
                        [
                            -73.57898080308,
                            45.49720311947
                        ],
                        [
                            -73.57897885354,
                            45.49720732422
                        ],
                        [
                            -73.57897690400,
                            45.49721152897
                        ],
                        [
                            -73.57898193723,
                            45.49721393188
                        ],
                        [
                            -73.57899908514,
                            45.49722211843
                        ],
                        [
                            -73.57900400471,
                            45.49721704911
                        ],
                        [
                            -73.57900892427,
                            45.49721197979
                        ],
                        [
                            -73.57900515033,
                            45.49719496172
                        ],
                        [
                            -73.57900010611,
                            45.49719558735
                        ],
                        [
                            -73.57898382901,
                            45.49719760616
                        ],
                        [
                            -73.57898325907,
                            45.49719820547
                        ],
                        [
                            -73.57898203073,
                            45.49720066224
                        ]
                    ]
                ]
            }
        },
        {
            "type": "Feature",
            "properties": {
                "ref": "H-811",
                "level": "8"
            },
            "geometry": {
                "type": "Point",
                "coordinates": [
                    -73.57868149092,
                    45.49705423535
                ]
            }
        },
        {
            "type": "Feature",
            "properties": {
                "highway": "footway",
                "level": "2"
            },
            "geometry": {
                "type": "LineString",
                "coordinates": [
                    [
                        -73.57919034353,
                        45.49726978255
                    ],
                    [
                        -73.57915621211,
                        45.49725392016
                    ],
                    [
                        -73.57915482920,
                        45.49725327746
                    ],
                    [
                        -73.57912085603,
                        45.49723748861
                    ],
                    [
                        -73.57911499686,
                        45.49724368284
                    ]
                ]
            }
        },
        {
            "type": "Feature",
            "properties": {
                "level": "9",
                "indoor": "room",
                "amenity": "toilets",
                "female": "yes",
                "male": "no",
                "ref": "H-bath-W-9"
            },
            "geometry": {
                "type": "Polygon",
                "coordinates": [
                    [
                        [
                            -73.57869212249,
                            45.49721129994
                        ],
                        [
                            -73.57867907678,
                            45.49722478224
                        ],
                        [
                            -73.57867495151,
                            45.49722904556
                        ],
                        [
                            -73.57869393909,
                            45.49723807249
                        ],
                        [
                            -73.57866390770,
                            45.49726910888
                        ],
                        [
                            -73.57862208642,
                            45.49724965803
                        ],
                        [
                            -73.57858291514,
                            45.49729014018
                        ],
                        [
                            -73.57864790461,
                            45.49732145983
                        ],
                        [
                            -73.57873484461,
                            45.49723161043
                        ],
                        [
                            -73.57869212249,
                            45.49721129994
                        ]
                    ]
                ]
            }
        },
        {
            "type": "Feature",
            "properties": {
                "ref": "H-867",
                "level": "8",
                "indoor": "room"
            },
            "geometry": {
                "type": "Polygon",
                "coordinates": [
                    [
                        [
                            -73.57836610252,
                            45.49729651131
                        ],
                        [
                            -73.57829150331,
                            45.49737319874
                        ],
                        [
                            -73.57837176202,
                            45.49741155767
                        ],
                        [
                            -73.57844353172,
                            45.49733777901
                        ],
                        [
                            -73.57844636123,
                            45.49733487029
                        ],
                        [
                            -73.57836610252,
                            45.49729651131
                        ]
                    ]
                ]
            }
        },
        {
            "type": "Feature",
            "properties": {
                "level": "9",
                "indoor": "room",
                "ref": "H-961.3"
            },
            "geometry": {
                "type": "Polygon",
                "coordinates": [
                    [
                        [
                            -73.57869174179,
                            45.49752445409
                        ],
                        [
                            -73.57866008278,
                            45.49755717240
                        ],
                        [
                            -73.57872891269,
                            45.49758989478
                        ],
                        [
                            -73.57876057169,
                            45.49755717650
                        ],
                        [
                            -73.57870234449,
                            45.49752949472
                        ],
                        [
                            -73.57869174179,
                            45.49752445409
                        ]
                    ]
                ]
            }
        },
        {
            "type": "Feature",
            "properties": {
                "level": "8",
                "ref": "H-832.06",
                "indoor": "room"
            },
            "geometry": {
                "type": "Polygon",
                "coordinates": [
                    [
                        [
                            -73.57899161712,
                            45.49723772469
                        ],
                        [
                            -73.57906612128,
                            45.49727333577
                        ],
                        [
                            -73.57908572256,
                            45.49725319986
                        ],
                        [
                            -73.57910973053,
                            45.49726466864
                        ],
                        [
                            -73.57911465967,
                            45.49725960152
                        ],
                        [
                            -73.57912004384,
                            45.49725406663
                        ],
                        [
                            -73.57914215773,
                            45.49723133367
                        ],
                        [
                            -73.57911815669,
                            45.49721985775
                        ],
                        [
                            -73.57904367240,
                            45.49718376942
                        ],
                        [
                            -73.57899161712,
                            45.49723772469
                        ]
                    ]
                ]
            }
        },
        {
            "type": "Feature",
            "properties": {
                "level": "9",
                "amenity": "drinking_water",
                "indoor": "yes",
                "name": "Water Fountain",
                "ref": "H-water-9-01"
            },
            "geometry": {
                "type": "Point",
                "coordinates": [
                    -73.57919817930,
                    45.49716736186
                ]
            }
        },
        {
            "type": "Feature",
            "properties": {
                "highway": "footway",
                "level": "2"
            },
            "geometry": {
                "type": "LineString",
                "coordinates": [
                    [
                        -73.57903994466,
                        45.49729503309
                    ],
                    [
                        -73.57905268415,
                        45.49730109893
                    ],
                    [
                        -73.57911039459,
                        45.49732857748
                    ]
                ]
            }
        },
        {
            "type": "Feature",
            "properties": {
                "door": "hinged",
                "entrance": "yes"
            },
            "geometry": {
                "type": "Point",
                "coordinates": [
                    -73.57876523706,
                    45.49748706376
                ]
            }
        },
        {
            "type": "Feature",
            "properties": {
                "highway": "footway",
                "level": "2"
            },
            "geometry": {
                "type": "LineString",
                "coordinates": [
                    [
                        -73.57923555324,
                        45.49722198744
                    ],
                    [
                        -73.57916674689,
                        45.49719001004
                    ],
                    [
                        -73.57916066484,
                        45.49718718203
                    ],
                    [
                        -73.57910935162,
                        45.49716333587
                    ]
                ]
            }
        },
        {
            "type": "Feature",
            "properties": {
                "door": "no",
                "level": "9"
            },
            "geometry": {
                "type": "Point",
                "coordinates": [
                    -73.57896252363,
                    45.49731837085
                ]
            }
        },
        {
            "type": "Feature",
            "properties": {
                "highway": "footway",
                "level": "8"
            },
            "geometry": {
                "type": "LineString",
                "coordinates": [
                    [
                        -73.57865475078,
                        45.49740896017
                    ],
                    [
                        -73.57870564143,
                        45.49735682819
                    ],
                    [
                        -73.57875242238,
                        45.49730890610
                    ],
                    [
                        -73.57879621683,
                        45.49726404332
                    ],
                    [
                        -73.57882496275,
                        45.49723459616
                    ],
                    [
                        -73.57885670707,
                        45.49720221977
                    ]
                ]
            }
        },
        {
            "type": "Feature",
            "properties": {
                "door": "hinged",
                "entrance": "yes"
            },
            "geometry": {
                "type": "Point",
                "coordinates": [
                    -73.57882483883,
                    45.49758803148
                ]
            }
        },
        {
            "type": "Feature",
            "properties": {
                "ref": "H-110",
                "level": "1"
            },
            "geometry": {
                "type": "Point",
                "coordinates": [
                    -73.57894014308,
                    45.49710261892
                ]
            }
        },
        {
            "type": "Feature",
            "properties": {
                "ref": "H-0023",
                "indoor": "room",
                "level": "1"
            },
            "geometry": {
                "type": "Polygon",
                "coordinates": [
                    [
                        [
                            -73.57927790736,
                            45.49735294811
                        ],
                        [
                            -73.57932980985,
                            45.49737772673
                        ],
                        [
                            -73.57942121598,
                            45.49728365677
                        ],
                        [
                            -73.57951262211,
                            45.49718958666
                        ],
                        [
                            -73.57946071962,
                            45.49716480796
                        ],
                        [
                            -73.57940881713,
                            45.49714002925
                        ],
                        [
                            -73.57931741100,
                            45.49723409944
                        ],
                        [
                            -73.57922600487,
                            45.49732816948
                        ],
                        [
                            -73.57927790736,
                            45.49735294811
                        ]
                    ]
                ]
            }
        },
        {
            "type": "Feature",
            "properties": {
                "ref": "H-120.7",
                "level": "1"
            },
            "geometry": {
                "type": "Point",
                "coordinates": [
                    -73.57896554634,
                    45.49727099088
                ]
            }
        },
        {
            "type": "Feature",
            "properties": {
                "highway": "footway",
                "level": "2"
            },
            "geometry": {
                "type": "LineString",
                "coordinates": [
                    [
                        -73.57915711766,
                        45.49711283832
                    ],
                    [
                        -73.57913829880,
                        45.49710409234
                    ],
                    [
                        -73.57910244733,
                        45.49708743052
                    ],
                    [
                        -73.57912548339,
                        45.49706307704
                    ],
                    [
                        -73.57914614808,
                        45.49704123051
                    ],
                    [
                        -73.57914147378,
                        45.49703905815
                    ],
                    [
                        -73.57911051015,
                        45.49702466791
                    ],
                    [
                        -73.57908636842,
                        45.49701344813
                    ],
                    [
                        -73.57904753716,
                        45.49699540144
                    ],
                    [
                        -73.57903568038,
                        45.49700793632
                    ],
                    [
                        -73.57903236108,
                        45.49700639368
                    ]
                ]
            }
        },
        {
            "type": "Feature",
            "properties": {
                "door": "hinged",
                "entrance": "yes"
            },
            "geometry": {
                "type": "Point",
                "coordinates": [
                    -73.57870417762,
                    45.49737551563
                ]
            }
        },
        {
            "type": "Feature",
            "properties": {
                "indoor": "room",
                "ref": "H-126",
                "level": "1"
            },
            "geometry": {
                "type": "Polygon",
                "coordinates": [
                    [
                        [
                            -73.57895302950,
                            45.49735748327
                        ],
                        [
                            -73.57895453644,
                            45.49735844582
                        ],
                        [
                            -73.57895380810,
                            45.49735919538
                        ],
                        [
                            -73.57895307976,
                            45.49735994494
                        ],
                        [
                            -73.57898194365,
                            45.49737352574
                        ],
                        [
                            -73.57901080740,
                            45.49738710648
                        ],
                        [
                            -73.57902199115,
                            45.49737589792
                        ],
                        [
                            -73.57903317489,
                            45.49736468937
                        ],
                        [
                            -73.57900237430,
                            45.49734998494
                        ],
                        [
                            -73.57897157370,
                            45.49733528051
                        ],
                        [
                            -73.57896154810,
                            45.49734590074
                        ],
                        [
                            -73.57895345057,
                            45.49735447854
                        ],
                        [
                            -73.57895152251,
                            45.49735652096
                        ],
                        [
                            -73.57895302950,
                            45.49735748327
                        ]
                    ]
                ]
            }
        },
        {
            "type": "Feature",
            "properties": {
                "ref": "H-133.2",
                "indoor": "room",
                "level": "1"
            },
            "geometry": {
                "type": "Polygon",
                "coordinates": [
                    [
                        [
                            -73.57910664655,
                            45.49746443428
                        ],
                        [
                            -73.57911555978,
                            45.49746868950
                        ],
                        [
                            -73.57911721905,
                            45.49746693043
                        ],
                        [
                            -73.57912533248,
                            45.49745832898
                        ],
                        [
                            -73.57913510518,
                            45.49744796846
                        ],
                        [
                            -73.57912653531,
                            45.49744366272
                        ],
                        [
                            -73.57911796543,
                            45.49743935698
                        ],
                        [
                            -73.57910784925,
                            45.49744976795
                        ],
                        [
                            -73.57909773307,
                            45.49746017892
                        ],
                        [
                            -73.57910664655,
                            45.49746443428
                        ]
                    ]
                ]
            }
        },
        {
            "type": "Feature",
            "properties": {
                "indoor": "room",
                "ref": "H-127",
                "level": "1"
            },
            "geometry": {
                "type": "Polygon",
                "coordinates": [
                    [
                        [
                            -73.57927039481,
                            45.49716296114
                        ],
                        [
                            -73.57929931183,
                            45.49717676638
                        ],
                        [
                            -73.57930713264,
                            45.49716871762
                        ],
                        [
                            -73.57931495345,
                            45.49716066886
                        ],
                        [
                            -73.57933974010,
                            45.49717230188
                        ],
                        [
                            -73.57936452692,
                            45.49718393472
                        ],
                        [
                            -73.57938630924,
                            45.49716180879
                        ],
                        [
                            -73.57940809156,
                            45.49713968285
                        ],
                        [
                            -73.57935432755,
                            45.49711401543
                        ],
                        [
                            -73.57930056342,
                            45.49708834793
                        ],
                        [
                            -73.57927102054,
                            45.49711875189
                        ],
                        [
                            -73.57924147766,
                            45.49714915583
                        ],
                        [
                            -73.57927039481,
                            45.49716296114
                        ]
                    ]
                ]
            }
        },
        {
            "type": "Feature",
            "properties": {
                "highway": "footway",
                "repeat_on": "1;2;8;9",
                "level": "1"
            },
            "geometry": {
                "type": "LineString",
                "coordinates": [
                    [
                        -73.57867196459,
                        45.49724802239
                    ],
                    [
                        -73.57868979210,
                        45.49725669339
                    ]
                ]
            }
        },
        {
            "type": "Feature",
            "properties": {
                "ref": "H-860.03",
                "level": "8"
            },
            "geometry": {
                "type": "Point",
                "coordinates": [
                    -73.57875830370,
                    45.49740873729
                ]
            }
        },
        {
            "type": "Feature",
            "properties": {
                "level": "8",
                "ref": "H-852"
            },
            "geometry": {
                "type": "Point",
                "coordinates": [
                    -73.57889693428,
                    45.49746478659
                ]
            }
        },
        {
            "type": "Feature",
            "properties": {
                "ref": "H-925.1",
                "level": "9",
                "indoor": "room"
            },
            "geometry": {
                "type": "Polygon",
                "coordinates": [
                    [
                        [
                            -73.57913131429,
                            45.49703794047
                        ],
                        [
                            -73.57910473773,
                            45.49706540651
                        ],
                        [
                            -73.57910072848,
                            45.49706954995
                        ],
                        [
                            -73.57914345050,
                            45.49708986058
                        ],
                        [
                            -73.57916475439,
                            45.49706784369
                        ],
                        [
                            -73.57917403632,
                            45.49705825111
                        ],
                        [
                            -73.57913131429,
                            45.49703794047
                        ]
                    ]
                ]
            }
        },
        {
            "type": "Feature",
            "properties": {
                "ref": "H-925.1",
                "level": "9"
            },
            "geometry": {
                "type": "Point",
                "coordinates": [
                    -73.57914343294,
                    45.49706856828
                ]
            }
        },
        {
            "type": "Feature",
            "properties": {
                "highway": "footway",
                "level": "8"
            },
            "geometry": {
                "type": "LineString",
                "coordinates": [
                    [
                        -73.57879103685,
                        45.49739778558
                    ],
                    [
                        -73.57879934163,
                        45.49740170950
                    ],
                    [
                        -73.57879245136,
                        45.49740876784
                    ],
                    [
                        -73.57878240913,
                        45.49741905502
                    ],
                    [
                        -73.57879791855,
                        45.49742649364
                    ]
                ]
            }
        },
        {
            "type": "Feature",
            "properties": {
                "ref": "H-stair-2-1",
                "stairs": "yes",
                "indoor": "room",
                "level": "2"
            },
            "geometry": {
                "type": "Polygon",
                "coordinates": [
                    [
                        [
                            -73.57862057974,
                            45.49742918799
                        ],
                        [
                            -73.57866237061,
                            45.49738582260
                        ],
                        [
                            -73.57862105109,
                            45.49736625862
                        ],
                        [
                            -73.57859912840,
                            45.49735587865
                        ],
                        [
                            -73.57855733753,
                            45.49739924406
                        ],
                        [
                            -73.57862057974,
                            45.49742918799
                        ]
                    ]
                ]
            }
        },
        {
            "type": "Feature",
            "properties": {
                "level": "9",
                "ref": "H-961.12"
            },
            "geometry": {
                "type": "Point",
                "coordinates": [
                    -73.57887150010,
                    45.49756949215
                ]
            }
        },
        {
            "type": "Feature",
            "properties": {
                "ref": "H-966",
                "level": "9",
                "indoor": "room"
            },
            "geometry": {
                "type": "Polygon",
                "coordinates": [
                    [
                        [
                            -73.57889691523,
                            45.49734106496
                        ],
                        [
                            -73.57883790191,
                            45.49740205303
                        ],
                        [
                            -73.57890910526,
                            45.49743590386
                        ],
                        [
                            -73.57896111024,
                            45.49738215868
                        ],
                        [
                            -73.57896811933,
                            45.49737491504
                        ],
                        [
                            -73.57891726284,
                            45.49735073812
                        ],
                        [
                            -73.57889691523,
                            45.49734106496
                        ]
                    ]
                ]
            }
        },
        {
            "type": "Feature",
            "properties": {
                "name": "Level 3",
                "wall": "yes",
                "height": "5.0229",
                "indoor": "level",
                "level": "2"
            },
            "geometry": {
                "type": "LineString",
                "coordinates": [
                    [
                        -73.57882258716,
                        45.49682539305
                    ],
                    [
                        -73.57862298716,
                        45.49703659306
                    ],
                    [
                        -73.57840758716,
                        45.49725459306
                    ],
                    [
                        -73.57829238716,
                        45.49737059306
                    ],
                    [
                        -73.57839758716,
                        45.49742189306
                    ],
                    [
                        -73.57857708716,
                        45.49750959306
                    ],
                    [
                        -73.57900598716,
                        45.49771569306
                    ],
                    [
                        -73.57901058716,
                        45.49771229306
                    ],
                    [
                        -73.57926748716,
                        45.49744679306
                    ],
                    [
                        -73.57953628716,
                        45.49717319306
                    ],
                    [
                        -73.57954158716,
                        45.49716639306
                    ],
                    [
                        -73.57945758716,
                        45.49712729306
                    ],
                    [
                        -73.57882258716,
                        45.49682539305
                    ]
                ]
            }
        },
        {
            "type": "Feature",
            "properties": {
                "door": "hinged",
                "entrance": "yes"
            },
            "geometry": {
                "type": "Point",
                "coordinates": [
                    -73.57898193723,
                    45.49721393188
                ]
            }
        },
        {
            "type": "Feature",
            "properties": {
                "door": "no",
                "level": "2"
            },
            "geometry": {
                "type": "Point",
                "coordinates": [
                    -73.57872255441,
                    45.49722189394
                ]
            }
        },
        {
            "type": "Feature",
            "properties": {
                "level": "8",
                "indoor": "room",
                "ref": "H-842"
            },
            "geometry": {
                "type": "Polygon",
                "coordinates": [
                    [
                        [
                            -73.57885512217,
                            45.49738606643
                        ],
                        [
                            -73.57891341739,
                            45.49741392810
                        ],
                        [
                            -73.57893517549,
                            45.49742432718
                        ],
                        [
                            -73.57894903389,
                            45.49741008675
                        ],
                        [
                            -73.57896114238,
                            45.49741587147
                        ],
                        [
                            -73.57898983425,
                            45.49738637648
                        ],
                        [
                            -73.57899669231,
                            45.49737932644
                        ],
                        [
                            -73.57890452821,
                            45.49733527741
                        ],
                        [
                            -73.57885512217,
                            45.49738606643
                        ]
                    ]
                ]
            }
        },
        {
            "type": "Feature",
            "properties": {
                "level": "8",
                "indoor": "room",
                "ref": "H-820"
            },
            "geometry": {
                "type": "Polygon",
                "coordinates": [
                    [
                        [
                            -73.57885595241,
                            45.49717288715
                        ],
                        [
                            -73.57899161712,
                            45.49723772469
                        ],
                        [
                            -73.57904367240,
                            45.49718376942
                        ],
                        [
                            -73.57908722010,
                            45.49713944529
                        ],
                        [
                            -73.57905467341,
                            45.49712388982
                        ],
                        [
                            -73.57904287755,
                            45.49711825206
                        ],
                        [
                            -73.57903288248,
                            45.49712852696
                        ],
                        [
                            -73.57898608412,
                            45.49710615436
                        ],
                        [
                            -73.57899606765,
                            45.49709587958
                        ],
                        [
                            -73.57898299860,
                            45.49708963331
                        ],
                        [
                            -73.57895155465,
                            45.49707460487
                        ],
                        [
                            -73.57893484735,
                            45.49709178344
                        ],
                        [
                            -73.57892329089,
                            45.49710393558
                        ],
                        [
                            -73.57890662342,
                            45.49712079756
                        ],
                        [
                            -73.57885595241,
                            45.49717288715
                        ]
                    ]
                ]
            }
        },
        {
            "type": "Feature",
            "properties": {
                "level": "9",
                "indoor": "room",
                "ref": "H-919"
            },
            "geometry": {
                "type": "Polygon",
                "coordinates": [
                    [
                        [
                            -73.57892663981,
                            45.49687343362
                        ],
                        [
                            -73.57885205339,
                            45.49695051654
                        ],
                        [
                            -73.57891236018,
                            45.49697918726
                        ],
                        [
                            -73.57892325674,
                            45.49698436764
                        ],
                        [
                            -73.57899784315,
                            45.49690728477
                        ],
                        [
                            -73.57892663981,
                            45.49687343362
                        ]
                    ]
                ]
            }
        },
        {
            "type": "Feature",
            "properties": {
                "level": "9",
                "ref": "H-909"
            },
            "geometry": {
                "type": "Point",
                "coordinates": [
                    -73.57861768150,
                    45.49710339067
                ]
            }
        },
        {
            "type": "Feature",
            "properties": {
                "level": "9",
                "ref": "H-963"
            },
            "geometry": {
                "type": "Point",
                "coordinates": [
                    -73.57862433512,
                    45.49748703443
                ]
            }
        },
        {
            "type": "Feature",
            "properties": {
                "wikidata": "Q20006830",
                "ref": "H",
                "wikipedia": "en:Henry F. Hall Building",
                "height": "51.2064",
                "building": "university",
                "wheelchair": "yes",
                "education": "university",
                "internet_access": "yes",
                "addr:housenumber": "1455",
                "addr:city": "Montréal",
                "learning": "university",
                "name": "H - Henry F. Hall Building",
                "addr:province": "Quebec",
                "addr:street": "Boulevard de Maisonneuve Ouest",
                "building:levels": "13",
                "building:levels:underground": "2"
            },
            "geometry": {
                "type": "LineString",
                "coordinates": [
                    [
                        -73.57882258716,
                        45.49682539305
                    ],
                    [
                        -73.57862298716,
                        45.49703659306
                    ],
                    [
                        -73.57840758716,
                        45.49725459306
                    ],
                    [
                        -73.57829238716,
                        45.49737059306
                    ],
                    [
                        -73.57839758716,
                        45.49742189306
                    ],
                    [
                        -73.57857708716,
                        45.49750959306
                    ],
                    [
                        -73.57900598716,
                        45.49771569306
                    ],
                    [
                        -73.57901058716,
                        45.49771229306
                    ],
                    [
                        -73.57926748716,
                        45.49744679306
                    ],
                    [
                        -73.57953628716,
                        45.49717319306
                    ],
                    [
                        -73.57954158716,
                        45.49716639306
                    ],
                    [
                        -73.57945758716,
                        45.49712729306
                    ],
                    [
                        -73.57882258716,
                        45.49682539305
                    ]
                ]
            }
        },
        {
            "type": "Feature",
            "properties": {
                "door": "hinged",
                "entrance": "yes"
            },
            "geometry": {
                "type": "Point",
                "coordinates": [
                    -73.57877816618,
                    45.49729905117
                ]
            }
        },
        {
            "type": "Feature",
            "properties": {
                "door": "hinged",
                "entrance": "yes"
            },
            "geometry": {
                "type": "Point",
                "coordinates": [
                    -73.57889429695,
                    45.49762560857
                ]
            }
        },
        {
            "type": "Feature",
            "properties": {
                "stairs": "yes",
                "ref": "H-stair-2-3",
                "indoor": "room",
                "level": "2"
            },
            "geometry": {
                "type": "Polygon",
                "coordinates": [
                    [
                        [
                            -73.57920778300,
                            45.49719062017
                        ],
                        [
                            -73.57923606287,
                            45.49716163837
                        ],
                        [
                            -73.57924001206,
                            45.49715759115
                        ],
                        [
                            -73.57927023085,
                            45.49717207875
                        ],
                        [
                            -73.57923800179,
                            45.49720510776
                        ],
                        [
                            -73.57920778300,
                            45.49719062017
                        ]
                    ]
                ]
            }
        },
        {
            "type": "Feature",
            "properties": {
                "door": "hinged",
                "entrance": "yes"
            },
            "geometry": {
                "type": "Point",
                "coordinates": [
                    -73.57907420490,
                    45.49750220338
                ]
            }
        },
        {
            "type": "Feature",
            "properties": {
                "ref": "H-bath-W-2-1",
                "level": "2"
            },
            "geometry": {
                "type": "Point",
                "coordinates": [
                    -73.57911499686,
                    45.49724368284
                ]
            }
        },
        {
            "type": "Feature",
            "properties": {
                "level": "8",
                "indoor": "room",
                "ref": "H-805.03"
            },
            "geometry": {
                "type": "Polygon",
                "coordinates": [
                    [
                        [
                            -73.57850970210,
                            45.49714889172
                        ],
                        [
                            -73.57846603457,
                            45.49719378174
                        ],
                        [
                            -73.57850893449,
                            45.49721428544
                        ],
                        [
                            -73.57851640587,
                            45.49720660490
                        ],
                        [
                            -73.57855260202,
                            45.49716939543
                        ],
                        [
                            -73.57850970210,
                            45.49714889172
                        ]
                    ]
                ]
            }
        },
        {
            "type": "Feature",
            "properties": {
                "level": "8",
                "stairs": "yes",
                "indoor": "room",
                "ref": "H-stair-8-4"
            },
            "geometry": {
                "type": "Polygon",
                "coordinates": [
                    [
                        [
                            -73.57859280265,
                            45.49728788282
                        ],
                        [
                            -73.57854409653,
                            45.49733795236
                        ],
                        [
                            -73.57864796018,
                            45.49738759308
                        ],
                        [
                            -73.57868671683,
                            45.49734775156
                        ],
                        [
                            -73.57869666629,
                            45.49733752359
                        ],
                        [
                            -73.57859280265,
                            45.49728788282
                        ]
                    ]
                ]
            }
        },
        {
            "type": "Feature",
            "properties": {
                "ref": "H-860.04",
                "level": "8",
                "indoor": "room"
            },
            "geometry": {
                "type": "Polygon",
                "coordinates": [
                    [
                        [
                            -73.57875358174,
                            45.49733774719
                        ],
                        [
                            -73.57872698952,
                            45.49736508379
                        ],
                        [
                            -73.57878759629,
                            45.49739405026
                        ],
                        [
                            -73.57879242864,
                            45.49739635984
                        ],
                        [
                            -73.57879267348,
                            45.49739647686
                        ],
                        [
                            -73.57880943390,
                            45.49737924729
                        ],
                        [
                            -73.57881926570,
                            45.49736914027
                        ],
                        [
                            -73.57875358174,
                            45.49733774719
                        ]
                    ]
                ]
            }
        },
        {
            "type": "Feature",
            "properties": {
                "level": "8",
                "ref": "H-bath-W-8"
            },
            "geometry": {
                "type": "Point",
                "coordinates": [
                    -73.57866033122,
                    45.49728570287
                ]
            }
        },
        {
            "type": "Feature",
            "properties": {
                "door": "no",
                "level": "9",
                "ref": "H-stair-9-2"
            },
            "geometry": {
                "type": "Point",
                "coordinates": [
                    -73.57886720462,
                    45.49708454663
                ]
            }
        },
        {
            "type": "Feature",
            "properties": {
                "indoor": "room",
                "ref": "H-131",
                "level": "1"
            },
            "geometry": {
                "type": "Polygon",
                "coordinates": [
                    [
                        [
                            -73.57917466997,
                            45.49743908714
                        ],
                        [
                            -73.57921322604,
                            45.49745749406
                        ],
                        [
                            -73.57923569881,
                            45.49743436642
                        ],
                        [
                            -73.57925817158,
                            45.49741123876
                        ],
                        [
                            -73.57927151788,
                            45.49741761038
                        ],
                        [
                            -73.57928486418,
                            45.49742398199
                        ],
                        [
                            -73.57930683194,
                            45.49740137406
                        ],
                        [
                            -73.57932879969,
                            45.49737876613
                        ],
                        [
                            -73.57927689720,
                            45.49735398751
                        ],
                        [
                            -73.57922499471,
                            45.49732920888
                        ],
                        [
                            -73.57918055418,
                            45.49737494451
                        ],
                        [
                            -73.57914243987,
                            45.49741416953
                        ],
                        [
                            -73.57913611365,
                            45.49742068010
                        ],
                        [
                            -73.57917466997,
                            45.49743908714
                        ]
                    ]
                ]
            }
        },
        {
            "type": "Feature",
            "properties": {
                "ref": "H-217",
                "indoor": "room",
                "level": "2"
            },
            "geometry": {
                "type": "Polygon",
                "coordinates": [
                    [
                        [
                            -73.57891989186,
                            45.49738383836
                        ],
                        [
                            -73.57893289351,
                            45.49737034685
                        ],
                        [
                            -73.57891502068,
                            45.49736188442
                        ],
                        [
                            -73.57891271124,
                            45.49736428087
                        ],
                        [
                            -73.57890201903,
                            45.49737537592
                        ],
                        [
                            -73.57891989186,
                            45.49738383836
                        ]
                    ]
                ]
            }
        },
        {
            "type": "Feature",
            "properties": {
                "door": "hinged",
                "entrance": "yes"
            },
            "geometry": {
                "type": "Point",
                "coordinates": [
                    -73.57917695786,
                    45.49723239272
                ]
            }
        },
        {
            "type": "Feature",
            "properties": {
                "level": "9",
                "indoor": "room",
                "ref": "H-963"
            },
            "geometry": {
                "type": "Polygon",
                "coordinates": [
                    [
                        [
                            -73.57867834599,
                            45.49742011793
                        ],
                        [
                            -73.57866439459,
                            45.49743453617
                        ],
                        [
                            -73.57865308056,
                            45.49742915736
                        ],
                        [
                            -73.57861850799,
                            45.49741272119
                        ],
                        [
                            -73.57853587263,
                            45.49749812164
                        ],
                        [
                            -73.57862289891,
                            45.49753949479
                        ],
                        [
                            -73.57871948567,
                            45.49743967617
                        ],
                        [
                            -73.57867834599,
                            45.49742011793
                        ]
                    ]
                ]
            }
        },
        {
            "type": "Feature",
            "properties": {
                "ref": "H-860.01",
                "level": "8",
                "indoor": "room"
            },
            "geometry": {
                "type": "Polygon",
                "coordinates": [
                    [
                        [
                            -73.57871859153,
                            45.49737371686
                        ],
                        [
                            -73.57869171945,
                            45.49740134112
                        ],
                        [
                            -73.57872538273,
                            45.49741743018
                        ],
                        [
                            -73.57875225480,
                            45.49738980592
                        ],
                        [
                            -73.57874332075,
                            45.49738553597
                        ],
                        [
                            -73.57871859153,
                            45.49737371686
                        ]
                    ]
                ]
            }
        },
        {
            "type": "Feature",
            "properties": {
                "door": "no",
                "level": "2"
            },
            "geometry": {
                "type": "Point",
                "coordinates": [
                    -73.57863562973,
                    45.49731426374
                ]
            }
        },
        {
            "type": "Feature",
            "properties": {
                "door": "hinged",
                "entrance": "yes"
            },
            "geometry": {
                "type": "Point",
                "coordinates": [
                    -73.57895345057,
                    45.49735447854
                ]
            }
        },
        {
            "type": "Feature",
            "properties": {
                "stairs": "yes",
                "level": "1;2",
                "conveying": "yes",
                "ref": "H-escalator-2",
                "indoor": "area"
            },
            "geometry": {
                "type": "Polygon",
                "coordinates": [
                    [
                        [
                            -73.57867231085,
                            45.49721328447
                        ],
                        [
                            -73.57871252466,
                            45.49723232496
                        ],
                        [
                            -73.57872255441,
                            45.49722189394
                        ],
                        [
                            -73.57873202704,
                            45.49721208773
                        ],
                        [
                            -73.57869181324,
                            45.49719304723
                        ],
                        [
                            -73.57865159943,
                            45.49717400672
                        ],
                        [
                            -73.57864184824,
                            45.49718412534
                        ],
                        [
                            -73.57863209705,
                            45.49719424397
                        ],
                        [
                            -73.57867231085,
                            45.49721328447
                        ]
                    ]
                ]
            }
        },
        {
            "type": "Feature",
            "properties": {
                "ref": "H-860.03",
                "level": "8",
                "indoor": "room"
            },
            "geometry": {
                "type": "Polygon",
                "coordinates": [
                    [
                        [
                            -73.57875225480,
                            45.49738980592
                        ],
                        [
                            -73.57872538273,
                            45.49741743018
                        ],
                        [
                            -73.57875740342,
                            45.49743273417
                        ],
                        [
                            -73.57878427549,
                            45.49740510992
                        ],
                        [
                            -73.57877917818,
                            45.49740267371
                        ],
                        [
                            -73.57875225480,
                            45.49738980592
                        ]
                    ]
                ]
            }
        },
        {
            "type": "Feature",
            "properties": {
                "door": "hinged",
                "entrance": "yes"
            },
            "geometry": {
                "type": "Point",
                "coordinates": [
                    -73.57923606287,
                    45.49716163837
                ]
            }
        },
        {
            "type": "Feature",
            "properties": {
                "door": "hinged",
                "entrance": "yes"
            },
            "geometry": {
                "type": "Point",
                "coordinates": [
                    -73.57865368251,
                    45.49729361840
                ]
            }
        },
        {
            "type": "Feature",
            "properties": {
                "ref": "H-120.1",
                "level": "1"
            },
            "geometry": {
                "type": "Point",
                "coordinates": [
                    -73.57906482519,
                    45.49716862022
                ]
            }
        },
        {
            "type": "Feature",
            "properties": {
                "ref": "H-813",
                "level": "8",
                "indoor": "room"
            },
            "geometry": {
                "type": "Polygon",
                "coordinates": [
                    [
                        [
                            -73.57869934883,
                            45.49695393531
                        ],
                        [
                            -73.57865568131,
                            45.49699882548
                        ],
                        [
                            -73.57876159771,
                            45.49704944761
                        ],
                        [
                            -73.57876850316,
                            45.49704234882
                        ],
                        [
                            -73.57880526523,
                            45.49700455747
                        ],
                        [
                            -73.57869934883,
                            45.49695393531
                        ]
                    ]
                ]
            }
        },
        {
            "type": "Feature",
            "properties": {
                "ref": "H-911",
                "level": "9",
                "indoor": "room"
            },
            "geometry": {
                "type": "Polygon",
                "coordinates": [
                    [
                        [
                            -73.57864176835,
                            45.49699952090
                        ],
                        [
                            -73.57859454817,
                            45.49704832149
                        ],
                        [
                            -73.57870451778,
                            45.49710060254
                        ],
                        [
                            -73.57870937073,
                            45.49709558717
                        ],
                        [
                            -73.57875173796,
                            45.49705180198
                        ],
                        [
                            -73.57864176835,
                            45.49699952090
                        ]
                    ]
                ]
            }
        },
        {
            "type": "Feature",
            "properties": {
                "highway": "footway",
                "level": "1"
            },
            "geometry": {
                "type": "LineString",
                "coordinates": [
                    [
                        -73.57846528128,
                        45.49722835521
                    ],
                    [
                        -73.57843779879,
                        45.49725603911
                    ],
                    [
                        -73.57847816760,
                        45.49727568333
                    ]
                ]
            }
        },
        {
            "type": "Feature",
            "properties": {
                "door": "hinged",
                "entrance": "yes"
            },
            "geometry": {
                "type": "Point",
                "coordinates": [
                    -73.57909050588,
                    45.49704682138
                ]
            }
        },
        {
            "type": "Feature",
            "properties": {
                "highway": "footway",
                "level": "9"
            },
            "geometry": {
                "type": "LineString",
                "coordinates": [
                    [
                        -73.57891061574,
                        45.49744821987
                    ],
                    [
                        -73.57892436211,
                        45.49745475504
                    ],
                    [
                        -73.57897040977,
                        45.49747664657
                    ],
                    [
                        -73.57897550111,
                        45.49747138488
                    ]
                ]
            }
        },
        {
            "type": "Feature",
            "properties": {
                "highway": "footway",
                "level": "9"
            },
            "geometry": {
                "type": "LineString",
                "coordinates": [
                    [
                        -73.57854321752,
                        45.49730454831
                    ],
                    [
                        -73.57852486119,
                        45.49729582149
                    ],
                    [
                        -73.57845909168,
                        45.49726455389
                    ],
                    [
                        -73.57849631106,
                        45.49722608895
                    ]
                ]
            }
        },
        {
            "type": "Feature",
            "properties": {
                "highway": "footway",
                "level": "9"
            },
            "geometry": {
                "type": "LineString",
                "coordinates": [
                    [
                        -73.57928628077,
                        45.49727799961
                    ],
                    [
                        -73.57929240676,
                        45.49728091198
                    ],
                    [
                        -73.57933530681,
                        45.49730130717
                    ],
                    [
                        -73.57935641093,
                        45.49727949680
                    ]
                ]
            }
        },
        {
            "type": "Feature",
            "properties": {
                "level": "8",
                "indoor": "room",
                "ref": "H-863"
            },
            "geometry": {
                "type": "Polygon",
                "coordinates": [
                    [
                        [
                            -73.57854482240,
                            45.49738171863
                        ],
                        [
                            -73.57849063237,
                            45.49735581898
                        ],
                        [
                            -73.57848763984,
                            45.49735889528
                        ],
                        [
                            -73.57847691647,
                            45.49736991882
                        ],
                        [
                            -73.57846049568,
                            45.49736207064
                        ],
                        [
                            -73.57839947271,
                            45.49742480174
                        ],
                        [
                            -73.57847008353,
                            45.49745854951
                        ],
                        [
                            -73.57854482240,
                            45.49738171863
                        ]
                    ]
                ]
            }
        },
        {
            "type": "Feature",
            "properties": {
                "level": "8",
                "indoor": "room"
            },
            "geometry": {
                "type": "Polygon",
                "coordinates": [
                    [
                        [
                            -73.57920765928,
                            45.49716399840
                        ],
                        [
                            -73.57917070950,
                            45.49720198260
                        ],
                        [
                            -73.57924563110,
                            45.49723779081
                        ],
                        [
                            -73.57928258088,
                            45.49719980664
                        ],
                        [
                            -73.57920765928,
                            45.49716399840
                        ]
                    ]
                ]
            }
        },
        {
            "type": "Feature",
            "properties": {
                "ref": "H-961.17",
                "level": "9"
            },
            "geometry": {
                "type": "Point",
                "coordinates": [
                    -73.57894368621,
                    45.49767533346
                ]
            }
        },
        {
            "type": "Feature",
            "properties": {
                "highway": "footway",
                "level": "9"
            },
            "geometry": {
                "type": "LineString",
                "coordinates": [
                    [
                        -73.57919817930,
                        45.49716736186
                    ],
                    [
                        -73.57917746697,
                        45.49715759702
                    ]
                ]
            }
        },
        {
            "type": "Feature",
            "properties": {
                "door": "hinged",
                "entrance": "yes"
            },
            "geometry": {
                "type": "Point",
                "coordinates": [
                    -73.57859372332,
                    45.49710087327
                ]
            }
        },
        {
            "type": "Feature",
            "properties": {
                "door": "hinged",
                "entrance": "yes"
            },
            "geometry": {
                "type": "Point",
                "coordinates": [
                    -73.57854730889,
                    45.49721702918
                ]
            }
        },
        {
            "type": "Feature",
            "properties": {
                "ref": "H-802",
                "level": "8",
                "indoor": "room"
            },
            "geometry": {
                "type": "Polygon",
                "coordinates": [
                    [
                        [
                            -73.57866082349,
                            45.49721795780
                        ],
                        [
                            -73.57865713688,
                            45.49722174762
                        ],
                        [
                            -73.57863395141,
                            45.49724558215
                        ],
                        [
                            -73.57867336164,
                            45.49726441796
                        ],
                        [
                            -73.57870023372,
                            45.49723679362
                        ],
                        [
                            -73.57866082349,
                            45.49721795780
                        ]
                    ]
                ]
            }
        },
        {
            "type": "Feature",
            "properties": {
                "ref": "H-222",
                "level": "2"
            },
            "geometry": {
                "type": "Point",
                "coordinates": [
                    -73.57887648111,
                    45.49741807715
                ]
            }
        },
        {
            "type": "Feature",
            "properties": {
                "level": "9",
                "ref": "H-964.3"
            },
            "geometry": {
                "type": "Point",
                "coordinates": [
                    -73.57875496574,
                    45.49745697903
                ]
            }
        },
        {
            "type": "Feature",
            "properties": {
                "indoor": "room",
                "ref": "H-125",
                "level": "1"
            },
            "geometry": {
                "type": "Polygon",
                "coordinates": [
                    [
                        [
                            -73.57916315122,
                            45.49711024028
                        ],
                        [
                            -73.57920319023,
                            45.49712935528
                        ],
                        [
                            -73.57920417720,
                            45.49712833955
                        ],
                        [
                            -73.57920516416,
                            45.49712732382
                        ],
                        [
                            -73.57921031831,
                            45.49712955950
                        ],
                        [
                            -73.57921547246,
                            45.49713179518
                        ],
                        [
                            -73.57922135216,
                            45.49712605970
                        ],
                        [
                            -73.57922723187,
                            45.49712032422
                        ],
                        [
                            -73.57924124742,
                            45.49712680858
                        ],
                        [
                            -73.57925526297,
                            45.49713329293
                        ],
                        [
                            -73.57927723064,
                            45.49711068498
                        ],
                        [
                            -73.57929919840,
                            45.49708807693
                        ],
                        [
                            -73.57926911582,
                            45.49707351632
                        ],
                        [
                            -73.57923903324,
                            45.49705895571
                        ],
                        [
                            -73.57924130012,
                            45.49705662276
                        ],
                        [
                            -73.57924356701,
                            45.49705428980
                        ],
                        [
                            -73.57921514426,
                            45.49704072050
                        ],
                        [
                            -73.57918672152,
                            45.49702715120
                        ],
                        [
                            -73.57915408598,
                            45.49705924869
                        ],
                        [
                            -73.57912311229,
                            45.49709112519
                        ],
                        [
                            -73.57916315122,
                            45.49711024028
                        ]
                    ]
                ]
            }
        },
        {
            "type": "Feature",
            "properties": {
                "level": "8",
                "door": "hinged",
                "entrance": "yes"
            },
            "geometry": {
                "type": "Point",
                "coordinates": [
                    -73.57903990617,
                    45.49713905667
                ]
            }
        },
        {
            "type": "Feature",
            "properties": {
                "indoor": "room",
                "ref": "H-110",
                "level": "1"
            },
            "geometry": {
                "type": "Polygon",
                "coordinates": [
                    [
                        [
                            -73.57881790603,
                            45.49707405616
                        ],
                        [
                            -73.57880539888,
                            45.49708754651
                        ],
                        [
                            -73.57879938401,
                            45.49709560154
                        ],
                        [
                            -73.57879663701,
                            45.49709928030
                        ],
                        [
                            -73.57878787514,
                            45.49711101409
                        ],
                        [
                            -73.57877541096,
                            45.49713321395
                        ],
                        [
                            -73.57876294704,
                            45.49715541393
                        ],
                        [
                            -73.57876403254,
                            45.49715584331
                        ],
                        [
                            -73.57876511829,
                            45.49715627280
                        ],
                        [
                            -73.57886646007,
                            45.49717708756
                        ],
                        [
                            -73.57896780185,
                            45.49719790231
                        ],
                        [
                            -73.57896897798,
                            45.49719796900
                        ],
                        [
                            -73.57897015410,
                            45.49719803569
                        ],
                        [
                            -73.57899288714,
                            45.49719543194
                        ],
                        [
                            -73.57900120339,
                            45.49719447946
                        ],
                        [
                            -73.57901562031,
                            45.49719282825
                        ],
                        [
                            -73.57901818332,
                            45.49719381387
                        ],
                        [
                            -73.57902074634,
                            45.49719479948
                        ],
                        [
                            -73.57905590841,
                            45.49715889941
                        ],
                        [
                            -73.57909107047,
                            45.49712299931
                        ],
                        [
                            -73.57908904371,
                            45.49712200565
                        ],
                        [
                            -73.57908701695,
                            45.49712101199
                        ],
                        [
                            -73.57908346665,
                            45.49711142087
                        ],
                        [
                            -73.57908237580,
                            45.49710847397
                        ],
                        [
                            -73.57907773466,
                            45.49709593593
                        ],
                        [
                            -73.57907618774,
                            45.49709189135
                        ],
                        [
                            -73.57907464095,
                            45.49708784684
                        ],
                        [
                            -73.57905923832,
                            45.49707470588
                        ],
                        [
                            -73.57904383594,
                            45.49706156505
                        ],
                        [
                            -73.57903987599,
                            45.49705817748
                        ],
                        [
                            -73.57903591616,
                            45.49705478997
                        ],
                        [
                            -73.57903648541,
                            45.49705384756
                        ],
                        [
                            -73.57903705465,
                            45.49705290515
                        ],
                        [
                            -73.57899161915,
                            45.49701421009
                        ],
                        [
                            -73.57894618365,
                            45.49697551501
                        ],
                        [
                            -73.57894502416,
                            45.49697493606
                        ],
                        [
                            -73.57894386466,
                            45.49697435710
                        ],
                        [
                            -73.57891768082,
                            45.49699057773
                        ],
                        [
                            -73.57889149685,
                            45.49700679830
                        ],
                        [
                            -73.57888642870,
                            45.49701076051
                        ],
                        [
                            -73.57887518310,
                            45.49701955218
                        ],
                        [
                            -73.57885886922,
                            45.49703230600
                        ],
                        [
                            -73.57885195050,
                            45.49703851321
                        ],
                        [
                            -73.57884503152,
                            45.49704472030
                        ],
                        [
                            -73.57883772232,
                            45.49705264318
                        ],
                        [
                            -73.57883041313,
                            45.49706056606
                        ],
                        [
                            -73.57881790603,
                            45.49707405616
                        ]
                    ]
                ]
            }
        },
        {
            "type": "Feature",
            "properties": {
                "door": "hinged",
                "entrance": "yes"
            },
            "geometry": {
                "type": "Point",
                "coordinates": [
                    -73.57925344446,
                    45.49745629821
                ]
            }
        },
        {
            "type": "Feature",
            "properties": {
                "ref": "H-151",
                "indoor": "room",
                "level": "1"
            },
            "geometry": {
                "type": "Polygon",
                "coordinates": [
                    [
                        [
                            -73.57879675000,
                            45.49753255926
                        ],
                        [
                            -73.57880675979,
                            45.49753733799
                        ],
                        [
                            -73.57882039499,
                            45.49752330547
                        ],
                        [
                            -73.57883403019,
                            45.49750927295
                        ],
                        [
                            -73.57882402040,
                            45.49750449422
                        ],
                        [
                            -73.57881401062,
                            45.49749971549
                        ],
                        [
                            -73.57880037542,
                            45.49751374801
                        ],
                        [
                            -73.57878674021,
                            45.49752778053
                        ],
                        [
                            -73.57879675000,
                            45.49753255926
                        ]
                    ]
                ]
            }
        },
        {
            "type": "Feature",
            "properties": {
                "door": "hinged",
                "entrance": "yes"
            },
            "geometry": {
                "type": "Point",
                "coordinates": [
                    -73.57890141878,
                    45.49744384754
                ]
            }
        },
        {
            "type": "Feature",
            "properties": {
                "level": "8",
                "ref": "H-832.06"
            },
            "geometry": {
                "type": "Point",
                "coordinates": [
                    -73.57906369809,
                    45.49723515924
                ]
            }
        },
        {
            "type": "Feature",
            "properties": {
                "highway": "footway",
                "level": "1"
            },
            "geometry": {
                "type": "LineString",
                "coordinates": [
                    [
                        -73.57906696821,
                        45.49750950998
                    ],
                    [
                        -73.57907420490,
                        45.49750220338
                    ],
                    [
                        -73.57908477436,
                        45.49749153182
                    ]
                ]
            }
        },
        {
            "type": "Feature",
            "properties": {
                "ref": "H-141",
                "indoor": "room",
                "level": "1"
            },
            "geometry": {
                "type": "Polygon",
                "coordinates": [
                    [
                        [
                            -73.57898350320,
                            45.49762856340
                        ],
                        [
                            -73.57901723981,
                            45.49764466942
                        ],
                        [
                            -73.57903314757,
                            45.49762829815
                        ],
                        [
                            -73.57904905534,
                            45.49761192687
                        ],
                        [
                            -73.57901531873,
                            45.49759582084
                        ],
                        [
                            -73.57898158213,
                            45.49757971481
                        ],
                        [
                            -73.57897015852,
                            45.49759147127
                        ],
                        [
                            -73.57896567436,
                            45.49759608609
                        ],
                        [
                            -73.57894976660,
                            45.49761245738
                        ],
                        [
                            -73.57898350320,
                            45.49762856340
                        ]
                    ]
                ]
            }
        },
        {
            "type": "Feature",
            "properties": {
                "ref": "H-bath-M-1",
                "level": "1"
            },
            "geometry": {
                "type": "Point",
                "coordinates": [
                    -73.57883651431,
                    45.49718422270
                ]
            }
        },
        {
            "type": "Feature",
            "properties": {
                "ref": "H-198",
                "level": "1"
            },
            "geometry": {
                "type": "Point",
                "coordinates": [
                    -73.57857962094,
                    45.49739669256
                ]
            }
        },
        {
            "type": "Feature",
            "properties": {
                "ref": "H-281",
                "indoor": "room",
                "level": "2"
            },
            "geometry": {
                "type": "Polygon",
                "coordinates": [
                    [
                        [
                            -73.57882380923,
                            45.49747938577
                        ],
                        [
                            -73.57883893235,
                            45.49748654627
                        ],
                        [
                            -73.57884543317,
                            45.49747980052
                        ],
                        [
                            -73.57885193400,
                            45.49747305478
                        ],
                        [
                            -73.57883681087,
                            45.49746589429
                        ],
                        [
                            -73.57882168774,
                            45.49745873380
                        ],
                        [
                            -73.57881518692,
                            45.49746547954
                        ],
                        [
                            -73.57880868610,
                            45.49747222529
                        ],
                        [
                            -73.57881074490,
                            45.49747320009
                        ],
                        [
                            -73.57882380923,
                            45.49747938577
                        ]
                    ]
                ]
            }
        },
        {
            "type": "Feature",
            "properties": {
                "stairs": "yes",
                "ref": "H-stair-2-2",
                "level": "1;2",
                "indoor": "area"
            },
            "geometry": {
                "type": "Polygon",
                "coordinates": [
                    [
                        [
                            -73.57869274194,
                            45.49719208354
                        ],
                        [
                            -73.57873295574,
                            45.49721112404
                        ],
                        [
                            -73.57874253422,
                            45.49720124107
                        ],
                        [
                            -73.57875292248,
                            45.49719040494
                        ],
                        [
                            -73.57871270867,
                            45.49717136443
                        ],
                        [
                            -73.57867249487,
                            45.49715232392
                        ],
                        [
                            -73.57866251150,
                            45.49716268347
                        ],
                        [
                            -73.57865252813,
                            45.49717304302
                        ],
                        [
                            -73.57869274194,
                            45.49719208354
                        ]
                    ]
                ]
            }
        },
        {
            "type": "Feature",
            "properties": {
                "level": "8",
                "ref": "H-886"
            },
            "geometry": {
                "type": "Point",
                "coordinates": [
                    -73.57894411588,
                    45.49706752774
                ]
            }
        },
        {
            "type": "Feature",
            "properties": {
                "level": "8",
                "ref": "H-861"
            },
            "geometry": {
                "type": "Point",
                "coordinates": [
                    -73.57854771062,
                    45.49743945041
                ]
            }
        },
        {
            "type": "Feature",
            "properties": {
                "highway": "footway",
                "level": "2"
            },
            "geometry": {
                "type": "LineString",
                "coordinates": [
                    [
                        -73.57888878689,
                        45.49735316218
                    ],
                    [
                        -73.57881696860,
                        45.49742908732
                    ],
                    [
                        -73.57883996035,
                        45.49743977258
                    ],
                    [
                        -73.57885107370,
                        45.49744493743
                    ],
                    [
                        -73.57887648111,
                        45.49741807715
                    ]
                ]
            }
        },
        {
            "type": "Feature",
            "properties": {
                "highway": "footway",
                "level": "2"
            },
            "geometry": {
                "type": "LineString",
                "coordinates": [
                    [
                        -73.57900162435,
                        45.49727722394
                    ],
                    [
                        -73.57889862779,
                        45.49722935685
                    ],
                    [
                        -73.57883576383,
                        45.49720014114
                    ],
                    [
                        -73.57884308794,
                        45.49719239818
                    ],
                    [
                        -73.57885516370,
                        45.49717963183
                    ]
                ]
            }
        },
        {
            "type": "Feature",
            "properties": {
                "ref": "H-stair-2-1",
                "door": "no",
                "level": "2"
            },
            "geometry": {
                "type": "Point",
                "coordinates": [
                    -73.57860967548,
                    45.49739378374
                ]
            }
        },
        {
            "type": "Feature",
            "properties": {
                "level": "8",
                "ref": "H-832.01"
            },
            "geometry": {
                "type": "Point",
                "coordinates": [
                    -73.57915853030,
                    45.49730171179
                ]
            }
        },
        {
            "type": "Feature",
            "properties": {
                "door": "hinged",
                "entrance": "yes"
            },
            "geometry": {
                "type": "Point",
                "coordinates": [
                    -73.57880152615,
                    45.49747965498
                ]
            }
        },
        {
            "type": "Feature",
            "properties": {
                "door": "hinged",
                "entrance": "yes"
            },
            "geometry": {
                "type": "Point",
                "coordinates": [
                    -73.57893745791,
                    45.49758272005
                ]
            }
        },
        {
            "type": "Feature",
            "properties": {
                "level": "9",
                "indoor": "room"
            },
            "geometry": {
                "type": "Polygon",
                "coordinates": [
                    [
                        [
                            -73.57901233634,
                            45.49707610637
                        ],
                        [
                            -73.57898297579,
                            45.49710708388
                        ],
                        [
                            -73.57902818203,
                            45.49712900519
                        ],
                        [
                            -73.57905824770,
                            45.49709793329
                        ],
                        [
                            -73.57901233634,
                            45.49707610637
                        ]
                    ]
                ]
            }
        },
        {
            "type": "Feature",
            "properties": {
                "indoor": "room",
                "level": "1"
            },
            "geometry": {
                "type": "Polygon",
                "coordinates": [
                    [
                        [
                            -73.57904863254,
                            45.49737891602
                        ],
                        [
                            -73.57906792192,
                            45.49738812491
                        ],
                        [
                            -73.57908224403,
                            45.49737308896
                        ],
                        [
                            -73.57909656613,
                            45.49735805302
                        ],
                        [
                            -73.57907854983,
                            45.49734924761
                        ],
                        [
                            -73.57906053353,
                            45.49734044221
                        ],
                        [
                            -73.57905934684,
                            45.49734024608
                        ],
                        [
                            -73.57905816015,
                            45.49734004996
                        ],
                        [
                            -73.57904375161,
                            45.49735487840
                        ],
                        [
                            -73.57902934307,
                            45.49736970683
                        ],
                        [
                            -73.57904863254,
                            45.49737891602
                        ]
                    ]
                ]
            }
        },
        {
            "type": "Feature",
            "properties": {
                "level": "9",
                "ref": "H-961.7"
            },
            "geometry": {
                "type": "Point",
                "coordinates": [
                    -73.57876072508,
                    45.49758437859
                ]
            }
        },
        {
            "type": "Feature",
            "properties": {
                "door": "elevator",
                "level": "8",
                "repeat_on": "9"
            },
            "geometry": {
                "type": "Point",
                "coordinates": [
                    -73.57872764476,
                    45.49729702223
                ]
            }
        },
        {
            "type": "Feature",
            "properties": {
                "highway": "footway",
                "level": "1"
            },
            "geometry": {
                "type": "LineString",
                "coordinates": [
                    [
                        -73.57910630790,
                        45.49742266087
                    ],
                    [
                        -73.57912544819,
                        45.49743197806
                    ],
                    [
                        -73.57918154247,
                        45.49745928388
                    ],
                    [
                        -73.57915553012,
                        45.49748554753
                    ],
                    [
                        -73.57910319217,
                        45.49753921592
                    ],
                    [
                        -73.57912309680,
                        45.49754753007
                    ]
                ]
            }
        },
        {
            "type": "Feature",
            "properties": {
                "ref": "H-913",
                "level": "9"
            },
            "geometry": {
                "type": "Point",
                "coordinates": [
                    -73.57871262283,
                    45.49700097546
                ]
            }
        },
        {
            "type": "Feature",
            "properties": {
                "door": "hinged",
                "entrance": "yes"
            },
            "geometry": {
                "type": "Point",
                "coordinates": [
                    -73.57876150154,
                    45.49720056231
                ]
            }
        },
        {
            "type": "Feature",
            "properties": {
                "ref": "H-986",
                "level": "9",
                "indoor": "room"
            },
            "geometry": {
                "type": "Polygon",
                "coordinates": [
                    [
                        [
                            -73.57894485921,
                            45.49704321719
                        ],
                        [
                            -73.57890837087,
                            45.49708092674
                        ],
                        [
                            -73.57893052302,
                            45.49709145817
                        ],
                        [
                            -73.57896701136,
                            45.49705374863
                        ],
                        [
                            -73.57895633676,
                            45.49704867378
                        ],
                        [
                            -73.57894485921,
                            45.49704321719
                        ]
                    ]
                ]
            }
        },
        {
            "type": "Feature",
            "properties": {
                "door": "hinged",
                "entrance": "yes"
            },
            "geometry": {
                "type": "Point",
                "coordinates": [
                    -73.57877234320,
                    45.49731846054
                ]
            }
        },
        {
            "type": "Feature",
            "properties": {
                "level": "9",
                "ref": "H-992"
            },
            "geometry": {
                "type": "Point",
                "coordinates": [
                    -73.57873957234,
                    45.49726796580
                ]
            }
        },
        {
            "type": "Feature",
            "properties": {
                "conveying": "yes",
                "highway": "steps",
                "oneway": "yes",
                "level": "2;8"
            },
            "geometry": {
                "type": "LineString",
                "coordinates": [
                    [
                        -73.57899094904,
                        45.49731405500
                    ],
                    [
                        -73.57884586972,
                        45.49723943973
                    ]
                ]
            }
        },
        {
            "type": "Feature",
            "properties": {
                "level": "9",
                "indoor": "room"
            },
            "geometry": {
                "type": "Polygon",
                "coordinates": [
                    [
                        [
                            -73.57904592344,
                            45.49734225708
                        ],
                        [
                            -73.57902634309,
                            45.49736249265
                        ],
                        [
                            -73.57901802057,
                            45.49737109366
                        ],
                        [
                            -73.57905203997,
                            45.49738726686
                        ],
                        [
                            -73.57906905888,
                            45.49736967845
                        ],
                        [
                            -73.57907994284,
                            45.49735843028
                        ],
                        [
                            -73.57904592344,
                            45.49734225708
                        ]
                    ]
                ]
            }
        },
        {
            "type": "Feature",
            "properties": {
                "level": "8",
                "ref": "H-851.02"
            },
            "geometry": {
                "type": "Point",
                "coordinates": [
                    -73.57887699739,
                    45.49760112813
                ]
            }
        },
        {
            "type": "Feature",
            "properties": {
                "amenity": "drinking_water",
                "level": "8",
                "indoor": "yes",
                "name": "Water Fountain",
                "ref": "H-water-8-01"
            },
            "geometry": {
                "type": "Point",
                "coordinates": [
                    -73.57859379715,
                    45.49728530005
                ]
            }
        },
        {
            "type": "Feature",
            "properties": {
                "highway": "footway",
                "level": "1"
            },
            "geometry": {
                "type": "LineString",
                "coordinates": [
                    [
                        -73.57848199819,
                        45.49723698303
                    ],
                    [
                        -73.57846396918,
                        45.49725515652
                    ],
                    [
                        -73.57848725102,
                        45.49726651211
                    ]
                ]
            }
        },
        {
            "type": "Feature",
            "properties": {
                "ref": "H-823",
                "level": "8"
            },
            "geometry": {
                "type": "Point",
                "coordinates": [
                    -73.57907946175,
                    45.49700000459
                ]
            }
        },
        {
            "type": "Feature",
            "properties": {
                "highway": "footway",
                "level": "2"
            },
            "geometry": {
                "type": "LineString",
                "coordinates": [
                    [
                        -73.57920011597,
                        45.49714508635
                    ],
                    [
                        -73.57928459050,
                        45.49705789060
                    ],
                    [
                        -73.57944979558,
                        45.49713629928
                    ],
                    [
                        -73.57945758716,
                        45.49712729306
                    ]
                ]
            }
        },
        {
            "type": "Feature",
            "properties": {
                "level": "8",
                "ref": "H-825",
                "indoor": "room"
            },
            "geometry": {
                "type": "Polygon",
                "coordinates": [
                    [
                        [
                            -73.57914964960,
                            45.49697819424
                        ],
                        [
                            -73.57907575057,
                            45.49705416233
                        ],
                        [
                            -73.57910778089,
                            45.49706947102
                        ],
                        [
                            -73.57914184576,
                            45.49708575211
                        ],
                        [
                            -73.57921574479,
                            45.49700978407
                        ],
                        [
                            -73.57914964960,
                            45.49697819424
                        ]
                    ]
                ]
            }
        },
        {
            "type": "Feature",
            "properties": {
                "door": "no",
                "level": "8"
            },
            "geometry": {
                "type": "Point",
                "coordinates": [
                    -73.57884410537,
                    45.49724367112
                ]
            }
        },
        {
            "type": "Feature",
            "properties": {
                "door": "hinged",
                "entrance": "yes"
            },
            "geometry": {
                "type": "Point",
                "coordinates": [
                    -73.57867650030,
                    45.49735393827
                ]
            }
        },
        {
            "type": "Feature",
            "properties": {
                "door": "hinged",
                "entrance": "yes"
            },
            "geometry": {
                "type": "Point",
                "coordinates": [
                    -73.57873051304,
                    45.49714416845
                ]
            }
        },
        {
            "type": "Feature",
            "properties": {
                "level": "9",
                "indoor": "room",
                "ref": "H-907"
            },
            "geometry": {
                "type": "Polygon",
                "coordinates": [
                    [
                        [
                            -73.57858522529,
                            45.49717016875
                        ],
                        [
                            -73.57861901283,
                            45.49713525045
                        ],
                        [
                            -73.57854464489,
                            45.49709989495
                        ],
                        [
                            -73.57849796130,
                            45.49714814092
                        ],
                        [
                            -73.57861431031,
                            45.49720345472
                        ],
                        [
                            -73.57862036033,
                            45.49719686770
                        ],
                        [
                            -73.57862647448,
                            45.49719021086
                        ],
                        [
                            -73.57858522529,
                            45.49717016875
                        ]
                    ]
                ]
            }
        },
        {
            "type": "Feature",
            "properties": {
                "ref": "H-835",
                "level": "8",
                "indoor": "room"
            },
            "geometry": {
                "type": "Polygon",
                "coordinates": [
                    [
                        [
                            -73.57931071992,
                            45.49723981271
                        ],
                        [
                            -73.57926971607,
                            45.49728196442
                        ],
                        [
                            -73.57926145353,
                            45.49729045826
                        ],
                        [
                            -73.57937352833,
                            45.49734402347
                        ],
                        [
                            -73.57941487589,
                            45.49730151848
                        ],
                        [
                            -73.57942279472,
                            45.49729337797
                        ],
                        [
                            -73.57931071992,
                            45.49723981271
                        ]
                    ]
                ]
            }
        },
        {
            "type": "Feature",
            "properties": {
                "door": "hinged",
                "entrance": "yes"
            },
            "geometry": {
                "type": "Point",
                "coordinates": [
                    -73.57851640587,
                    45.49720660490
                ]
            }
        },
        {
            "type": "Feature",
            "properties": {
                "highway": "footway",
                "level": "9"
            },
            "geometry": {
                "type": "LineString",
                "coordinates": [
                    [
                        -73.57929453837,
                        45.49720424752
                    ],
                    [
                        -73.57929049399,
                        45.49720842725
                    ],
                    [
                        -73.57927483817,
                        45.49722460700
                    ],
                    [
                        -73.57928874877,
                        45.49723122027
                    ]
                ]
            }
        },
        {
            "type": "Feature",
            "properties": {
                "door": "hinged",
                "entrance": "yes"
            },
            "geometry": {
                "type": "Point",
                "coordinates": [
                    -73.57911437969,
                    45.49704649312
                ]
            }
        },
        {
            "type": "Feature",
            "properties": {
                "level": "9",
                "indoor": "room",
                "ref": "H-909"
            },
            "geometry": {
                "type": "Polygon",
                "coordinates": [
                    [
                        [
                            -73.57859347497,
                            45.49704943062
                        ],
                        [
                            -73.57854571817,
                            45.49709878575
                        ],
                        [
                            -73.57865568778,
                            45.49715106675
                        ],
                        [
                            -73.57866021145,
                            45.49714639169
                        ],
                        [
                            -73.57870344458,
                            45.49710171166
                        ],
                        [
                            -73.57859347497,
                            45.49704943062
                        ]
                    ]
                ]
            }
        },
        {
            "type": "Feature",
            "properties": {
                "ref": "H-931",
                "level": "9",
                "indoor": "room"
            },
            "geometry": {
                "type": "Polygon",
                "coordinates": [
                    [
                        [
                            -73.57933411727,
                            45.49718050595
                        ],
                        [
                            -73.57931426329,
                            45.49720102436
                        ],
                        [
                            -73.57934611233,
                            45.49721616579
                        ],
                        [
                            -73.57935424345,
                            45.49722003142
                        ],
                        [
                            -73.57936743591,
                            45.49721889083
                        ],
                        [
                            -73.57938237732,
                            45.49720344939
                        ],
                        [
                            -73.57933411727,
                            45.49718050595
                        ]
                    ]
                ]
            }
        },
        {
            "type": "Feature",
            "properties": {
                "ref": "H-141",
                "level": "1"
            },
            "geometry": {
                "type": "Point",
                "coordinates": [
                    -73.57899481380,
                    45.49760346892
                ]
            }
        },
        {
            "type": "Feature",
            "properties": {
                "door": "no",
                "level": "1"
            },
            "geometry": {
                "type": "Point",
                "coordinates": [
                    -73.57848199819,
                    45.49723698303
                ]
            }
        },
        {
            "type": "Feature",
            "properties": {
                "highway": "footway",
                "level": "1"
            },
            "geometry": {
                "type": "LineString",
                "coordinates": [
                    [
                        -73.57855453358,
                        45.49727680761
                    ],
                    [
                        -73.57850206825,
                        45.49725155168
                    ]
                ]
            }
        },
        {
            "type": "Feature",
            "properties": {
                "ref": "H-937",
                "level": "9"
            },
            "geometry": {
                "type": "Point",
                "coordinates": [
                    -73.57917362558,
                    45.49735898176
                ]
            }
        },
        {
            "type": "Feature",
            "properties": {
                "indoor": "room",
                "ref": "H-124",
                "level": "1"
            },
            "geometry": {
                "type": "Polygon",
                "coordinates": [
                    [
                        [
                            -73.57900313289,
                            45.49734920560
                        ],
                        [
                            -73.57903353286,
                            45.49736371876
                        ],
                        [
                            -73.57904540051,
                            45.49735150526
                        ],
                        [
                            -73.57905726816,
                            45.49733929175
                        ],
                        [
                            -73.57902774293,
                            45.49732499716
                        ],
                        [
                            -73.57899821770,
                            45.49731070256
                        ],
                        [
                            -73.57899702985,
                            45.49731050628
                        ],
                        [
                            -73.57899584187,
                            45.49731030993
                        ],
                        [
                            -73.57899142470,
                            45.49731497050
                        ],
                        [
                            -73.57898428733,
                            45.49732250115
                        ],
                        [
                            -73.57897273279,
                            45.49733469237
                        ],
                        [
                            -73.57900313289,
                            45.49734920560
                        ]
                    ]
                ]
            }
        },
        {
            "type": "Feature",
            "properties": {
                "ref": "H-903",
                "level": "9"
            },
            "geometry": {
                "type": "Point",
                "coordinates": [
                    -73.57849631106,
                    45.49722608895
                ]
            }
        },
        {
            "type": "Feature",
            "properties": {
                "highway": "footway",
                "level": "9"
            },
            "geometry": {
                "type": "LineString",
                "coordinates": [
                    [
                        -73.57912370932,
                        45.49751402985
                    ],
                    [
                        -73.57913222503,
                        45.49751807830
                    ],
                    [
                        -73.57916555195,
                        45.49753392224
                    ],
                    [
                        -73.57917345229,
                        45.49752575755
                    ]
                ]
            }
        },
        {
            "type": "Feature",
            "properties": {
                "level": "9",
                "indoor": "room"
            },
            "geometry": {
                "type": "Polygon",
                "coordinates": [
                    [
                        [
                            -73.57895673187,
                            45.49742130213
                        ],
                        [
                            -73.57894385363,
                            45.49743461131
                        ],
                        [
                            -73.57896046777,
                            45.49744250984
                        ],
                        [
                            -73.57897334602,
                            45.49742920067
                        ],
                        [
                            -73.57895673187,
                            45.49742130213
                        ]
                    ]
                ]
            }
        },
        {
            "type": "Feature",
            "properties": {
                "highway": "footway",
                "level": "9"
            },
            "geometry": {
                "type": "LineString",
                "coordinates": [
                    [
                        -73.57892656178,
                        45.49736573396
                    ],
                    [
                        -73.57891025429,
                        45.49735798119
                    ],
                    [
                        -73.57891726284,
                        45.49735073812
                    ],
                    [
                        -73.57891781112,
                        45.49735017149
                    ],
                    [
                        -73.57893026849,
                        45.49733729726
                    ]
                ]
            }
        },
        {
            "type": "Feature",
            "properties": {
                "highway": "footway",
                "level": "8"
            },
            "geometry": {
                "type": "LineString",
                "coordinates": [
                    [
                        -73.57912733051,
                        45.49738116735
                    ],
                    [
                        -73.57915820729,
                        45.49739597649
                    ],
                    [
                        -73.57921986915,
                        45.49742555076
                    ],
                    [
                        -73.57920435424,
                        45.49744144409
                    ]
                ]
            }
        },
        {
            "type": "Feature",
            "properties": {
                "highway": "footway",
                "level": "9"
            },
            "geometry": {
                "type": "LineString",
                "coordinates": [
                    [
                        -73.57902823832,
                        45.49731181966
                    ],
                    [
                        -73.57901319215,
                        45.49734221101
                    ],
                    [
                        -73.57900756126,
                        45.49735356356
                    ],
                    [
                        -73.57898688422,
                        45.49739530742
                    ],
                    [
                        -73.57906781738,
                        45.49743378391
                    ],
                    [
                        -73.57911156281,
                        45.49745458094
                    ],
                    [
                        -73.57912076487,
                        45.49745895570
                    ],
                    [
                        -73.57914419916,
                        45.49749285441
                    ],
                    [
                        -73.57912370932,
                        45.49751402985
                    ],
                    [
                        -73.57909948161,
                        45.49753906821
                    ],
                    [
                        -73.57908789444,
                        45.49755104309
                    ],
                    [
                        -73.57906517738,
                        45.49757452025
                    ],
                    [
                        -73.57905523971,
                        45.49758479042
                    ],
                    [
                        -73.57904259916,
                        45.49759785390
                    ],
                    [
                        -73.57901854701,
                        45.49762271080
                    ],
                    [
                        -73.57898615562,
                        45.49765618595
                    ],
                    [
                        -73.57895577948,
                        45.49764174487
                    ],
                    [
                        -73.57891824639,
                        45.49762390131
                    ],
                    [
                        -73.57890297435,
                        45.49761664084
                    ],
                    [
                        -73.57886751206,
                        45.49759978175
                    ],
                    [
                        -73.57885016918,
                        45.49759153678
                    ],
                    [
                        -73.57883049670,
                        45.49758218430
                    ],
                    [
                        -73.57879658749,
                        45.49756606355
                    ],
                    [
                        -73.57885800350,
                        45.49750259257
                    ],
                    [
                        -73.57891061574,
                        45.49744821987
                    ],
                    [
                        -73.57897030721,
                        45.49738653101
                    ],
                    [
                        -73.57899927513,
                        45.49735659375
                    ],
                    [
                        -73.57901319215,
                        45.49734221101
                    ]
                ]
            }
        },
        {
            "type": "Feature",
            "properties": {
                "door": "hinged",
                "entrance": "yes"
            },
            "geometry": {
                "type": "Point",
                "coordinates": [
                    -73.57883299658,
                    45.49696048143
                ]
            }
        },
        {
            "type": "Feature",
            "properties": {
                "door": "hinged",
                "entrance": "yes"
            },
            "geometry": {
                "type": "Point",
                "coordinates": [
                    -73.57899711786,
                    45.49756372639
                ]
            }
        },
        {
            "type": "Feature",
            "properties": {
                "ref": "H-961.14",
                "level": "9",
                "indoor": "room"
            },
            "geometry": {
                "type": "Polygon",
                "coordinates": [
                    [
                        [
                            -73.57892225688,
                            45.49752676470
                        ],
                        [
                            -73.57886430482,
                            45.49758665580
                        ],
                        [
                            -73.57887515919,
                            45.49759187876
                        ],
                        [
                            -73.57893720701,
                            45.49762173523
                        ],
                        [
                            -73.57899571711,
                            45.49756126746
                        ],
                        [
                            -73.57892225688,
                            45.49752676470
                        ]
                    ]
                ]
            }
        },
        {
            "type": "Feature",
            "properties": {
                "ref": "H-961.14",
                "level": "9"
            },
            "geometry": {
                "type": "Point",
                "coordinates": [
                    -73.57893206363,
                    45.49757603287
                ]
            }
        },
        {
            "type": "Feature",
            "properties": {
                "door": "hinged",
                "entrance": "yes"
            },
            "geometry": {
                "type": "Point",
                "coordinates": [
                    -73.57892436211,
                    45.49745475504
                ]
            }
        },
        {
            "type": "Feature",
            "properties": {
                "door": "hinged",
                "entrance": "yes"
            },
            "geometry": {
                "type": "Point",
                "coordinates": [
                    -73.57900535754,
                    45.49702339952
                ]
            }
        },
        {
            "type": "Feature",
            "properties": {
                "level": "9",
                "indoor": "room",
                "ref": "H-981"
            },
            "geometry": {
                "type": "Polygon",
                "coordinates": [
                    [
                        [
                            -73.57902231766,
                            45.49742454935
                        ],
                        [
                            -73.57899050742,
                            45.49745679099
                        ],
                        [
                            -73.57901903656,
                            45.49747035403
                        ],
                        [
                            -73.57905000773,
                            45.49743771351
                        ],
                        [
                            -73.57902231766,
                            45.49742454935
                        ]
                    ]
                ]
            }
        },
        {
            "type": "Feature",
            "properties": {
                "door": "hinged",
                "entrance": "yes"
            },
            "geometry": {
                "type": "Point",
                "coordinates": [
                    -73.57919178718,
                    45.49714279756
                ]
            }
        },
        {
            "type": "Feature",
            "properties": {
                "level": "8",
                "ref": "H-827"
            },
            "geometry": {
                "type": "Point",
                "coordinates": [
                    -73.57921503570,
                    45.49706707268
                ]
            }
        },
        {
            "type": "Feature",
            "properties": {
                "ref": "H-stair-2-1",
                "stairs": "yes",
                "level": "1;2",
                "indoor": "area"
            },
            "geometry": {
                "type": "Polygon",
                "coordinates": [
                    [
                        [
                            -73.57858453184,
                            45.49730644854
                        ],
                        [
                            -73.57862474565,
                            45.49732548900
                        ],
                        [
                            -73.57863562973,
                            45.49731426374
                        ],
                        [
                            -73.57864517673,
                            45.49730428811
                        ],
                        [
                            -73.57860496293,
                            45.49728524764
                        ],
                        [
                            -73.57856474912,
                            45.49726620716
                        ],
                        [
                            -73.57855453358,
                            45.49727680761
                        ],
                        [
                            -73.57854431803,
                            45.49728740807
                        ],
                        [
                            -73.57858453184,
                            45.49730644854
                        ]
                    ]
                ]
            }
        },
        {
            "type": "Feature",
            "properties": {
                "indoor": "room"
            },
            "geometry": {
                "type": "Polygon",
                "coordinates": [
                    [
                        [
                            -73.57929046083,
                            45.49704549415
                        ],
                        [
                            -73.57921656179,
                            45.49712146215
                        ],
                        [
                            -73.57928922562,
                            45.49715619133
                        ],
                        [
                            -73.57936312465,
                            45.49708022338
                        ],
                        [
                            -73.57929046083,
                            45.49704549415
                        ]
                    ]
                ]
            }
        },
        {
            "type": "Feature",
            "properties": {
                "ref": "H-929.25",
                "level": "9"
            },
            "geometry": {
                "type": "Point",
                "coordinates": [
                    -73.57926053356,
                    45.49741271890
                ]
            }
        },
        {
            "type": "Feature",
            "properties": {
                "highway": "footway",
                "level": "9"
            },
            "geometry": {
                "type": "LineString",
                "coordinates": [
                    [
                        -73.57904259916,
                        45.49759785390
                    ],
                    [
                        -73.57902975390,
                        45.49759174715
                    ],
                    [
                        -73.57900678720,
                        45.49758082856
                    ],
                    [
                        -73.57898326173,
                        45.49760514116
                    ]
                ]
            }
        },
        {
            "type": "Feature",
            "properties": {
                "ref": "H-961.19",
                "level": "9"
            },
            "geometry": {
                "type": "Point",
                "coordinates": [
                    -73.57899672281,
                    45.49769941707
                ]
            }
        },
        {
            "type": "Feature",
            "properties": {
                "level": "8",
                "indoor": "room",
                "ref": "H-851.01"
            },
            "geometry": {
                "type": "Polygon",
                "coordinates": [
                    [
                        [
                            -73.57889992957,
                            45.49755143869
                        ],
                        [
                            -73.57887557679,
                            45.49757647307
                        ],
                        [
                            -73.57892196683,
                            45.49759864469
                        ],
                        [
                            -73.57893745791,
                            45.49758272005
                        ],
                        [
                            -73.57894631961,
                            45.49757361032
                        ],
                        [
                            -73.57889992957,
                            45.49755143869
                        ]
                    ]
                ]
            }
        },
        {
            "type": "Feature",
            "properties": {
                "highway": "footway",
                "level": "9"
            },
            "geometry": {
                "type": "LineString",
                "coordinates": [
                    [
                        -73.57866906136,
                        45.49750543639
                    ],
                    [
                        -73.57866360352,
                        45.49751107685
                    ],
                    [
                        -73.57864439474,
                        45.49753092835
                    ],
                    [
                        -73.57865983939,
                        45.49753827089
                    ]
                ]
            }
        },
        {
            "type": "Feature",
            "properties": {
                "ref": "H-965",
                "level": "9"
            },
            "geometry": {
                "type": "Point",
                "coordinates": [
                    -73.57853660942,
                    45.49744457947
                ]
            }
        },
        {
            "type": "Feature",
            "properties": {
                "highway": "footway",
                "level": "9"
            },
            "geometry": {
                "type": "LineString",
                "coordinates": [
                    [
                        -73.57879430872,
                        45.49707603933
                    ],
                    [
                        -73.57877339512,
                        45.49706549706
                    ]
                ]
            }
        },
        {
            "type": "Feature",
            "properties": {
                "highway": "footway",
                "level": "9"
            },
            "geometry": {
                "type": "LineString",
                "coordinates": [
                    [
                        -73.57867207407,
                        45.49722145307
                    ],
                    [
                        -73.57866687561,
                        45.49722682550
                    ],
                    [
                        -73.57865101777,
                        45.49724321402
                    ],
                    [
                        -73.57865872996,
                        45.49724688049
                    ]
                ]
            }
        },
        {
            "type": "Feature",
            "properties": {
                "highway": "footway",
                "level": "9"
            },
            "geometry": {
                "type": "LineString",
                "coordinates": [
                    [
                        -73.57873249360,
                        45.49738897736
                    ],
                    [
                        -73.57872444757,
                        45.49739729263
                    ],
                    [
                        -73.57872377066,
                        45.49739799219
                    ],
                    [
                        -73.57870871011,
                        45.49741355670
                    ],
                    [
                        -73.57870003867,
                        45.49740943420
                    ]
                ]
            }
        },
        {
            "type": "Feature",
            "properties": {
                "highway": "footway",
                "level": "9"
            },
            "geometry": {
                "type": "LineString",
                "coordinates": [
                    [
                        -73.57876549811,
                        45.49740466806
                    ],
                    [
                        -73.57875375343,
                        45.49741680574
                    ],
                    [
                        -73.57875280086,
                        45.49741779019
                    ],
                    [
                        -73.57873893175,
                        45.49743212339
                    ],
                    [
                        -73.57872941400,
                        45.49742759855
                    ]
                ]
            }
        },
        {
            "type": "Feature",
            "properties": {
                "highway": "footway",
                "level": "2"
            },
            "geometry": {
                "type": "LineString",
                "coordinates": [
                    [
                        -73.57896791718,
                        45.49731285869
                    ],
                    [
                        -73.57913243905,
                        45.49738931920
                    ],
                    [
                        -73.57918410075,
                        45.49733470324
                    ],
                    [
                        -73.57915037883,
                        45.49731903118
                    ],
                    [
                        -73.57914399213,
                        45.49731606300
                    ],
                    [
                        -73.57914080113,
                        45.49731458000
                    ],
                    [
                        -73.57911665703,
                        45.49730335918
                    ]
                ]
            }
        },
        {
            "type": "Feature",
            "properties": {
                "ref": "H-290.1",
                "level": "2"
            },
            "geometry": {
                "type": "Point",
                "coordinates": [
                    -73.57909827587,
                    45.49705043245
                ]
            }
        },
        {
            "type": "Feature",
            "properties": {
                "ref": "H-851.03",
                "level": "8"
            },
            "geometry": {
                "type": "Point",
                "coordinates": [
                    -73.57890040174,
                    45.49763027714
                ]
            }
        },
        {
            "type": "Feature",
            "properties": {
                "level": "-2",
                "indoor": "level"
            },
            "geometry": {
                "type": "LineString",
                "coordinates": [
                    [
                        -73.57882258716,
                        45.49682539305
                    ],
                    [
                        -73.57862298716,
                        45.49703659306
                    ],
                    [
                        -73.57840758716,
                        45.49725459306
                    ],
                    [
                        -73.57829238716,
                        45.49737059306
                    ],
                    [
                        -73.57839758716,
                        45.49742189306
                    ],
                    [
                        -73.57857708716,
                        45.49750959306
                    ],
                    [
                        -73.57900598716,
                        45.49771569306
                    ],
                    [
                        -73.57901058716,
                        45.49771229306
                    ],
                    [
                        -73.57926748716,
                        45.49744679306
                    ],
                    [
                        -73.57953628716,
                        45.49717319306
                    ],
                    [
                        -73.57954158716,
                        45.49716639306
                    ],
                    [
                        -73.57945758716,
                        45.49712729306
                    ],
                    [
                        -73.57882258716,
                        45.49682539305
                    ]
                ]
            }
        },
        {
            "type": "Feature",
            "properties": {
                "highway": "footway",
                "level": "8"
            },
            "geometry": {
                "type": "LineString",
                "coordinates": [
                    [
                        -73.57877781538,
                        45.49695653992
                    ],
                    [
                        -73.57881802027,
                        45.49697582316
                    ],
                    [
                        -73.57883299658,
                        45.49696048143
                    ],
                    [
                        -73.57884086547,
                        45.49695248173
                    ],
                    [
                        -73.57886370723,
                        45.49696347904
                    ],
                    [
                        -73.57885585513,
                        45.49697152274
                    ],
                    [
                        -73.57887086560,
                        45.49697875435
                    ],
                    [
                        -73.57897983166,
                        45.49703094056
                    ],
                    [
                        -73.57902098459,
                        45.49705072273
                    ],
                    [
                        -73.57909256753,
                        45.49708505556
                    ],
                    [
                        -73.57917395396,
                        45.49712409035
                    ],
                    [
                        -73.57933249470,
                        45.49720013003
                    ],
                    [
                        -73.57935516644,
                        45.49717690519
                    ],
                    [
                        -73.57934649309,
                        45.49717274526
                    ],
                    [
                        -73.57932310016,
                        45.49716152549
                    ],
                    [
                        -73.57935322139,
                        45.49713066941
                    ]
                ]
            }
        },
        {
            "type": "Feature",
            "properties": {
                "highway": "footway",
                "level": "8"
            },
            "geometry": {
                "type": "LineString",
                "coordinates": [
                    [
                        -73.57868463583,
                        45.49716920929
                    ],
                    [
                        -73.57865780211,
                        45.49715614915
                    ],
                    [
                        -73.57860617577,
                        45.49713138800
                    ],
                    [
                        -73.57859082959,
                        45.49714710858
                    ]
                ]
            }
        },
        {
            "type": "Feature",
            "properties": {
                "stairs": "yes",
                "ref": "H-stair-1-3",
                "indoor": "room",
                "level": "1"
            },
            "geometry": {
                "type": "Polygon",
                "coordinates": [
                    [
                        [
                            -73.57909277316,
                            45.49707058343
                        ],
                        [
                            -73.57907632289,
                            45.49708824623
                        ],
                        [
                            -73.57908096530,
                            45.49710070470
                        ],
                        [
                            -73.57908455064,
                            45.49711032640
                        ],
                        [
                            -73.57908560770,
                            45.49711316317
                        ],
                        [
                            -73.57908598607,
                            45.49711354007
                        ],
                        [
                            -73.57908636444,
                            45.49711391697
                        ],
                        [
                            -73.57909471963,
                            45.49711227329
                        ],
                        [
                            -73.57910307482,
                            45.49711062961
                        ],
                        [
                            -73.57913191304,
                            45.49708095084
                        ],
                        [
                            -73.57916075126,
                            45.49705127206
                        ],
                        [
                            -73.57914369759,
                            45.49704313047
                        ],
                        [
                            -73.57912664392,
                            45.49703498888
                        ],
                        [
                            -73.57911793380,
                            45.49704395481
                        ],
                        [
                            -73.57911511852,
                            45.49704685265
                        ],
                        [
                            -73.57910922351,
                            45.49705292053
                        ],
                        [
                            -73.57909277316,
                            45.49707058343
                        ]
                    ]
                ]
            }
        },
        {
            "type": "Feature",
            "properties": {
                "level": "9",
                "indoor": "room",
                "ref": "H-961.23"
            },
            "geometry": {
                "type": "Polygon",
                "coordinates": [
                    [
                        [
                            -73.57903267757,
                            45.49762095660
                        ],
                        [
                            -73.57902706276,
                            45.49762675927
                        ],
                        [
                            -73.57900799430,
                            45.49764646573
                        ],
                        [
                            -73.57905467203,
                            45.49766865673
                        ],
                        [
                            -73.57907935531,
                            45.49764314761
                        ],
                        [
                            -73.57903267757,
                            45.49762095660
                        ]
                    ]
                ]
            }
        },
        {
            "type": "Feature",
            "properties": {
                "door": "hinged",
                "entrance": "yes"
            },
            "geometry": {
                "type": "Point",
                "coordinates": [
                    -73.57885133648,
                    45.49747762859
                ]
            }
        },
        {
            "type": "Feature",
            "properties": {
                "highway": "footway",
                "level": "9"
            },
            "geometry": {
                "type": "LineString",
                "coordinates": [
                    [
                        -73.57885016918,
                        45.49759153678
                    ],
                    [
                        -73.57884441071,
                        45.49759748791
                    ],
                    [
                        -73.57882690706,
                        45.49761557721
                    ],
                    [
                        -73.57884062608,
                        45.49762209935
                    ]
                ]
            }
        },
        {
            "type": "Feature",
            "properties": {
                "door": "hinged",
                "entrance": "yes"
            },
            "geometry": {
                "type": "Point",
                "coordinates": [
                    -73.57865713688,
                    45.49722174762
                ]
            }
        },
        {
            "type": "Feature",
            "properties": {
                "door": "hinged",
                "entrance": "yes"
            },
            "geometry": {
                "type": "Point",
                "coordinates": [
                    -73.57870937073,
                    45.49709558717
                ]
            }
        },
        {
            "type": "Feature",
            "properties": {
                "highway": "footway",
                "repeat_on": "9",
                "level": "2;8"
            },
            "geometry": {
                "type": "LineString",
                "coordinates": [
                    [
                        -73.57872077052,
                        45.49729372519
                    ],
                    [
                        -73.57872764476,
                        45.49729702223
                    ]
                ]
            }
        },
        {
            "type": "Feature",
            "properties": {
                "ref": "H-961.9",
                "level": "9",
                "indoor": "room"
            },
            "geometry": {
                "type": "Polygon",
                "coordinates": [
                    [
                        [
                            -73.57879935929,
                            45.49757558424
                        ],
                        [
                            -73.57876767895,
                            45.49760832456
                        ],
                        [
                            -73.57880172221,
                            45.49762450903
                        ],
                        [
                            -73.57883269371,
                            45.49759186874
                        ],
                        [
                            -73.57882483883,
                            45.49758803148
                        ],
                        [
                            -73.57879935929,
                            45.49757558424
                        ]
                    ]
                ]
            }
        },
        {
            "type": "Feature",
            "properties": {
                "highway": "footway",
                "level": "9"
            },
            "geometry": {
                "type": "LineString",
                "coordinates": [
                    [
                        -73.57906517738,
                        45.49757452025
                    ],
                    [
                        -73.57907369313,
                        45.49757856871
                    ],
                    [
                        -73.57910624354,
                        45.49759404348
                    ],
                    [
                        -73.57909841262,
                        45.49760213641
                    ]
                ]
            }
        },
        {
            "type": "Feature",
            "properties": {
                "level": "8",
                "ref": "H-849",
                "indoor": "room"
            },
            "geometry": {
                "type": "Polygon",
                "coordinates": [
                    [
                        [
                            -73.57896964494,
                            45.49758981664
                        ],
                        [
                            -73.57896411238,
                            45.49759550404
                        ],
                        [
                            -73.57889826494,
                            45.49766319436
                        ],
                        [
                            -73.57901075019,
                            45.49771695539
                        ],
                        [
                            -73.57908213019,
                            45.49764357774
                        ],
                        [
                            -73.57896964494,
                            45.49758981664
                        ]
                    ]
                ]
            }
        },
        {
            "type": "Feature",
            "properties": {
                "level": "9",
                "ref": "H-928"
            },
            "geometry": {
                "type": "Point",
                "coordinates": [
                    -73.57928874877,
                    45.49723122027
                ]
            }
        },
        {
            "type": "Feature",
            "properties": {
                "ref": "H-120.1",
                "indoor": "room",
                "level": "1"
            },
            "geometry": {
                "type": "Polygon",
                "coordinates": [
                    [
                        [
                            -73.57904847341,
                            45.49716961493
                        ],
                        [
                            -73.57904958563,
                            45.49717014591
                        ],
                        [
                            -73.57903771797,
                            45.49718235946
                        ],
                        [
                            -73.57902585032,
                            45.49719457299
                        ],
                        [
                            -73.57903252347,
                            45.49719775881
                        ],
                        [
                            -73.57903919661,
                            45.49720094463
                        ],
                        [
                            -73.57904601422,
                            45.49719392833
                        ],
                        [
                            -73.57905283182,
                            45.49718691203
                        ],
                        [
                            -73.57905670333,
                            45.49718876032
                        ],
                        [
                            -73.57906098792,
                            45.49719080582
                        ],
                        [
                            -73.57906914401,
                            45.49719469961
                        ],
                        [
                            -73.57908580904,
                            45.49717754888
                        ],
                        [
                            -73.57910247424,
                            45.49716039796
                        ],
                        [
                            -73.57909135224,
                            45.49715508822
                        ],
                        [
                            -73.57908023024,
                            45.49714977848
                        ],
                        [
                            -73.57908092887,
                            45.49714905948
                        ],
                        [
                            -73.57908162750,
                            45.49714834049
                        ],
                        [
                            -73.57908026368,
                            45.49714723065
                        ],
                        [
                            -73.57907889985,
                            45.49714612081
                        ],
                        [
                            -73.57907625015,
                            45.49714484503
                        ],
                        [
                            -73.57907360045,
                            45.49714356924
                        ],
                        [
                            -73.57907276953,
                            45.49714367973
                        ],
                        [
                            -73.57907193860,
                            45.49714379022
                        ],
                        [
                            -73.57905965008,
                            45.49715643691
                        ],
                        [
                            -73.57904736164,
                            45.49716908350
                        ],
                        [
                            -73.57904847341,
                            45.49716961493
                        ]
                    ]
                ]
            }
        },
        {
            "type": "Feature",
            "properties": {
                "level": "2;8;9",
                "highway": "steps"
            },
            "geometry": {
                "type": "LineString",
                "coordinates": [
                    [
                        -73.57924153859,
                        45.49718058535
                    ],
                    [
                        -73.57919083412,
                        45.49723378362
                    ],
                    [
                        -73.57918949752,
                        45.49724210267
                    ]
                ]
            }
        },
        {
            "type": "Feature",
            "properties": {
                "door": "hinged",
                "entrance": "yes"
            },
            "geometry": {
                "type": "Point",
                "coordinates": [
                    -73.57909641019,
                    45.49755509156
                ]
            }
        },
        {
            "type": "Feature",
            "properties": {
                "indoor": "room",
                "ref": "H-120.7",
                "level": "1"
            },
            "geometry": {
                "type": "Polygon",
                "coordinates": [
                    [
                        [
                            -73.57896304283,
                            45.49728099348
                        ],
                        [
                            -73.57897972576,
                            45.49728895804
                        ],
                        [
                            -73.57898780590,
                            45.49728064242
                        ],
                        [
                            -73.57899132387,
                            45.49727702192
                        ],
                        [
                            -73.57899588603,
                            45.49727232680
                        ],
                        [
                            -73.57897920310,
                            45.49726436224
                        ],
                        [
                            -73.57896252016,
                            45.49725639767
                        ],
                        [
                            -73.57895444003,
                            45.49726471329
                        ],
                        [
                            -73.57894635989,
                            45.49727302891
                        ],
                        [
                            -73.57896304283,
                            45.49728099348
                        ]
                    ]
                ]
            }
        },
        {
            "type": "Feature",
            "properties": {
                "ref": "H-921",
                "level": "9",
                "indoor": "room"
            },
            "geometry": {
                "type": "Polygon",
                "coordinates": [
                    [
                        [
                            -73.57899863431,
                            45.49690766090
                        ],
                        [
                            -73.57892404790,
                            45.49698474377
                        ],
                        [
                            -73.57898853238,
                            45.49701540060
                        ],
                        [
                            -73.57899604240,
                            45.49701897098
                        ],
                        [
                            -73.57907062882,
                            45.49694188815
                        ],
                        [
                            -73.57899863431,
                            45.49690766090
                        ]
                    ]
                ]
            }
        },
        {
            "type": "Feature",
            "properties": {
                "door": "yes",
                "entrance": "staircase"
            },
            "geometry": {
                "type": "Point",
                "coordinates": [
                    -73.57868671683,
                    45.49734775156
                ]
            }
        },
        {
            "type": "Feature",
            "properties": {
                "highway": "footway",
                "level": "9"
            },
            "geometry": {
                "type": "LineString",
                "coordinates": [
                    [
                        -73.57909887558,
                        45.49706261956
                    ],
                    [
                        -73.57910473773,
                        45.49706540651
                    ],
                    [
                        -73.57913333642,
                        45.49707900271
                    ],
                    [
                        -73.57914343294,
                        45.49706856828
                    ]
                ]
            }
        },
        {
            "type": "Feature",
            "properties": {
                "highway": "footway",
                "level": "8"
            },
            "geometry": {
                "type": "LineString",
                "coordinates": [
                    [
                        -73.57934782156,
                        45.49729244998
                    ],
                    [
                        -73.57932988591,
                        45.49731082315
                    ],
                    [
                        -73.57926971607,
                        45.49728196442
                    ],
                    [
                        -73.57923869517,
                        45.49726708614
                    ],
                    [
                        -73.57922399300,
                        45.49726003466
                    ],
                    [
                        -73.57918395433,
                        45.49724083125
                    ],
                    [
                        -73.57919083412,
                        45.49723378362
                    ]
                ]
            }
        },
        {
            "type": "Feature",
            "properties": {
                "highway": "footway",
                "level": "2"
            },
            "geometry": {
                "type": "LineString",
                "coordinates": [
                    [
                        -73.57900162435,
                        45.49727722394
                    ],
                    [
                        -73.57903994466,
                        45.49729503309
                    ],
                    [
                        -73.57904793693,
                        45.49728658378
                    ],
                    [
                        -73.57907754762,
                        45.49725527976
                    ],
                    [
                        -73.57916542881,
                        45.49729612205
                    ],
                    [
                        -73.57919034353,
                        45.49726978255
                    ],
                    [
                        -73.57921082337,
                        45.49724813154
                    ],
                    [
                        -73.57923555324,
                        45.49722198744
                    ]
                ]
            }
        },
        {
            "type": "Feature",
            "properties": {
                "door": "hinged",
                "entrance": "yes"
            },
            "geometry": {
                "type": "Point",
                "coordinates": [
                    -73.57881687982,
                    45.49723872404
                ]
            }
        },
        {
            "type": "Feature",
            "properties": {
                "indoor": "room",
                "ref": "H-110",
                "level": "2"
            },
            "geometry": {
                "type": "Polygon",
                "coordinates": [
                    [
                        [
                            -73.57873505501,
                            45.49709844298
                        ],
                        [
                            -73.57871567208,
                            45.49713171831
                        ],
                        [
                            -73.57871569384,
                            45.49713193549
                        ],
                        [
                            -73.57871571560,
                            45.49713215266
                        ],
                        [
                            -73.57887398067,
                            45.49716983677
                        ],
                        [
                            -73.57903224574,
                            45.49720752086
                        ],
                        [
                            -73.57903496434,
                            45.49720808098
                        ],
                        [
                            -73.57903768294,
                            45.49720864111
                        ],
                        [
                            -73.57908326665,
                            45.49716107505
                        ],
                        [
                            -73.57912885036,
                            45.49711350895
                        ],
                        [
                            -73.57902212980,
                            45.49702272417
                        ],
                        [
                            -73.57891540924,
                            45.49693193925
                        ],
                        [
                            -73.57891431863,
                            45.49693159253
                        ],
                        [
                            -73.57891322803,
                            45.49693124581
                        ],
                        [
                            -73.57887454461,
                            45.49695608443
                        ],
                        [
                            -73.57883586119,
                            45.49698092302
                        ],
                        [
                            -73.57879514961,
                            45.49702304548
                        ],
                        [
                            -73.57875443798,
                            45.49706516796
                        ],
                        [
                            -73.57873505501,
                            45.49709844298
                        ]
                    ]
                ]
            }
        },
        {
            "type": "Feature",
            "properties": {
                "highway": "footway",
                "level": "8"
            },
            "geometry": {
                "type": "LineString",
                "coordinates": [
                    [
                        -73.57864250265,
                        45.49721472872
                    ],
                    [
                        -73.57865713688,
                        45.49722174762
                    ],
                    [
                        -73.57868278688,
                        45.49723404992
                    ],
                    [
                        -73.57867487192,
                        45.49724215796
                    ]
                ]
            }
        },
        {
            "type": "Feature",
            "properties": {
                "ref": "H-135",
                "level": "1"
            },
            "geometry": {
                "type": "Point",
                "coordinates": [
                    -73.57908477436,
                    45.49749153182
                ]
            }
        },
        {
            "type": "Feature",
            "properties": {
                "level": "8",
                "indoor": "room",
                "ref": "H-805.02"
            },
            "geometry": {
                "type": "Polygon",
                "coordinates": [
                    [
                        [
                            -73.57855260202,
                            45.49716939543
                        ],
                        [
                            -73.57851929151,
                            45.49720363848
                        ],
                        [
                            -73.57854730889,
                            45.49721702918
                        ],
                        [
                            -73.57855049211,
                            45.49721855058
                        ],
                        [
                            -73.57858380262,
                            45.49718430754
                        ],
                        [
                            -73.57855260202,
                            45.49716939543
                        ]
                    ]
                ]
            }
        },
        {
            "type": "Feature",
            "properties": {
                "highway": "footway",
                "level": "9"
            },
            "geometry": {
                "type": "LineString",
                "coordinates": [
                    [
                        -73.57910285264,
                        45.49723470840
                    ],
                    [
                        -73.57915565777,
                        45.49725981259
                    ],
                    [
                        -73.57920069748,
                        45.49728122501
                    ],
                    [
                        -73.57927929474,
                        45.49728521943
                    ],
                    [
                        -73.57928628077,
                        45.49727799961
                    ],
                    [
                        -73.57933776133,
                        45.49722479625
                    ],
                    [
                        -73.57929453837,
                        45.49720424752
                    ],
                    [
                        -73.57922699895,
                        45.49717213843
                    ],
                    [
                        -73.57918343612,
                        45.49715142810
                    ],
                    [
                        -73.57917746697,
                        45.49715759702
                    ]
                ]
            }
        },
        {
            "type": "Feature",
            "properties": {
                "door": "hinged",
                "entrance": "yes"
            },
            "geometry": {
                "type": "Point",
                "coordinates": [
                    -73.57910799705,
                    45.49702732474
                ]
            }
        },
        {
            "type": "Feature",
            "properties": {
                "highway": "footway",
                "level": "8"
            },
            "geometry": {
                "type": "LineString",
                "coordinates": [
                    [
                        -73.57918352591,
                        45.49729263124
                    ],
                    [
                        -73.57917866194,
                        45.49729761385
                    ],
                    [
                        -73.57916951742,
                        45.49730698144
                    ],
                    [
                        -73.57915853030,
                        45.49730171179
                    ]
                ]
            }
        },
        {
            "type": "Feature",
            "properties": {
                "ref": "H-126",
                "level": "1"
            },
            "geometry": {
                "type": "Point",
                "coordinates": [
                    -73.57899079524,
                    45.49736009149
                ]
            }
        },
        {
            "type": "Feature",
            "properties": {
                "surface": "concrete",
                "highway": "footway",
                "footway": "sidewalk",
                "lit": "yes",
                "motor_vehicle": "no",
                "level": "1",
                "access": "customers"
            },
            "geometry": {
                "type": "LineString",
                "coordinates": [
                    [
                        -73.57868471808,
                        45.49706713632
                    ],
                    [
                        -73.57862298716,
                        45.49703659306
                    ],
                    [
                        -73.57860990000,
                        45.49703380000
                    ]
                ]
            }
        },
        {
            "type": "Feature",
            "properties": {
                "highway": "footway",
                "level": "9"
            },
            "geometry": {
                "type": "LineString",
                "coordinates": [
                    [
                        -73.57856368067,
                        45.49738235673
                    ],
                    [
                        -73.57855224603,
                        45.49739417400
                    ],
                    [
                        -73.57851391325,
                        45.49743378947
                    ],
                    [
                        -73.57853660942,
                        45.49744457947
                    ]
                ]
            }
        },
        {
            "type": "Feature",
            "properties": {
                "name": "Reggie's",
                "amenity": "bar",
                "happy_hours": "10:00-12:00",
                "level": "1"
            },
            "geometry": {
                "type": "Point",
                "coordinates": [
                    -73.57943660000,
                    45.49723050000
                ]
            }
        },
        {
            "type": "Feature",
            "properties": {
                "door": "no",
                "level": "9",
                "ref": "H-stair-9-4"
            },
            "geometry": {
                "type": "Point",
                "coordinates": [
                    -73.57897550111,
                    45.49747138488
                ]
            }
        },
        {
            "type": "Feature",
            "properties": {
                "highway": "footway",
                "level": "2"
            },
            "geometry": {
                "type": "LineString",
                "coordinates": [
                    [
                        -73.57900400224,
                        45.49699321401
                    ],
                    [
                        -73.57903139234,
                        45.49700594347
                    ],
                    [
                        -73.57903236108,
                        45.49700639368
                    ]
                ]
            }
        },
        {
            "type": "Feature",
            "properties": {
                "ref": "H-945",
                "level": "9"
            },
            "geometry": {
                "type": "Point",
                "coordinates": [
                    -73.57901940650,
                    45.49750099972
                ]
            }
        },
        {
            "type": "Feature",
            "properties": {
                "ref": "H-bath-W-2-2",
                "level": "2"
            },
            "geometry": {
                "type": "Point",
                "coordinates": [
                    -73.57913544409,
                    45.49733851363
                ]
            }
        },
        {
            "type": "Feature",
            "properties": {
                "female": "no",
                "male": "yes",
                "indoor": "room",
                "amenity": "toilets",
                "ref": "H-bath-M-1",
                "level": "1"
            },
            "geometry": {
                "type": "Polygon",
                "coordinates": [
                    [
                        [
                            -73.57879322680,
                            45.49719992192
                        ],
                        [
                            -73.57881206031,
                            45.49720891319
                        ],
                        [
                            -73.57882620115,
                            45.49721566415
                        ],
                        [
                            -73.57883330393,
                            45.49720866474
                        ],
                        [
                            -73.57884040672,
                            45.49720166533
                        ],
                        [
                            -73.57887793829,
                            45.49720995595
                        ],
                        [
                            -73.57891547013,
                            45.49721824670
                        ],
                        [
                            -73.57891611501,
                            45.49721745953
                        ],
                        [
                            -73.57891675989,
                            45.49721667235
                        ],
                        [
                            -73.57892253694,
                            45.49720370908
                        ],
                        [
                            -73.57892831400,
                            45.49719074581
                        ],
                        [
                            -73.57892731098,
                            45.49719054194
                        ],
                        [
                            -73.57892630796,
                            45.49719033807
                        ],
                        [
                            -73.57888245443,
                            45.49718129230
                        ],
                        [
                            -73.57883860115,
                            45.49717224665
                        ],
                        [
                            -73.57881076799,
                            45.49716654162
                        ],
                        [
                            -73.57878293482,
                            45.49716083660
                        ],
                        [
                            -73.57877159368,
                            45.49717250829
                        ],
                        [
                            -73.57876025253,
                            45.49718417998
                        ],
                        [
                            -73.57879322680,
                            45.49719992192
                        ]
                    ]
                ]
            }
        },
        {
            "type": "Feature",
            "properties": {
                "highway": "footway",
                "level": "8"
            },
            "geometry": {
                "type": "LineString",
                "coordinates": [
                    [
                        -73.57873229126,
                        45.49739683449
                    ],
                    [
                        -73.57874332075,
                        45.49738553597
                    ],
                    [
                        -73.57875033442,
                        45.49737835121
                    ]
                ]
            }
        },
        {
            "type": "Feature",
            "properties": {
                "level": "8",
                "stairs": "yes",
                "indoor": "room",
                "ref": "H-stair-8-1"
            },
            "geometry": {
                "type": "Polygon",
                "coordinates": [
                    [
                        [
                            -73.57917070950,
                            45.49720198260
                        ],
                        [
                            -73.57914215773,
                            45.49723133367
                        ],
                        [
                            -73.57921707933,
                            45.49726714186
                        ],
                        [
                            -73.57922399300,
                            45.49726003466
                        ],
                        [
                            -73.57924563110,
                            45.49723779081
                        ],
                        [
                            -73.57917070950,
                            45.49720198260
                        ]
                    ]
                ]
            }
        },
        {
            "type": "Feature",
            "properties": {
                "highway": "footway",
                "level": "9"
            },
            "geometry": {
                "type": "LineString",
                "coordinates": [
                    [
                        -73.57863888816,
                        45.49720567605
                    ],
                    [
                        -73.57867207407,
                        45.49722145307
                    ]
                ]
            }
        },
        {
            "type": "Feature",
            "properties": {
                "ref": "H-116",
                "level": "1"
            },
            "geometry": {
                "type": "Point",
                "coordinates": [
                    -73.57876232691,
                    45.49724462895
                ]
            }
        },
        {
            "type": "Feature",
            "properties": {
                "highway": "footway",
                "level": "1"
            },
            "geometry": {
                "type": "LineString",
                "coordinates": [
                    [
                        -73.57839758716,
                        45.49742189306
                    ],
                    [
                        -73.57845560772,
                        45.49737268218
                    ],
                    [
                        -73.57840468201,
                        45.49734987904
                    ],
                    [
                        -73.57847816760,
                        45.49727568333
                    ],
                    [
                        -73.57848725102,
                        45.49726651211
                    ],
                    [
                        -73.57850206825,
                        45.49725155168
                    ],
                    [
                        -73.57852268950,
                        45.49723073113
                    ],
                    [
                        -73.57859212546,
                        45.49716062403
                    ],
                    [
                        -73.57861347791,
                        45.49713906519
                    ],
                    [
                        -73.57862144525,
                        45.49713102083
                    ],
                    [
                        -73.57868471808,
                        45.49706713632
                    ],
                    [
                        -73.57870304806,
                        45.49704862913
                    ],
                    [
                        -73.57878799516,
                        45.49696286068
                    ],
                    [
                        -73.57884893185,
                        45.49690133472
                    ]
                ]
            }
        },
        {
            "type": "Feature",
            "properties": {
                "ref": "H-923",
                "level": "9",
                "indoor": "room"
            },
            "geometry": {
                "type": "Polygon",
                "coordinates": [
                    [
                        [
                            -73.57907142007,
                            45.49694226433
                        ],
                        [
                            -73.57899683365,
                            45.49701934715
                        ],
                        [
                            -73.57900535754,
                            45.49702339952
                        ],
                        [
                            -73.57908385998,
                            45.49706072067
                        ],
                        [
                            -73.57915844639,
                            45.49698363790
                        ],
                        [
                            -73.57907142007,
                            45.49694226433
                        ]
                    ]
                ]
            }
        },
        {
            "type": "Feature",
            "properties": {
                "door": "hinged",
                "entrance": "yes"
            },
            "geometry": {
                "type": "Point",
                "coordinates": [
                    -73.57862451361,
                    45.49741980632
                ]
            }
        },
        {
            "type": "Feature",
            "properties": {
                "level": "8",
                "indoor": "room",
                "ref": "H-806.02"
            },
            "geometry": {
                "type": "Polygon",
                "coordinates": [
                    [
                        [
                            -73.57875138456,
                            45.49718915678
                        ],
                        [
                            -73.57872283277,
                            45.49721850788
                        ],
                        [
                            -73.57875115950,
                            45.49723204642
                        ],
                        [
                            -73.57877971129,
                            45.49720269534
                        ],
                        [
                            -73.57876254983,
                            45.49719449315
                        ],
                        [
                            -73.57875138456,
                            45.49718915678
                        ]
                    ]
                ]
            }
        },
        {
            "type": "Feature",
            "properties": {
                "door": "hinged",
                "entrance": "yes"
            },
            "geometry": {
                "type": "Point",
                "coordinates": [
                    -73.57865308056,
                    45.49742915736
                ]
            }
        },
        {
            "type": "Feature",
            "properties": {
                "highway": "footway",
                "level": "9"
            },
            "geometry": {
                "type": "LineString",
                "coordinates": [
                    [
                        -73.57867207407,
                        45.49722145307
                    ],
                    [
                        -73.57867907678,
                        45.49722478224
                    ],
                    [
                        -73.57871069417,
                        45.49723981354
                    ],
                    [
                        -73.57865520276,
                        45.49729716195
                    ],
                    [
                        -73.57864312253,
                        45.49729141887
                    ]
                ]
            }
        },
        {
            "type": "Feature",
            "properties": {
                "door": "no",
                "level": "2"
            },
            "geometry": {
                "type": "Point",
                "coordinates": [
                    -73.57891413143,
                    45.49728803527
                ]
            }
        },
        {
            "type": "Feature",
            "properties": {
                "ref": "H-854",
                "level": "8",
                "indoor": "room"
            },
            "geometry": {
                "type": "Polygon",
                "coordinates": [
                    [
                        [
                            -73.57879332530,
                            45.49744990270
                        ],
                        [
                            -73.57885133648,
                            45.49747762859
                        ],
                        [
                            -73.57885962531,
                            45.49748159015
                        ],
                        [
                            -73.57890105341,
                            45.49743900247
                        ],
                        [
                            -73.57889284300,
                            45.49743507838
                        ],
                        [
                            -73.57891341739,
                            45.49741392810
                        ],
                        [
                            -73.57885512217,
                            45.49738606643
                        ],
                        [
                            -73.57882847840,
                            45.49741358949
                        ],
                        [
                            -73.57879332530,
                            45.49744990270
                        ]
                    ]
                ]
            }
        },
        {
            "type": "Feature",
            "properties": {
                "door": "hinged",
                "entrance": "yes"
            },
            "geometry": {
                "type": "Point",
                "coordinates": [
                    -73.57852486119,
                    45.49729582149
                ]
            }
        },
        {
            "type": "Feature",
            "properties": {
                "highway": "footway",
                "level": "1"
            },
            "geometry": {
                "type": "LineString",
                "coordinates": [
                    [
                        -73.57886767514,
                        45.49754293323
                    ],
                    [
                        -73.57884088649,
                        45.49752989744
                    ]
                ]
            }
        },
        {
            "type": "Feature",
            "properties": {
                "door": "hinged",
                "entrance": "yes"
            },
            "geometry": {
                "type": "Point",
                "coordinates": [
                    -73.57891236018,
                    45.49697918726
                ]
            }
        },
        {
            "type": "Feature",
            "properties": {
                "door": "hinged",
                "entrance": "yes"
            },
            "geometry": {
                "type": "Point",
                "coordinates": [
                    -73.57898299860,
                    45.49708963331
                ]
            }
        },
        {
            "type": "Feature",
            "properties": {
                "level": "9",
                "indoor": "room",
                "ref": "H-902.1"
            },
            "geometry": {
                "type": "Polygon",
                "coordinates": [
                    [
                        [
                            -73.57865090877,
                            45.49721923463
                        ],
                        [
                            -73.57862315948,
                            45.49724854910
                        ],
                        [
                            -73.57866282569,
                            45.49726783960
                        ],
                        [
                            -73.57869128356,
                            45.49723842939
                        ],
                        [
                            -73.57866687561,
                            45.49722682550
                        ],
                        [
                            -73.57865090877,
                            45.49721923463
                        ]
                    ]
                ]
            }
        },
        {
            "type": "Feature",
            "properties": {
                "door": "hinged",
                "entrance": "yes"
            },
            "geometry": {
                "type": "Point",
                "coordinates": [
                    -73.57879355988,
                    45.49728314249
                ]
            }
        },
        {
            "type": "Feature",
            "properties": {
                "door": "hinged",
                "entrance": "yes"
            },
            "geometry": {
                "type": "Point",
                "coordinates": [
                    -73.57867907678,
                    45.49722478224
                ]
            }
        },
        {
            "type": "Feature",
            "properties": {
                "level": "9",
                "indoor": "room",
                "ref": "H-961.1"
            },
            "geometry": {
                "type": "Polygon",
                "coordinates": [
                    [
                        [
                            -73.57865534898,
                            45.49750715256
                        ],
                        [
                            -73.57862368998,
                            45.49753987087
                        ],
                        [
                            -73.57865929165,
                            45.49755679624
                        ],
                        [
                            -73.57869095065,
                            45.49752407794
                        ],
                        [
                            -73.57866360352,
                            45.49751107685
                        ],
                        [
                            -73.57865534898,
                            45.49750715256
                        ]
                    ]
                ]
            }
        },
        {
            "type": "Feature",
            "properties": {
                "door": "hinged",
                "entrance": "yes"
            },
            "geometry": {
                "type": "Point",
                "coordinates": [
                    -73.57892465293,
                    45.49731659205
                ]
            }
        },
        {
            "type": "Feature",
            "properties": {
                "ref": "H-925.2",
                "level": "9",
                "indoor": "room"
            },
            "geometry": {
                "type": "Polygon",
                "coordinates": [
                    [
                        [
                            -73.57916002855,
                            45.49698439013
                        ],
                        [
                            -73.57911602801,
                            45.49702986334
                        ],
                        [
                            -73.57912599064,
                            45.49703459699
                        ],
                        [
                            -73.57920544398,
                            45.49707234846
                        ],
                        [
                            -73.57924942630,
                            45.49702689412
                        ],
                        [
                            -73.57916002855,
                            45.49698439013
                        ]
                    ]
                ]
            }
        },
        {
            "type": "Feature",
            "properties": {
                "level": "8",
                "ref": "H-838.01"
            },
            "geometry": {
                "type": "Point",
                "coordinates": [
                    -73.57905315218,
                    45.49735494482
                ]
            }
        },
        {
            "type": "Feature",
            "properties": {
                "level": "8;9",
                "oneway": "-1",
                "conveying": "yes",
                "highway": "steps"
            },
            "geometry": {
                "type": "LineString",
                "coordinates": [
                    [
                        -73.57899094904,
                        45.49731405500
                    ],
                    [
                        -73.57882829419,
                        45.49725992492
                    ]
                ]
            }
        },
        {
            "type": "Feature",
            "properties": {
                "indoor": "room"
            },
            "geometry": {
                "type": "Point",
                "coordinates": [
                    -73.57836610252,
                    45.49729651131
                ]
            }
        },
        {
            "type": "Feature",
            "properties": {
                "highway": "footway",
                "level": "1"
            },
            "geometry": {
                "type": "LineString",
                "coordinates": [
                    [
                        -73.57904439371,
                        45.49702976827
                    ],
                    [
                        -73.57905597689,
                        45.49701807310
                    ],
                    [
                        -73.57911437969,
                        45.49704649312
                    ],
                    [
                        -73.57911511852,
                        45.49704685265
                    ],
                    [
                        -73.57913691269,
                        45.49705745814
                    ],
                    [
                        -73.57908455064,
                        45.49711032640
                    ],
                    [
                        -73.57908346665,
                        45.49711142087
                    ],
                    [
                        -73.57904273781,
                        45.49715254342
                    ]
                ]
            }
        },
        {
            "type": "Feature",
            "properties": {
                "ref": "H-915",
                "level": "9"
            },
            "geometry": {
                "type": "Point",
                "coordinates": [
                    -73.57876173316,
                    45.49694670626
                ]
            }
        },
        {
            "type": "Feature",
            "properties": {
                "door": "hinged",
                "entrance": "yes"
            },
            "geometry": {
                "type": "Point",
                "coordinates": [
                    -73.57918925830,
                    45.49710841263
                ]
            }
        },
        {
            "type": "Feature",
            "properties": {
                "female": "no",
                "male": "yes",
                "ref": "H-bath-M-2-2",
                "indoor": "room",
                "amenity": "toilets",
                "level": "2"
            },
            "geometry": {
                "type": "Polygon",
                "coordinates": [
                    [
                        [
                            -73.57911270185,
                            45.49731724873
                        ],
                        [
                            -73.57913023097,
                            45.49732554843
                        ],
                        [
                            -73.57914080113,
                            45.49731458000
                        ],
                        [
                            -73.57915809157,
                            45.49729663808
                        ],
                        [
                            -73.57914503072,
                            45.49729045402
                        ],
                        [
                            -73.57914224466,
                            45.49729334506
                        ],
                        [
                            -73.57912024740,
                            45.49728292976
                        ],
                        [
                            -73.57910771014,
                            45.49729593941
                        ],
                        [
                            -73.57909517285,
                            45.49730894909
                        ],
                        [
                            -73.57911270185,
                            45.49731724873
                        ]
                    ]
                ]
            }
        },
        {
            "type": "Feature",
            "properties": {
                "highway": "footway",
                "level": "9"
            },
            "geometry": {
                "type": "LineString",
                "coordinates": [
                    [
                        -73.57876273671,
                        45.49729171581
                    ],
                    [
                        -73.57877816618,
                        45.49729905117
                    ],
                    [
                        -73.57883948667,
                        45.49732820364
                    ],
                    [
                        -73.57882309995,
                        45.49734513871
                    ]
                ]
            }
        },
        {
            "type": "Feature",
            "properties": {
                "door": "hinged",
                "entrance": "yes"
            },
            "geometry": {
                "type": "Point",
                "coordinates": [
                    -73.57883903882,
                    45.49722175733
                ]
            }
        },
        {
            "type": "Feature",
            "properties": {
                "door": "hinged",
                "entrance": "yes"
            },
            "geometry": {
                "type": "Point",
                "coordinates": [
                    -73.57886160251,
                    45.49754906452
                ]
            }
        },
        {
            "type": "Feature",
            "properties": {
                "ref": "H-118",
                "indoor": "room",
                "level": "1"
            },
            "geometry": {
                "type": "Polygon",
                "coordinates": [
                    [
                        [
                            -73.57861899356,
                            45.49739976591
                        ],
                        [
                            -73.57865076821,
                            45.49741493534
                        ],
                        [
                            -73.57865932504,
                            45.49740623576
                        ],
                        [
                            -73.57871693923,
                            45.49734766044
                        ],
                        [
                            -73.57878408524,
                            45.49727942210
                        ],
                        [
                            -73.57873658427,
                            45.49725657058
                        ],
                        [
                            -73.57870325388,
                            45.49729087235
                        ],
                        [
                            -73.57866992348,
                            45.49732517410
                        ],
                        [
                            -73.57867214778,
                            45.49732623600
                        ],
                        [
                            -73.57867437233,
                            45.49732729801
                        ],
                        [
                            -73.57866965268,
                            45.49733215521
                        ],
                        [
                            -73.57866124214,
                            45.49734081085
                        ],
                        [
                            -73.57865901759,
                            45.49733974883
                        ],
                        [
                            -73.57865679329,
                            45.49733868694
                        ],
                        [
                            -73.57863886556,
                            45.49735713713
                        ],
                        [
                            -73.57862093782,
                            45.49737558731
                        ],
                        [
                            -73.57861241112,
                            45.49737151660
                        ],
                        [
                            -73.57860388415,
                            45.49736744577
                        ],
                        [
                            -73.57859555142,
                            45.49737602133
                        ],
                        [
                            -73.57858721887,
                            45.49738459671
                        ],
                        [
                            -73.57861899356,
                            45.49739976591
                        ]
                    ]
                ]
            }
        },
        {
            "type": "Feature",
            "properties": {
                "highway": "footway",
                "level": "8"
            },
            "geometry": {
                "type": "LineString",
                "coordinates": [
                    [
                        -73.57885683836,
                        45.49750586046
                    ],
                    [
                        -73.57887388009,
                        45.49748840308
                    ],
                    [
                        -73.57889693428,
                        45.49746478659
                    ],
                    [
                        -73.57891540317,
                        45.49744586722
                    ],
                    [
                        -73.57893006910,
                        45.49743084357
                    ]
                ]
            }
        },
        {
            "type": "Feature",
            "properties": {
                "ref": "H-196",
                "level": "1"
            },
            "geometry": {
                "type": "Point",
                "coordinates": [
                    -73.57869028917,
                    45.49721075817
                ]
            }
        },
        {
            "type": "Feature",
            "properties": {
                "level": "8",
                "highway": "footway"
            },
            "geometry": {
                "type": "LineString",
                "coordinates": [
                    [
                        -73.57859379715,
                        45.49728530005
                    ],
                    [
                        -73.57857863709,
                        45.49727813140
                    ]
                ]
            }
        },
        {
            "type": "Feature",
            "properties": {
                "door": "hinged",
                "entrance": "yes"
            },
            "geometry": {
                "type": "Point",
                "coordinates": [
                    -73.57911465967,
                    45.49725960152
                ]
            }
        },
        {
            "type": "Feature",
            "properties": {
                "door": "hinged",
                "entrance": "yes"
            },
            "geometry": {
                "type": "Point",
                "coordinates": [
                    -73.57911678256,
                    45.49747076241
                ]
            }
        },
        {
            "type": "Feature",
            "properties": {
                "highway": "footway",
                "level": "8"
            },
            "geometry": {
                "type": "LineString",
                "coordinates": [
                    [
                        -73.57864135746,
                        45.49740253812
                    ],
                    [
                        -73.57862451361,
                        45.49741980632
                    ],
                    [
                        -73.57858625352,
                        45.49745903030
                    ],
                    [
                        -73.57861525817,
                        45.49747294150
                    ]
                ]
            }
        },
        {
            "type": "Feature",
            "properties": {
                "ref": "H-958",
                "level": "9",
                "indoor": "room"
            },
            "geometry": {
                "type": "Polygon",
                "coordinates": [
                    [
                        [
                            -73.57883682872,
                            45.49740316213
                        ],
                        [
                            -73.57875365680,
                            45.49748911710
                        ],
                        [
                            -73.57882486015,
                            45.49752296788
                        ],
                        [
                            -73.57890141878,
                            45.49744384754
                        ],
                        [
                            -73.57890803207,
                            45.49743701295
                        ],
                        [
                            -73.57883682872,
                            45.49740316213
                        ]
                    ]
                ]
            }
        },
        {
            "type": "Feature",
            "properties": {
                "ref": "H-815",
                "level": "8"
            },
            "geometry": {
                "type": "Point",
                "coordinates": [
                    -73.57877781538,
                    45.49695653992
                ]
            }
        },
        {
            "type": "Feature",
            "properties": {
                "door": "hinged",
                "entrance": "yes"
            },
            "geometry": {
                "type": "Point",
                "coordinates": [
                    -73.57877917818,
                    45.49740267371
                ]
            }
        },
        {
            "type": "Feature",
            "properties": {
                "highway": "footway",
                "level": "2"
            },
            "geometry": {
                "type": "LineString",
                "coordinates": [
                    [
                        -73.57874727195,
                        45.49723320954
                    ],
                    [
                        -73.57874354618,
                        45.49723147801
                    ],
                    [
                        -73.57873534948,
                        45.49722766863
                    ],
                    [
                        -73.57872715278,
                        45.49722385926
                    ],
                    [
                        -73.57872255441,
                        45.49722189394
                    ]
                ]
            }
        },
        {
            "type": "Feature",
            "properties": {
                "level": "8",
                "indoor": "room",
                "ref": "H-832.01"
            },
            "geometry": {
                "type": "Polygon",
                "coordinates": [
                    [
                        [
                            -73.57916063621,
                            45.49728899860
                        ],
                        [
                            -73.57914104054,
                            45.49730914282
                        ],
                        [
                            -73.57916505646,
                            45.49732062103
                        ],
                        [
                            -73.57918465213,
                            45.49730047682
                        ],
                        [
                            -73.57917866194,
                            45.49729761385
                        ],
                        [
                            -73.57916063621,
                            45.49728899860
                        ]
                    ]
                ]
            }
        },
        {
            "type": "Feature",
            "properties": {
                "ref": "H-118",
                "level": "1"
            },
            "geometry": {
                "type": "Point",
                "coordinates": [
                    -73.57867996144,
                    45.49733717164
                ]
            }
        },
        {
            "type": "Feature",
            "properties": {
                "door": "hinged",
                "entrance": "yes"
            },
            "geometry": {
                "type": "Point",
                "coordinates": [
                    -73.57876254983,
                    45.49719449315
                ]
            }
        },
        {
            "type": "Feature",
            "properties": {
                "highway": "footway",
                "level": "9"
            },
            "geometry": {
                "type": "LineString",
                "coordinates": [
                    [
                        -73.57891824639,
                        45.49762390131
                    ],
                    [
                        -73.57890956900,
                        45.49763286903
                    ],
                    [
                        -73.57889252640,
                        45.49765048184
                    ],
                    [
                        -73.57890805733,
                        45.49765786538
                    ]
                ]
            }
        },
        {
            "type": "Feature",
            "properties": {
                "ref": "H-217",
                "level": "2"
            },
            "geometry": {
                "type": "Point",
                "coordinates": [
                    -73.57891337871,
                    45.49737129355
                ]
            }
        },
        {
            "type": "Feature",
            "properties": {
                "highway": "footway",
                "level": "9"
            },
            "geometry": {
                "type": "LineString",
                "coordinates": [
                    [
                        -73.57912020490,
                        45.49704057638
                    ],
                    [
                        -73.57912599064,
                        45.49703459699
                    ],
                    [
                        -73.57915022945,
                        45.49700954693
                    ],
                    [
                        -73.57919219691,
                        45.49702949885
                    ]
                ]
            }
        },
        {
            "type": "Feature",
            "properties": {
                "highway": "footway",
                "level": "1"
            },
            "geometry": {
                "type": "LineString",
                "coordinates": [
                    [
                        -73.57903546577,
                        45.49749418149
                    ],
                    [
                        -73.57905538753,
                        45.49750387504
                    ],
                    [
                        -73.57906696821,
                        45.49750950998
                    ],
                    [
                        -73.57905935114,
                        45.49751720062
                    ]
                ]
            }
        },
        {
            "type": "Feature",
            "properties": {
                "door": "hinged",
                "entrance": "yes"
            },
            "geometry": {
                "type": "Point",
                "coordinates": [
                    -73.57913858122,
                    45.49732178334
                ]
            }
        },
        {
            "type": "Feature",
            "properties": {
                "door": "hinged",
                "entrance": "yes"
            },
            "geometry": {
                "type": "Point",
                "coordinates": [
                    -73.57916674689,
                    45.49719001004
                ]
            }
        },
        {
            "type": "Feature",
            "properties": {
                "level": "-1",
                "door": "no"
            },
            "geometry": {
                "type": "Point",
                "coordinates": [
                    -73.57852286445,
                    45.49717162634
                ]
            }
        },
        {
            "type": "Feature",
            "properties": {
                "indoor": "room",
                "ref": "H-115",
                "level": "1"
            },
            "geometry": {
                "type": "Polygon",
                "coordinates": [
                    [
                        [
                            -73.57877748046,
                            45.49726020222
                        ],
                        [
                            -73.57876811272,
                            45.49727048113
                        ],
                        [
                            -73.57882711511,
                            45.49729884402
                        ],
                        [
                            -73.57888611763,
                            45.49732720695
                        ],
                        [
                            -73.57890682591,
                            45.49730589517
                        ],
                        [
                            -73.57892753419,
                            45.49728458338
                        ],
                        [
                            -73.57887451949,
                            45.49725927374
                        ],
                        [
                            -73.57882150491,
                            45.49723396415
                        ],
                        [
                            -73.57881687982,
                            45.49723872404
                        ],
                        [
                            -73.57881645486,
                            45.49723916139
                        ],
                        [
                            -73.57881140481,
                            45.49724435862
                        ],
                        [
                            -73.57880175062,
                            45.49723974963
                        ],
                        [
                            -73.57879209669,
                            45.49723514077
                        ],
                        [
                            -73.57878181744,
                            45.49724602032
                        ],
                        [
                            -73.57877153818,
                            45.49725689988
                        ],
                        [
                            -73.57877748046,
                            45.49726020222
                        ]
                    ]
                ]
            }
        }
    ]
}