{
    "type": "FeatureCollection",
    "generator": "JOSM",
    "features": [
        {
            "type": "Feature",
            "properties": {
                "door": "hinged"
            },
            "geometry": {
                "type": "Point",
                "coordinates": [
                    -73.57908830326,
                    45.49514450325
                ]
            }
        },
        {
            "type": "Feature",
            "properties": {
                "indoor": "room",
                "level": "-2",
                "ref": "MB-S2.465"
            },
            "geometry": {
                "type": "LineString",
                "coordinates": [
                    [
                        -73.57933748933,
                        45.49536268361
                    ],
                    [
                        -73.57941622841,
                        45.49529353563
                    ],
                    [
                        -73.57942450241,
                        45.49528626945
                    ],
                    [
                        -73.57942950242,
                        45.49528187847
                    ],
                    [
                        -73.57949186513,
                        45.49531677097
                    ],
                    [
                        -73.57939985207,
                        45.49539757602
                    ],
                    [
                        -73.57933748933,
                        45.49536268361
                    ]
                ]
            }
        },
        {
            "type": "Feature",
            "properties": {
                "highway": "footway",
                "level": "-2"
            },
            "geometry": {
                "type": "LineString",
                "coordinates": [
                    [
                        -73.57914241753,
                        45.49523496495
                    ],
                    [
                        -73.57914743096,
                        45.49523053687
                    ]
                ]
            }
        },
        {
            "type": "Feature",
            "properties": null,
            "geometry": {
                "type": "LineString",
                "coordinates": [
                    [
                        -73.57881417389,
                        45.49526184030
                    ],
                    [
                        -73.57868769758,
                        45.49519273513
                    ]
                ]
            }
        },
        {
            "type": "Feature",
            "properties": {
                "level": "-2",
                "ref": "MB-S2.279"
            },
            "geometry": {
                "type": "Point",
                "coordinates": [
                    -73.57871941794,
                    45.49503120485
                ]
            }
        },
        {
            "type": "Feature",
            "properties": {
                "door": "hinged"
            },
            "geometry": {
                "type": "Point",
                "coordinates": [
                    -73.57926411013,
                    45.49533618644
                ]
            }
        },
        {
            "type": "Feature",
            "properties": {
                "door": "hinged"
            },
            "geometry": {
                "type": "Point",
                "coordinates": [
                    -73.57896914244,
                    45.49526038059
                ]
            }
        },
        {
            "type": "Feature",
            "properties": {
                "highway": "footway",
                "level": "1"
            },
            "geometry": {
                "type": "LineString",
                "coordinates": [
                    [
                        -73.57934581052,
                        45.49527468119
                    ],
                    [
                        -73.57933753658,
                        45.49527015883
                    ],
                    [
                        -73.57933682933,
                        45.49526977227
                    ],
                    [
                        -73.57932632858,
                        45.49526403278
                    ]
                ]
            }
        },
        {
            "type": "Feature",
            "properties": {
                "highway": "footway",
                "level": "-2"
            },
            "geometry": {
                "type": "LineString",
                "coordinates": [
                    [
                        -73.57902584166,
                        45.49527175702
                    ],
                    [
                        -73.57904041912,
                        45.49527986659
                    ]
                ]
            }
        },
        {
            "type": "Feature",
            "properties": {
                "indoor": "room",
                "level": "1",
                "ref": "MB-1.338"
            },
            "geometry": {
                "type": "LineString",
                "coordinates": [
                    [
                        -73.57883346468,
                        45.49506045670
                    ],
                    [
                        -73.57885110580,
                        45.49507009563
                    ],
                    [
                        -73.57886726438,
                        45.49507892451
                    ],
                    [
                        -73.57890876953,
                        45.49505694931
                    ],
                    [
                        -73.57904691793,
                        45.49513243214
                    ],
                    [
                        -73.57901055703,
                        45.49519266610
                    ],
                    [
                        -73.57899885955,
                        45.49521204361
                    ],
                    [
                        -73.57901381932,
                        45.49522021750
                    ],
                    [
                        -73.57902482595,
                        45.49522623134
                    ],
                    [
                        -73.57904286264,
                        45.49521001127
                    ],
                    [
                        -73.57905216878,
                        45.49520164242
                    ],
                    [
                        -73.57908406282,
                        45.49521906895
                    ],
                    [
                        -73.57908841457,
                        45.49521515550
                    ],
                    [
                        -73.57909949356,
                        45.49520519236
                    ],
                    [
                        -73.57905055273,
                        45.49517845160
                    ],
                    [
                        -73.57905630605,
                        45.49517327781
                    ],
                    [
                        -73.57907455609,
                        45.49515686579
                    ],
                    [
                        -73.57908830326,
                        45.49514450325
                    ],
                    [
                        -73.57910506695,
                        45.49512942794
                    ],
                    [
                        -73.57888840752,
                        45.49501104741
                    ],
                    [
                        -73.57887167243,
                        45.49502609710
                    ],
                    [
                        -73.57883346468,
                        45.49506045670
                    ]
                ]
            }
        },
        {
            "type": "Feature",
            "properties": {
                "highway": "footway",
                "level": "-2"
            },
            "geometry": {
                "type": "LineString",
                "coordinates": [
                    [
                        -73.57911102735,
                        45.49521750230
                    ],
                    [
                        -73.57909084436,
                        45.49523522403
                    ],
                    [
                        -73.57907641288,
                        45.49522734574
                    ]
                ]
            }
        },
        {
            "type": "Feature",
            "properties": {
                "door": "hinged"
            },
            "geometry": {
                "type": "Point",
                "coordinates": [
                    -73.57917926918,
                    45.49541468621
                ]
            }
        },
        {
            "type": "Feature",
            "properties": {
                "highway": "footway",
                "level": "1"
            },
            "geometry": {
                "type": "LineString",
                "coordinates": [
                    [
                        -73.57861513733,
                        45.49518914800
                    ],
                    [
                        -73.57865026039,
                        45.49520834554
                    ],
                    [
                        -73.57870829954,
                        45.49515617015
                    ],
                    [
                        -73.57872306444,
                        45.49516424034
                    ],
                    [
                        -73.57872324934,
                        45.49516434140
                    ],
                    [
                        -73.57893878247,
                        45.49528214728
                    ],
                    [
                        -73.57893923152,
                        45.49528239273
                    ],
                    [
                        -73.57894260520,
                        45.49528423671
                    ],
                    [
                        -73.57900349209,
                        45.49531751616
                    ]
                ]
            }
        },
        {
            "type": "Feature",
            "properties": {
                "door": "no",
                "level": "1",
                "ref": "MB-stair-1-01"
            },
            "geometry": {
                "type": "Point",
                "coordinates": [
                    -73.57858064659,
                    45.49524916028
                ]
            }
        },
        {
            "type": "Feature",
            "properties": {
                "highway": "footway",
                "level": "-2"
            },
            "geometry": {
                "type": "LineString",
                "coordinates": [
                    [
                        -73.57901410152,
                        45.49530311143
                    ],
                    [
                        -73.57895939288,
                        45.49527267653
                    ],
                    [
                        -73.57897131321,
                        45.49526214804
                    ],
                    [
                        -73.57897178581,
                        45.49526173062
                    ],
                    [
                        -73.57901119213,
                        45.49522692523
                    ]
                ]
            }
        },
        {
            "type": "Feature",
            "properties": {
                "amenity": "toilets",
                "female": "no",
                "indoor": "room",
                "level": "-2",
                "male": "yes",
                "ref": "MB-bath-M-S2"
            },
            "geometry": {
                "type": "Polygon",
                "coordinates": [
                    [
                        [
                            -73.57915820484,
                            45.49531140183
                        ],
                        [
                            -73.57918598602,
                            45.49532694563
                        ],
                        [
                            -73.57920155317,
                            45.49531327470
                        ],
                        [
                            -73.57922989559,
                            45.49532913252
                        ],
                        [
                            -73.57924698990,
                            45.49533869692
                        ],
                        [
                            -73.57926047477,
                            45.49532685463
                        ],
                        [
                            -73.57926884737,
                            45.49531950188
                        ],
                        [
                            -73.57924216475,
                            45.49530457273
                        ],
                        [
                            -73.57919561934,
                            45.49527853516
                        ],
                        [
                            -73.57915820484,
                            45.49531140183
                        ]
                    ]
                ]
            }
        },
        {
            "type": "Feature",
            "properties": null,
            "geometry": {
                "type": "LineString",
                "coordinates": [
                    [
                        -73.57875396435,
                        45.49508425181
                    ],
                    [
                        -73.57877110959,
                        45.49506883335
                    ],
                    [
                        -73.57876866907,
                        45.49506710290
                    ],
                    [
                        -73.57876182303,
                        45.49506337198
                    ],
                    [
                        -73.57875128477,
                        45.49505983121
                    ],
                    [
                        -73.57873776759,
                        45.49505867122
                    ]
                ]
            }
        },
        {
            "type": "Feature",
            "properties": {
                "level": "1",
                "ref": "MB-1.210"
            },
            "geometry": {
                "type": "Point",
                "coordinates": [
                    -73.57889450792,
                    45.49516603338
                ]
            }
        },
        {
            "type": "Feature",
            "properties": {
                "door": "hinged"
            },
            "geometry": {
                "type": "Point",
                "coordinates": [
                    -73.57923713300,
                    45.49547906833
                ]
            }
        },
        {
            "type": "Feature",
            "properties": {
                "indoor": "room",
                "level": "-2;1",
                "ref": "MB-elevator-S2"
            },
            "geometry": {
                "type": "LineString",
                "coordinates": [
                    [
                        -73.57906757597,
                        45.49527878522
                    ],
                    [
                        -73.57908071060,
                        45.49526725049
                    ],
                    [
                        -73.57908357612,
                        45.49526473401
                    ],
                    [
                        -73.57909210795,
                        45.49525724142
                    ],
                    [
                        -73.57911910107,
                        45.49527234432
                    ],
                    [
                        -73.57909456909,
                        45.49529388811
                    ],
                    [
                        -73.57906757597,
                        45.49527878522
                    ]
                ]
            }
        },
        {
            "type": "Feature",
            "properties": {
                "level": "-2",
                "ref": "MB-S2.437"
            },
            "geometry": {
                "type": "Point",
                "coordinates": [
                    -73.57921002544,
                    45.49527212654
                ]
            }
        },
        {
            "type": "Feature",
            "properties": {
                "amenity": "drinking_water",
                "indoor": "yes",
                "level": "1",
                "name": "Water Fountain",
                "ref": "MB-water-1-01"
            },
            "geometry": {
                "type": "Point",
                "coordinates": [
                    -73.57927282452,
                    45.49531291702
                ]
            }
        },
        {
            "type": "Feature",
            "properties": {
                "amenity": "toilets",
                "female": "yes",
                "indoor": "room",
                "level": "1",
                "male": "yes",
                "ref": "MB-bath-M/M-1"
            },
            "geometry": {
                "type": "Polygon",
                "coordinates": [
                    [
                        [
                            -73.57922992055,
                            45.49529141389
                        ],
                        [
                            -73.57924629290,
                            45.49527669551
                        ],
                        [
                            -73.57928122295,
                            45.49529578397
                        ],
                        [
                            -73.57927149679,
                            45.49530453052
                        ],
                        [
                            -73.57926485619,
                            45.49531050229
                        ],
                        [
                            -73.57922992055,
                            45.49529141389
                        ]
                    ]
                ]
            }
        },
        {
            "type": "Feature",
            "properties": {
                "door": "hinged"
            },
            "geometry": {
                "type": "Point",
                "coordinates": [
                    -73.57909978244,
                    45.49533334583
                ]
            }
        },
        {
            "type": "Feature",
            "properties": {
                "door": "hinged"
            },
            "geometry": {
                "type": "Point",
                "coordinates": [
                    -73.57925400557,
                    45.49543657198
                ]
            }
        },
        {
            "type": "Feature",
            "properties": {
                "door": "hinged"
            },
            "geometry": {
                "type": "Point",
                "coordinates": [
                    -73.57865648375,
                    45.49508208275
                ]
            }
        },
        {
            "type": "Feature",
            "properties": {
                "highway": "footway",
                "level": "1"
            },
            "geometry": {
                "type": "LineString",
                "coordinates": [
                    [
                        -73.57915923500,
                        45.49535530597
                    ],
                    [
                        -73.57916605440,
                        45.49535903330
                    ],
                    [
                        -73.57916673460,
                        45.49535940508
                    ],
                    [
                        -73.57919623276,
                        45.49537552811
                    ]
                ]
            }
        },
        {
            "type": "Feature",
            "properties": {
                "highway": "footway",
                "level": "-2"
            },
            "geometry": {
                "type": "LineString",
                "coordinates": [
                    [
                        -73.57941626196,
                        45.49528168521
                    ],
                    [
                        -73.57942126274,
                        45.49527726831
                    ],
                    [
                        -73.57942360600,
                        45.49527519864
                    ],
                    [
                        -73.57949582077,
                        45.49525519401
                    ]
                ]
            }
        },
        {
            "type": "Feature",
            "properties": {
                "highway": "footway",
                "level": "-2"
            },
            "geometry": {
                "type": "LineString",
                "coordinates": [
                    [
                        -73.57921287829,
                        45.49538500125
                    ],
                    [
                        -73.57923502357,
                        45.49536544161
                    ],
                    [
                        -73.57924297574,
                        45.49535841792
                    ],
                    [
                        -73.57925092791,
                        45.49535139423
                    ],
                    [
                        -73.57924667804,
                        45.49534902999
                    ],
                    [
                        -73.57923732833,
                        45.49534382867
                    ],
                    [
                        -73.57922797862,
                        45.49533862734
                    ],
                    [
                        -73.57922372875,
                        45.49533626311
                    ],
                    [
                        -73.57922253326,
                        45.49533559805
                    ],
                    [
                        -73.57922120084,
                        45.49533485681
                    ],
                    [
                        -73.57921563945,
                        45.49533176296
                    ],
                    [
                        -73.57921007806,
                        45.49532866912
                    ],
                    [
                        -73.57920755016,
                        45.49532726282
                    ]
                ]
            }
        },
        {
            "type": "Feature",
            "properties": {
                "addr:housenumber": "1450",
                "addr:street": "Rue Guy",
                "automatic_door": "yes",
                "door": "hinged",
                "entrance": "yes",
                "wheelchair": "yes"
            },
            "geometry": {
                "type": "Point",
                "coordinates": [
                    -73.57919309372,
                    45.49552479911
                ]
            }
        },
        {
            "type": "Feature",
            "properties": {
                "door": "hinged"
            },
            "geometry": {
                "type": "Point",
                "coordinates": [
                    -73.57926047477,
                    45.49532685463
                ]
            }
        },
        {
            "type": "Feature",
            "properties": null,
            "geometry": {
                "type": "LineString",
                "coordinates": [
                    [
                        -73.57903184264,
                        45.49544517734
                    ],
                    [
                        -73.57904853242,
                        45.49543016857
                    ]
                ]
            }
        },
        {
            "type": "Feature",
            "properties": {
                "level": "1",
                "ref": "MB-1.309"
            },
            "geometry": {
                "type": "Point",
                "coordinates": [
                    -73.57912699437,
                    45.49520786692
                ]
            }
        },
        {
            "type": "Feature",
            "properties": {
                "door": "hinged"
            },
            "geometry": {
                "type": "Point",
                "coordinates": [
                    -73.57905630605,
                    45.49517327781
                ]
            }
        },
        {
            "type": "Feature",
            "properties": {
                "indoor": "room",
                "level": "-2",
                "ref": "MB-S2.401"
            },
            "geometry": {
                "type": "LineString",
                "coordinates": [
                    [
                        -73.57922229002,
                        45.49539538383
                    ],
                    [
                        -73.57925608130,
                        45.49536570865
                    ],
                    [
                        -73.57928986689,
                        45.49533603844
                    ],
                    [
                        -73.57933748933,
                        45.49536268361
                    ],
                    [
                        -73.57939985207,
                        45.49539757602
                    ],
                    [
                        -73.57933227520,
                        45.49545692134
                    ],
                    [
                        -73.57927031155,
                        45.49542225224
                    ],
                    [
                        -73.57922229002,
                        45.49539538383
                    ]
                ]
            }
        },
        {
            "type": "Feature",
            "properties": {
                "conveying": "yes",
                "highway": "steps",
                "level": "-2;1"
            },
            "geometry": {
                "type": "LineString",
                "coordinates": [
                    [
                        -73.57909708758,
                        45.49544282247
                    ],
                    [
                        -73.57888186488,
                        45.49532875821
                    ]
                ]
            }
        },
        {
            "type": "Feature",
            "properties": {
                "level": "-2",
                "ref": "MB-S2.115"
            },
            "geometry": {
                "type": "Point",
                "coordinates": [
                    -73.57913859092,
                    45.49545061492
                ]
            }
        },
        {
            "type": "Feature",
            "properties": {
                "indoor": "room",
                "level": "1",
                "ref": "MB-1.301"
            },
            "geometry": {
                "type": "LineString",
                "coordinates": [
                    [
                        -73.57914785089,
                        45.49525392194
                    ],
                    [
                        -73.57915219419,
                        45.49525001609
                    ],
                    [
                        -73.57916328163,
                        45.49524004536
                    ],
                    [
                        -73.57921779572,
                        45.49519102180
                    ],
                    [
                        -73.57929478719,
                        45.49523308548
                    ],
                    [
                        -73.57922992055,
                        45.49529141389
                    ],
                    [
                        -73.57922483647,
                        45.49529598591
                    ],
                    [
                        -73.57914785089,
                        45.49525392194
                    ]
                ]
            }
        },
        {
            "type": "Feature",
            "properties": {
                "level": "-2",
                "ref": "MB-S2.330"
            },
            "geometry": {
                "type": "Point",
                "coordinates": [
                    -73.57889538235,
                    45.49512909576
                ]
            }
        },
        {
            "type": "Feature",
            "properties": {
                "door": "hinged"
            },
            "geometry": {
                "type": "Point",
                "coordinates": [
                    -73.57916673460,
                    45.49535940508
                ]
            }
        },
        {
            "type": "Feature",
            "properties": {
                "door": "hinged"
            },
            "geometry": {
                "type": "Point",
                "coordinates": [
                    -73.57872324934,
                    45.49516434140
                ]
            }
        },
        {
            "type": "Feature",
            "properties": {
                "highway": "footway",
                "level": "1"
            },
            "geometry": {
                "type": "LineString",
                "coordinates": [
                    [
                        -73.57883588700,
                        45.49500653746
                    ],
                    [
                        -73.57877580130,
                        45.49506055277
                    ],
                    [
                        -73.57875439291,
                        45.49507979829
                    ]
                ]
            }
        },
        {
            "type": "Feature",
            "properties": {
                "highway": "footway",
                "level": "-2"
            },
            "geometry": {
                "type": "LineString",
                "coordinates": [
                    [
                        -73.57885032829,
                        45.49516708200
                    ],
                    [
                        -73.57877241456,
                        45.49512373780
                    ],
                    [
                        -73.57876806159,
                        45.49512131619
                    ],
                    [
                        -73.57875848961,
                        45.49511599120
                    ],
                    [
                        -73.57878178886,
                        45.49509541222
                    ],
                    [
                        -73.57873972405,
                        45.49507201110
                    ],
                    [
                        -73.57873454149,
                        45.49506912799
                    ],
                    [
                        -73.57870089186,
                        45.49505040833
                    ]
                ]
            }
        },
        {
            "type": "Feature",
            "properties": null,
            "geometry": {
                "type": "LineString",
                "coordinates": [
                    [
                        -73.57889363399,
                        45.49530525631
                    ],
                    [
                        -73.57883754449,
                        45.49527460971
                    ]
                ]
            }
        },
        {
            "type": "Feature",
            "properties": {
                "door": "hinged"
            },
            "geometry": {
                "type": "Point",
                "coordinates": [
                    -73.57912773753,
                    45.49518253388
                ]
            }
        },
        {
            "type": "Feature",
            "properties": {
                "door": "hinged"
            },
            "geometry": {
                "type": "Point",
                "coordinates": [
                    -73.57913361308,
                    45.49535024527
                ]
            }
        },
        {
            "type": "Feature",
            "properties": {
                "highway": "footway",
                "level": "1"
            },
            "geometry": {
                "type": "LineString",
                "coordinates": [
                    [
                        -73.57912699437,
                        45.49520786692
                    ],
                    [
                        -73.57911851376,
                        45.49521558473
                    ],
                    [
                        -73.57911509600,
                        45.49521869508
                    ],
                    [
                        -73.57910741402,
                        45.49522557973
                    ]
                ]
            }
        },
        {
            "type": "Feature",
            "properties": {
                "door": "hinged"
            },
            "geometry": {
                "type": "Point",
                "coordinates": [
                    -73.57872306444,
                    45.49516424034
                ]
            }
        },
        {
            "type": "Feature",
            "properties": {
                "highway": "footway",
                "level": "-2"
            },
            "geometry": {
                "type": "LineString",
                "coordinates": [
                    [
                        -73.57868683785,
                        45.49517927728
                    ],
                    [
                        -73.57863302756,
                        45.49522680493
                    ],
                    [
                        -73.57862442994,
                        45.49522202199
                    ],
                    [
                        -73.57862022437,
                        45.49521968240
                    ],
                    [
                        -73.57857347588,
                        45.49519367576
                    ]
                ]
            }
        },
        {
            "type": "Feature",
            "properties": {
                "level": "1",
                "ref": "MB-1.424"
            },
            "geometry": {
                "type": "Point",
                "coordinates": [
                    -73.57913355110,
                    45.49530511482
                ]
            }
        },
        {
            "type": "Feature",
            "properties": {
                "indoor": "room",
                "level": "-2",
                "ref": "MB-S2.437"
            },
            "geometry": {
                "type": "LineString",
                "coordinates": [
                    [
                        -73.57917236813,
                        45.49526552590
                    ],
                    [
                        -73.57920726593,
                        45.49523487891
                    ],
                    [
                        -73.57927705136,
                        45.49527393634
                    ],
                    [
                        -73.57925231937,
                        45.49529565503
                    ],
                    [
                        -73.57924216475,
                        45.49530457273
                    ],
                    [
                        -73.57919561934,
                        45.49527853516
                    ],
                    [
                        -73.57917236813,
                        45.49526552590
                    ]
                ]
            }
        },
        {
            "type": "Feature",
            "properties": {
                "door": "hinged"
            },
            "geometry": {
                "type": "Point",
                "coordinates": [
                    -73.57873972405,
                    45.49507201110
                ]
            }
        },
        {
            "type": "Feature",
            "properties": null,
            "geometry": {
                "type": "LineString",
                "coordinates": [
                    [
                        -73.57865349227,
                        45.49514678072
                    ],
                    [
                        -73.57862309064,
                        45.49513016955
                    ]
                ]
            }
        },
        {
            "type": "Feature",
            "properties": {
                "door": "hinged"
            },
            "geometry": {
                "type": "Point",
                "coordinates": [
                    -73.57931594029,
                    45.49533648315
                ]
            }
        },
        {
            "type": "Feature",
            "properties": {
                "indoor": "room",
                "level": "-2",
                "ref": "MB-S2.275"
            },
            "geometry": {
                "type": "LineString",
                "coordinates": [
                    [
                        -73.57867772195,
                        45.49505556086
                    ],
                    [
                        -73.57869974475,
                        45.49503622053
                    ],
                    [
                        -73.57874905955,
                        45.49506381271
                    ],
                    [
                        -73.57873972405,
                        45.49507201110
                    ],
                    [
                        -73.57872703675,
                        45.49508315303
                    ],
                    [
                        -73.57867772195,
                        45.49505556086
                    ]
                ]
            }
        },
        {
            "type": "Feature",
            "properties": {
                "indoor": "room",
                "level": "1"
            },
            "geometry": {
                "type": "LineString",
                "coordinates": [
                    [
                        -73.57931410802,
                        45.49526621105
                    ],
                    [
                        -73.57932104963,
                        45.49525996858
                    ],
                    [
                        -73.57932971940,
                        45.49525217202
                    ],
                    [
                        -73.57934702160,
                        45.49526162912
                    ],
                    [
                        -73.57933753658,
                        45.49527015883
                    ],
                    [
                        -73.57933141257,
                        45.49527566604
                    ],
                    [
                        -73.57931410802,
                        45.49526621105
                    ]
                ]
            }
        },
        {
            "type": "Feature",
            "properties": {
                "door": "elevator",
                "repeat_on": "-2;1"
            },
            "geometry": {
                "type": "Point",
                "coordinates": [
                    -73.57905629054,
                    45.49528869600
                ]
            }
        },
        {
            "type": "Feature",
            "properties": {
                "door": "staircase"
            },
            "geometry": {
                "type": "Point",
                "coordinates": [
                    -73.57907193240,
                    45.49522997760
                ]
            }
        },
        {
            "type": "Feature",
            "properties": {
                "highway": "footway",
                "level": "1"
            },
            "geometry": {
                "type": "LineString",
                "coordinates": [
                    [
                        -73.57928601689,
                        45.49534816019
                    ],
                    [
                        -73.57926411013,
                        45.49533618644
                    ],
                    [
                        -73.57926338698,
                        45.49533579118
                    ],
                    [
                        -73.57922312465,
                        45.49531378468
                    ]
                ]
            }
        },
        {
            "type": "Feature",
            "properties": {
                "highway": "footway",
                "level": "-2;1"
            },
            "geometry": {
                "type": "LineString",
                "coordinates": [
                    [
                        -73.57908357612,
                        45.49526473401
                    ],
                    [
                        -73.57910079284,
                        45.49527431183
                    ]
                ]
            }
        },
        {
            "type": "Feature",
            "properties": null,
            "geometry": {
                "type": "LineString",
                "coordinates": [
                    [
                        -73.57895117902,
                        45.49538118702
                    ],
                    [
                        -73.57887078045,
                        45.49533620339
                    ]
                ]
            }
        },
        {
            "type": "Feature",
            "properties": {
                "highway": "footway",
                "level": "1"
            },
            "geometry": {
                "type": "LineString",
                "coordinates": [
                    [
                        -73.57907777936,
                        45.49513875110
                    ],
                    [
                        -73.57888931948,
                        45.49503574264
                    ],
                    [
                        -73.57887167243,
                        45.49502609710
                    ]
                ]
            }
        },
        {
            "type": "Feature",
            "properties": {
                "indoor": "room",
                "level": "-2",
                "ref": "MB-S2.115"
            },
            "geometry": {
                "type": "LineString",
                "coordinates": [
                    [
                        -73.57904660742,
                        45.49545489230
                    ],
                    [
                        -73.57912620090,
                        45.49538499411
                    ],
                    [
                        -73.57917926918,
                        45.49541468621
                    ],
                    [
                        -73.57924014328,
                        45.49544874571
                    ],
                    [
                        -73.57917214209,
                        45.49550807941
                    ],
                    [
                        -73.57904660742,
                        45.49545489230
                    ]
                ]
            }
        },
        {
            "type": "Feature",
            "properties": {
                "highway": "footway",
                "level": "1"
            },
            "geometry": {
                "type": "LineString",
                "coordinates": [
                    [
                        -73.57900349209,
                        45.49531751616
                    ],
                    [
                        -73.57904026802,
                        45.49528596302
                    ]
                ]
            }
        },
        {
            "type": "Feature",
            "properties": {
                "indoor": "room",
                "level": "1",
                "ref": "MB-1.335"
            },
            "geometry": {
                "type": "LineString",
                "coordinates": [
                    [
                        -73.57907455609,
                        45.49515686579
                    ],
                    [
                        -73.57908830326,
                        45.49514450325
                    ],
                    [
                        -73.57910506695,
                        45.49512942794
                    ],
                    [
                        -73.57918672667,
                        45.49517404585
                    ],
                    [
                        -73.57915621582,
                        45.49520148374
                    ],
                    [
                        -73.57907455609,
                        45.49515686579
                    ]
                ]
            }
        },
        {
            "type": "Feature",
            "properties": {
                "door": "hinged"
            },
            "geometry": {
                "type": "Point",
                "coordinates": [
                    -73.57927149679,
                    45.49530453052
                ]
            }
        },
        {
            "type": "Feature",
            "properties": {
                "door": "hinged"
            },
            "geometry": {
                "type": "Point",
                "coordinates": [
                    -73.57933753658,
                    45.49527015883
                ]
            }
        },
        {
            "type": "Feature",
            "properties": {
                "indoor": "room",
                "level": "-2",
                "ref": "MB-S2.230"
            },
            "geometry": {
                "type": "LineString",
                "coordinates": [
                    [
                        -73.57903843311,
                        45.49519058804
                    ],
                    [
                        -73.57906739462,
                        45.49516515422
                    ],
                    [
                        -73.57910595600,
                        45.49518672970
                    ],
                    [
                        -73.57909532805,
                        45.49519606310
                    ],
                    [
                        -73.57907699451,
                        45.49521216349
                    ],
                    [
                        -73.57903843311,
                        45.49519058804
                    ]
                ]
            }
        },
        {
            "type": "Feature",
            "properties": {
                "highway": "footway",
                "level": "-2"
            },
            "geometry": {
                "type": "LineString",
                "coordinates": [
                    [
                        -73.57880228803,
                        45.49507730640
                    ],
                    [
                        -73.57882221478,
                        45.49508839187
                    ],
                    [
                        -73.57882658574,
                        45.49509082348
                    ],
                    [
                        -73.57889538235,
                        45.49512909576
                    ]
                ]
            }
        },
        {
            "type": "Feature",
            "properties": {
                "level": "1",
                "ref": "MB-escalator-1"
            },
            "geometry": {
                "type": "Point",
                "coordinates": [
                    -73.57909708758,
                    45.49544282247
                ]
            }
        },
        {
            "type": "Feature",
            "properties": {
                "door": "hinged"
            },
            "geometry": {
                "type": "Point",
                "coordinates": [
                    -73.57922253326,
                    45.49533559805
                ]
            }
        },
        {
            "type": "Feature",
            "properties": {
                "door": "hinged"
            },
            "geometry": {
                "type": "Point",
                "coordinates": [
                    -73.57932104963,
                    45.49525996858
                ]
            }
        },
        {
            "type": "Feature",
            "properties": {
                "highway": "footway",
                "level": "1"
            },
            "geometry": {
                "type": "LineString",
                "coordinates": [
                    [
                        -73.57904577522,
                        45.49516752187
                    ],
                    [
                        -73.57907777936,
                        45.49513875110
                    ],
                    [
                        -73.57908830326,
                        45.49514450325
                    ],
                    [
                        -73.57913458897,
                        45.49516980208
                    ]
                ]
            }
        },
        {
            "type": "Feature",
            "properties": {
                "highway": "footway",
                "level": "-2"
            },
            "geometry": {
                "type": "LineString",
                "coordinates": [
                    [
                        -73.57888186488,
                        45.49532875821
                    ],
                    [
                        -73.57881980201,
                        45.49529423209
                    ],
                    [
                        -73.57879446277,
                        45.49531661279
                    ],
                    [
                        -73.57882352112,
                        45.49533277820
                    ],
                    [
                        -73.57879220295,
                        45.49536043973
                    ]
                ]
            }
        },
        {
            "type": "Feature",
            "properties": {
                "indoor": "room",
                "level": "-2",
                "ref": "MB-S2.428"
            },
            "geometry": {
                "type": "LineString",
                "coordinates": [
                    [
                        -73.57926026224,
                        45.49528867969
                    ],
                    [
                        -73.57927705136,
                        45.49527393634
                    ],
                    [
                        -73.57931545678,
                        45.49524020827
                    ],
                    [
                        -73.57934304756,
                        45.49525564557
                    ],
                    [
                        -73.57928785303,
                        45.49530411697
                    ],
                    [
                        -73.57927447744,
                        45.49529663321
                    ],
                    [
                        -73.57926026224,
                        45.49528867969
                    ]
                ]
            }
        },
        {
            "type": "Feature",
            "properties": {
                "door": "hinged"
            },
            "geometry": {
                "type": "Point",
                "coordinates": [
                    -73.57920122429,
                    45.49537851804
                ]
            }
        },
        {
            "type": "Feature",
            "properties": {
                "level": "-2",
                "ref": "MB-S2.145"
            },
            "geometry": {
                "type": "Point",
                "coordinates": [
                    -73.57899057630,
                    45.49539145817
                ]
            }
        },
        {
            "type": "Feature",
            "properties": {
                "indoor": "room",
                "level": "1",
                "ref": "MB-1.130"
            },
            "geometry": {
                "type": "LineString",
                "coordinates": [
                    [
                        -73.57915050102,
                        45.49537400361
                    ],
                    [
                        -73.57920783122,
                        45.49540532806
                    ],
                    [
                        -73.57923999198,
                        45.49537640656
                    ],
                    [
                        -73.57922716906,
                        45.49536940029
                    ],
                    [
                        -73.57919596585,
                        45.49535235126
                    ],
                    [
                        -73.57919797859,
                        45.49535054125
                    ],
                    [
                        -73.57920631730,
                        45.49534304241
                    ],
                    [
                        -73.57919301323,
                        45.49533577324
                    ],
                    [
                        -73.57918266178,
                        45.49534508209
                    ],
                    [
                        -73.57917414963,
                        45.49535273692
                    ],
                    [
                        -73.57916673460,
                        45.49535940508
                    ],
                    [
                        -73.57916055245,
                        45.49536496459
                    ],
                    [
                        -73.57915050102,
                        45.49537400361
                    ]
                ]
            }
        },
        {
            "type": "Feature",
            "properties": {
                "door": "no",
                "level": "-2",
                "ref": "MB-stair-S2-03"
            },
            "geometry": {
                "type": "Point",
                "coordinates": [
                    -73.57876429453,
                    45.49532612441
                ]
            }
        },
        {
            "type": "Feature",
            "properties": {
                "level": "1",
                "ref": "MB-bath-W-1"
            },
            "geometry": {
                "type": "Point",
                "coordinates": [
                    -73.57922312465,
                    45.49531378468
                ]
            }
        },
        {
            "type": "Feature",
            "properties": {
                "indoor": "room",
                "level": "-2",
                "ref": "MB-S2.285"
            },
            "geometry": {
                "type": "LineString",
                "coordinates": [
                    [
                        -73.57872327596,
                        45.49501555551
                    ],
                    [
                        -73.57879747648,
                        45.49495039284
                    ],
                    [
                        -73.57890272877,
                        45.49500928274
                    ],
                    [
                        -73.57882852825,
                        45.49507444533
                    ],
                    [
                        -73.57878616921,
                        45.49505074498
                    ],
                    [
                        -73.57872327596,
                        45.49501555551
                    ]
                ]
            }
        },
        {
            "type": "Feature",
            "properties": {
                "indoor": "room",
                "level": "1",
                "ref": "MB-1.494"
            },
            "geometry": {
                "type": "LineString",
                "coordinates": [
                    [
                        -73.57937994671,
                        45.49523201028
                    ],
                    [
                        -73.57938823781,
                        45.49523654043
                    ],
                    [
                        -73.57940222441,
                        45.49524418255
                    ],
                    [
                        -73.57937392670,
                        45.49526963016
                    ],
                    [
                        -73.57931648740,
                        45.49532128422
                    ],
                    [
                        -73.57934605581,
                        45.49533744002
                    ],
                    [
                        -73.57935305556,
                        45.49534126459
                    ],
                    [
                        -73.57936763470,
                        45.49534923045
                    ],
                    [
                        -73.57940943430,
                        45.49531164088
                    ],
                    [
                        -73.57942427808,
                        45.49531975134
                    ],
                    [
                        -73.57943991777,
                        45.49530568686
                    ],
                    [
                        -73.57942507399,
                        45.49529757641
                    ],
                    [
                        -73.57940912354,
                        45.49528886128
                    ],
                    [
                        -73.57945135445,
                        45.49525088381
                    ],
                    [
                        -73.57953081801,
                        45.49529430172
                    ],
                    [
                        -73.57956123596,
                        45.49526693750
                    ],
                    [
                        -73.57945208365,
                        45.49520730963
                    ],
                    [
                        -73.57942431155,
                        45.49519212366
                    ],
                    [
                        -73.57937994671,
                        45.49523201028
                    ]
                ]
            }
        },
        {
            "type": "Feature",
            "properties": {
                "level": "-2",
                "ref": "MB-S2.275"
            },
            "geometry": {
                "type": "Point",
                "coordinates": [
                    -73.57870089186,
                    45.49505040833
                ]
            }
        },
        {
            "type": "Feature",
            "properties": {
                "door": "hinged"
            },
            "geometry": {
                "type": "Point",
                "coordinates": [
                    -73.57877580130,
                    45.49506055277
                ]
            }
        },
        {
            "type": "Feature",
            "properties": {
                "indoor": "room",
                "level": "-2",
                "ref": "MB-stair-S2-02",
                "stairs": "yes"
            },
            "geometry": {
                "type": "LineString",
                "coordinates": [
                    [
                        -73.57861014506,
                        45.49511490656
                    ],
                    [
                        -73.57865388901,
                        45.49507649084
                    ],
                    [
                        -73.57873711918,
                        45.49512305900
                    ],
                    [
                        -73.57871328672,
                        45.49514398854
                    ],
                    [
                        -73.57869337524,
                        45.49516147468
                    ],
                    [
                        -73.57864912511,
                        45.49513671629
                    ],
                    [
                        -73.57861014506,
                        45.49511490656
                    ]
                ]
            }
        },
        {
            "type": "Feature",
            "properties": {
                "highway": "footway",
                "level": "-2;1"
            },
            "geometry": {
                "type": "LineString",
                "coordinates": [
                    [
                        -73.57907641288,
                        45.49522734574
                    ],
                    [
                        -73.57907534377,
                        45.49522675098
                    ],
                    [
                        -73.57906031954,
                        45.49521839286
                    ]
                ]
            }
        },
        {
            "type": "Feature",
            "properties": {
                "indoor": "room",
                "level": "1",
                "ref": "MB-1.294"
            },
            "geometry": {
                "type": "LineString",
                "coordinates": [
                    [
                        -73.57858092869,
                        45.49513253886
                    ],
                    [
                        -73.57863591839,
                        45.49516258462
                    ],
                    [
                        -73.57864207691,
                        45.49515704637
                    ],
                    [
                        -73.57865349227,
                        45.49514678072
                    ],
                    [
                        -73.57868318671,
                        45.49516300543
                    ],
                    [
                        -73.57872647846,
                        45.49512407388
                    ],
                    [
                        -73.57865389206,
                        45.49508441343
                    ],
                    [
                        -73.57864574807,
                        45.49509173719
                    ],
                    [
                        -73.57863365040,
                        45.49508512705
                    ],
                    [
                        -73.57858092869,
                        45.49513253886
                    ]
                ]
            }
        },
        {
            "type": "Feature",
            "properties": {
                "highway": "footway",
                "level": "-2"
            },
            "geometry": {
                "type": "LineString",
                "coordinates": [
                    [
                        -73.57914241753,
                        45.49523496495
                    ],
                    [
                        -73.57911102735,
                        45.49521750230
                    ],
                    [
                        -73.57911985337,
                        45.49520970677
                    ],
                    [
                        -73.57909532805,
                        45.49519606310
                    ],
                    [
                        -73.57909402031,
                        45.49519533559
                    ],
                    [
                        -73.57907536898,
                        45.49518495967
                    ]
                ]
            }
        },
        {
            "type": "Feature",
            "properties": {
                "door": "hinged"
            },
            "geometry": {
                "type": "Point",
                "coordinates": [
                    -73.57877241456,
                    45.49512373780
                ]
            }
        },
        {
            "type": "Feature",
            "properties": {
                "highway": "elevator",
                "level": "-2;1",
                "ref": "MB-elevator-S2"
            },
            "geometry": {
                "type": "Point",
                "coordinates": [
                    -73.57906031954,
                    45.49521839286
                ]
            }
        },
        {
            "type": "Feature",
            "properties": {
                "highway": "footway",
                "level": "1"
            },
            "geometry": {
                "type": "LineString",
                "coordinates": [
                    [
                        -73.57883092344,
                        45.49522319383
                    ],
                    [
                        -73.57889450792,
                        45.49516603338
                    ]
                ]
            }
        },
        {
            "type": "Feature",
            "properties": {
                "level": "1",
                "ref": "MB-1.130"
            },
            "geometry": {
                "type": "Point",
                "coordinates": [
                    -73.57919623276,
                    45.49537552811
                ]
            }
        },
        {
            "type": "Feature",
            "properties": {
                "indoor": "room",
                "level": "-2",
                "ref": "MB-S2.145"
            },
            "geometry": {
                "type": "LineString",
                "coordinates": [
                    [
                        -73.57892562304,
                        45.49540363004
                    ],
                    [
                        -73.57897992807,
                        45.49542664127
                    ],
                    [
                        -73.57906582088,
                        45.49535121096
                    ],
                    [
                        -73.57904764545,
                        45.49534105230
                    ],
                    [
                        -73.57902921776,
                        45.49533074186
                    ],
                    [
                        -73.57899181181,
                        45.49536359143
                    ],
                    [
                        -73.57897923077,
                        45.49535655224
                    ],
                    [
                        -73.57892562304,
                        45.49540363004
                    ]
                ]
            }
        },
        {
            "type": "Feature",
            "properties": {
                "indoor": "room",
                "level": "1",
                "ref": "MB-1.424"
            },
            "geometry": {
                "type": "LineString",
                "coordinates": [
                    [
                        -73.57907584080,
                        45.49531867925
                    ],
                    [
                        -73.57914785089,
                        45.49525392194
                    ],
                    [
                        -73.57919426219,
                        45.49527928051
                    ],
                    [
                        -73.57912224816,
                        45.49534403563
                    ],
                    [
                        -73.57910235003,
                        45.49533316355
                    ],
                    [
                        -73.57907584080,
                        45.49531867925
                    ]
                ]
            }
        },
        {
            "type": "Feature",
            "properties": {
                "level": "1",
                "ref": "MB-1.338"
            },
            "geometry": {
                "type": "Point",
                "coordinates": [
                    -73.57888931948,
                    45.49503574264
                ]
            }
        },
        {
            "type": "Feature",
            "properties": {
                "door": "hinged"
            },
            "geometry": {
                "type": "Point",
                "coordinates": [
                    -73.57919797859,
                    45.49535054125
                ]
            }
        },
        {
            "type": "Feature",
            "properties": {
                "indoor": "room",
                "level": "-2;1",
                "ref": "MB-stair-S2-01",
                "stairs": "yes"
            },
            "geometry": {
                "type": "LineString",
                "coordinates": [
                    [
                        -73.57913114376,
                        45.49522142403
                    ],
                    [
                        -73.57918980721,
                        45.49516990617
                    ],
                    [
                        -73.57922080882,
                        45.49518725187
                    ],
                    [
                        -73.57916214537,
                        45.49523876972
                    ],
                    [
                        -73.57914743096,
                        45.49523053687
                    ],
                    [
                        -73.57913114376,
                        45.49522142403
                    ]
                ]
            }
        },
        {
            "type": "Feature",
            "properties": {
                "highway": "steps",
                "level": "-2;1"
            },
            "geometry": {
                "type": "LineString",
                "coordinates": [
                    [
                        -73.57858064659,
                        45.49524916028
                    ],
                    [
                        -73.57876429453,
                        45.49532612441
                    ]
                ]
            }
        },
        {
            "type": "Feature",
            "properties": {
                "level": "-2",
                "ref": "MB-bath-M-S2"
            },
            "geometry": {
                "type": "Point",
                "coordinates": [
                    -73.57921179761,
                    45.49529977511
                ]
            }
        },
        {
            "type": "Feature",
            "properties": {
                "door": "hinged"
            },
            "geometry": {
                "type": "Point",
                "coordinates": [
                    -73.57909532805,
                    45.49519606310
                ]
            }
        },
        {
            "type": "Feature",
            "properties": {
                "level": "-2",
                "ref": "MB-S2.230"
            },
            "geometry": {
                "type": "Point",
                "coordinates": [
                    -73.57907536898,
                    45.49518495967
                ]
            }
        },
        {
            "type": "Feature",
            "properties": {
                "highway": "footway",
                "level": "1"
            },
            "geometry": {
                "type": "LineString",
                "coordinates": [
                    [
                        -73.57904552649,
                        45.49519171376
                    ],
                    [
                        -73.57901381932,
                        45.49522021750
                    ],
                    [
                        -73.57901043587,
                        45.49522325912
                    ],
                    [
                        -73.57896914244,
                        45.49526038059
                    ],
                    [
                        -73.57896581362,
                        45.49526337310
                    ],
                    [
                        -73.57894260520,
                        45.49528423671
                    ]
                ]
            }
        },
        {
            "type": "Feature",
            "properties": {
                "highway": "footway",
                "level": "-2"
            },
            "geometry": {
                "type": "LineString",
                "coordinates": [
                    [
                        -73.57925092791,
                        45.49535139423
                    ],
                    [
                        -73.57927166396,
                        45.49533307927
                    ],
                    [
                        -73.57926182567,
                        45.49532760615
                    ],
                    [
                        -73.57926047477,
                        45.49532685463
                    ],
                    [
                        -73.57921179761,
                        45.49529977511
                    ]
                ]
            }
        },
        {
            "type": "Feature",
            "properties": {
                "highway": "footway",
                "level": "-2"
            },
            "geometry": {
                "type": "LineString",
                "coordinates": [
                    [
                        -73.57904041912,
                        45.49527986659
                    ],
                    [
                        -73.57905580484,
                        45.49528842580
                    ],
                    [
                        -73.57905629054,
                        45.49528869600
                    ]
                ]
            }
        },
        {
            "type": "Feature",
            "properties": {
                "door": "hinged"
            },
            "geometry": {
                "type": "Point",
                "coordinates": [
                    -73.57942126274,
                    45.49527726831
                ]
            }
        },
        {
            "type": "Feature",
            "properties": {
                "level": "-2",
                "ref": "MB-S2.135"
            },
            "geometry": {
                "type": "Point",
                "coordinates": [
                    -73.57905030958,
                    45.49540990787
                ]
            }
        },
        {
            "type": "Feature",
            "properties": null,
            "geometry": {
                "type": "LineString",
                "coordinates": [
                    [
                        -73.57914518947,
                        45.49535657047
                    ],
                    [
                        -73.57915137366,
                        45.49535100915
                    ],
                    [
                        -73.57915878666,
                        45.49534434279
                    ],
                    [
                        -73.57917414963,
                        45.49535273692
                    ],
                    [
                        -73.57916673460,
                        45.49535940508
                    ],
                    [
                        -73.57916055245,
                        45.49536496459
                    ],
                    [
                        -73.57914518947,
                        45.49535657047
                    ]
                ]
            }
        },
        {
            "type": "Feature",
            "properties": {
                "door": "staircase"
            },
            "geometry": {
                "type": "Point",
                "coordinates": [
                    -73.57902126831,
                    45.49527553892
                ]
            }
        },
        {
            "type": "Feature",
            "properties": {
                "indoor": "room",
                "level": "-2",
                "ref": "MB-S2.210"
            },
            "geometry": {
                "type": "LineString",
                "coordinates": [
                    [
                        -73.57879263766,
                        45.49510597797
                    ],
                    [
                        -73.57880283345,
                        45.49511168262
                    ],
                    [
                        -73.57881791529,
                        45.49509843783
                    ],
                    [
                        -73.57901670978,
                        45.49520966533
                    ],
                    [
                        -73.57899347860,
                        45.49523006679
                    ],
                    [
                        -73.57896301251,
                        45.49525682188
                    ],
                    [
                        -73.57892168299,
                        45.49529311715
                    ],
                    [
                        -73.57871269271,
                        45.49517618518
                    ],
                    [
                        -73.57877241456,
                        45.49512373780
                    ],
                    [
                        -73.57879263766,
                        45.49510597797
                    ]
                ]
            }
        },
        {
            "type": "Feature",
            "properties": {
                "highway": "footway",
                "level": "1"
            },
            "geometry": {
                "type": "LineString",
                "coordinates": [
                    [
                        -73.57907641288,
                        45.49522734574
                    ],
                    [
                        -73.57909446206,
                        45.49523738715
                    ],
                    [
                        -73.57910686176,
                        45.49524428474
                    ]
                ]
            }
        },
        {
            "type": "Feature",
            "properties": {
                "indoor": "room",
                "level": "1",
                "ref": "MB-1.434"
            },
            "geometry": {
                "type": "LineString",
                "coordinates": [
                    [
                        -73.57930952061,
                        45.49534225625
                    ],
                    [
                        -73.57931594029,
                        45.49533648315
                    ],
                    [
                        -73.57932666051,
                        45.49532684267
                    ],
                    [
                        -73.57934605581,
                        45.49533744002
                    ],
                    [
                        -73.57935305556,
                        45.49534126459
                    ],
                    [
                        -73.57933591566,
                        45.49535667816
                    ],
                    [
                        -73.57930952061,
                        45.49534225625
                    ]
                ]
            }
        },
        {
            "type": "Feature",
            "properties": {
                "door": "hinged"
            },
            "geometry": {
                "type": "Point",
                "coordinates": [
                    -73.57930350161,
                    45.49530076246
                ]
            }
        },
        {
            "type": "Feature",
            "properties": {
                "highway": "footway",
                "level": "1"
            },
            "geometry": {
                "type": "LineString",
                "coordinates": [
                    [
                        -73.57926482205,
                        45.49536721363
                    ],
                    [
                        -73.57934042020,
                        45.49540853387
                    ],
                    [
                        -73.57937113397,
                        45.49538092325
                    ],
                    [
                        -73.57937459490,
                        45.49537781199
                    ],
                    [
                        -73.57942011273,
                        45.49533689301
                    ]
                ]
            }
        },
        {
            "type": "Feature",
            "properties": {
                "highway": "footway",
                "level": "-2"
            },
            "geometry": {
                "type": "LineString",
                "coordinates": [
                    [
                        -73.57906760895,
                        45.49525585128
                    ],
                    [
                        -73.57905312728,
                        45.49524779499
                    ]
                ]
            }
        },
        {
            "type": "Feature",
            "properties": {
                "level": "-2",
                "ref": "MB-S2.445"
            },
            "geometry": {
                "type": "Point",
                "coordinates": [
                    -73.57940956868,
                    45.49521127582
                ]
            }
        },
        {
            "type": "Feature",
            "properties": {
                "level": "1",
                "ref": "MB-bath-W/M-1"
            },
            "geometry": {
                "type": "Point",
                "coordinates": [
                    -73.57927080015,
                    45.49530414974
                ]
            }
        },
        {
            "type": "Feature",
            "properties": {
                "indoor": "room",
                "level": "1",
                "ref": "MB-1.210"
            },
            "geometry": {
                "type": "LineString",
                "coordinates": [
                    [
                        -73.57871031778,
                        45.49517597054
                    ],
                    [
                        -73.57872324934,
                        45.49516434140
                    ],
                    [
                        -73.57874803736,
                        45.49514204995
                    ],
                    [
                        -73.57886726438,
                        45.49507892451
                    ],
                    [
                        -73.57890876953,
                        45.49505694931
                    ],
                    [
                        -73.57904691793,
                        45.49513243214
                    ],
                    [
                        -73.57901055703,
                        45.49519266610
                    ],
                    [
                        -73.57899885955,
                        45.49521204361
                    ],
                    [
                        -73.57897677152,
                        45.49524863370
                    ],
                    [
                        -73.57896576256,
                        45.49525853386
                    ],
                    [
                        -73.57893923152,
                        45.49528239273
                    ],
                    [
                        -73.57892632850,
                        45.49529399618
                    ],
                    [
                        -73.57871031778,
                        45.49517597054
                    ]
                ]
            }
        },
        {
            "type": "Feature",
            "properties": {
                "highway": "footway",
                "level": "-2;1"
            },
            "geometry": {
                "type": "LineString",
                "coordinates": [
                    [
                        -73.57914743096,
                        45.49523053687
                    ],
                    [
                        -73.57914834569,
                        45.49522972894
                    ],
                    [
                        -73.57918170759,
                        45.49520026223
                    ]
                ]
            }
        },
        {
            "type": "Feature",
            "properties": {
                "door": "hinged"
            },
            "geometry": {
                "type": "Point",
                "coordinates": [
                    -73.57915714712,
                    45.49524315916
                ]
            }
        },
        {
            "type": "Feature",
            "properties": {
                "highway": "elevator",
                "level": "-2;1",
                "ref": "MB-elevator-S2"
            },
            "geometry": {
                "type": "Point",
                "coordinates": [
                    -73.57912489365,
                    45.49525431604
                ]
            }
        },
        {
            "type": "Feature",
            "properties": {
                "highway": "footway",
                "level": "1"
            },
            "geometry": {
                "type": "LineString",
                "coordinates": [
                    [
                        -73.57900349209,
                        45.49531751616
                    ],
                    [
                        -73.57920038978,
                        45.49542513602
                    ],
                    [
                        -73.57926054937,
                        45.49545801786
                    ],
                    [
                        -73.57923713300,
                        45.49547906833
                    ],
                    [
                        -73.57919309372,
                        45.49552479911
                    ]
                ]
            }
        },
        {
            "type": "Feature",
            "properties": {
                "level": "1",
                "ref": "MB-1.315"
            },
            "geometry": {
                "type": "Point",
                "coordinates": [
                    -73.57907051053,
                    45.49518104168
                ]
            }
        },
        {
            "type": "Feature",
            "properties": {
                "highway": "footway",
                "level": "-2"
            },
            "geometry": {
                "type": "LineString",
                "coordinates": [
                    [
                        -73.57919294753,
                        45.49540260493
                    ],
                    [
                        -73.57925400557,
                        45.49543657198
                    ],
                    [
                        -73.57925660052,
                        45.49543801557
                    ],
                    [
                        -73.57928764449,
                        45.49545528556
                    ],
                    [
                        -73.57924719745,
                        45.49549101002
                    ]
                ]
            }
        },
        {
            "type": "Feature",
            "properties": {
                "amenity": "toilets",
                "female": "yes",
                "indoor": "room",
                "level": "-2",
                "male": "yes",
                "ref": "MB-bath-M/W-S2"
            },
            "geometry": {
                "type": "Polygon",
                "coordinates": [
                    [
                        [
                            -73.57922989559,
                            45.49532913252
                        ],
                        [
                            -73.57920155317,
                            45.49531327470
                        ],
                        [
                            -73.57918598602,
                            45.49532694563
                        ],
                        [
                            -73.57921432844,
                            45.49534280345
                        ],
                        [
                            -73.57922253326,
                            45.49533559805
                        ],
                        [
                            -73.57922989559,
                            45.49532913252
                        ]
                    ]
                ]
            }
        },
        {
            "type": "Feature",
            "properties": null,
            "geometry": {
                "type": "LineString",
                "coordinates": [
                    [
                        -73.57918287984,
                        45.49546329639
                    ],
                    [
                        -73.57923713300,
                        45.49547906833
                    ],
                    [
                        -73.57928709495,
                        45.49549359277
                    ]
                ]
            }
        },
        {
            "type": "Feature",
            "properties": {
                "level": "-2",
                "ref": "MB-S2.273"
            },
            "geometry": {
                "type": "Point",
                "coordinates": [
                    -73.57868279440,
                    45.49507388114
                ]
            }
        },
        {
            "type": "Feature",
            "properties": {
                "door": "hinged"
            },
            "geometry": {
                "type": "Point",
                "coordinates": [
                    -73.57887167243,
                    45.49502609710
                ]
            }
        },
        {
            "type": "Feature",
            "properties": {
                "indoor": "room",
                "level": "-2;1",
                "ref": "MB-elevator-S2"
            },
            "geometry": {
                "type": "LineString",
                "coordinates": [
                    [
                        -73.57909210795,
                        45.49525724142
                    ],
                    [
                        -73.57910354804,
                        45.49524719482
                    ],
                    [
                        -73.57910686176,
                        45.49524428474
                    ],
                    [
                        -73.57911758038,
                        45.49523487172
                    ],
                    [
                        -73.57914457355,
                        45.49524997459
                    ],
                    [
                        -73.57911910107,
                        45.49527234432
                    ],
                    [
                        -73.57909210795,
                        45.49525724142
                    ]
                ]
            }
        },
        {
            "type": "Feature",
            "properties": {
                "highway": "footway",
                "level": "-2"
            },
            "geometry": {
                "type": "LineString",
                "coordinates": [
                    [
                        -73.57904041912,
                        45.49527986659
                    ],
                    [
                        -73.57906760895,
                        45.49525585128
                    ],
                    [
                        -73.57908357612,
                        45.49526473401
                    ]
                ]
            }
        },
        {
            "type": "Feature",
            "properties": {
                "level": "1",
                "ref": "MB-1.115"
            },
            "geometry": {
                "type": "Point",
                "coordinates": [
                    -73.57942011273,
                    45.49533689301
                ]
            }
        },
        {
            "type": "Feature",
            "properties": {
                "highway": "footway",
                "level": "1"
            },
            "geometry": {
                "type": "LineString",
                "coordinates": [
                    [
                        -73.57910705413,
                        45.49537412087
                    ],
                    [
                        -73.57913026254,
                        45.49535325729
                    ],
                    [
                        -73.57913361308,
                        45.49535024527
                    ],
                    [
                        -73.57913980013,
                        45.49534468332
                    ],
                    [
                        -73.57915071225,
                        45.49535064765
                    ],
                    [
                        -73.57915137366,
                        45.49535100915
                    ],
                    [
                        -73.57915923500,
                        45.49535530597
                    ]
                ]
            }
        },
        {
            "type": "Feature",
            "properties": {
                "highway": "footway",
                "level": "-2"
            },
            "geometry": {
                "type": "LineString",
                "coordinates": [
                    [
                        -73.57927166396,
                        45.49533307927
                    ],
                    [
                        -73.57929018548,
                        45.49531672027
                    ],
                    [
                        -73.57926659405,
                        45.49530359616
                    ],
                    [
                        -73.57925324852,
                        45.49529617193
                    ],
                    [
                        -73.57925231937,
                        45.49529565503
                    ],
                    [
                        -73.57921002544,
                        45.49527212654
                    ]
                ]
            }
        },
        {
            "type": "Feature",
            "properties": {
                "highway": "footway",
                "level": "-2"
            },
            "geometry": {
                "type": "LineString",
                "coordinates": [
                    [
                        -73.57904041912,
                        45.49527986659
                    ],
                    [
                        -73.57901410152,
                        45.49530311143
                    ],
                    [
                        -73.57908767406,
                        45.49534404046
                    ],
                    [
                        -73.57909959435,
                        45.49533351195
                    ],
                    [
                        -73.57909978244,
                        45.49533334583
                    ],
                    [
                        -73.57913599104,
                        45.49530136484
                    ]
                ]
            }
        },
        {
            "type": "Feature",
            "properties": {
                "door": "hinged"
            },
            "geometry": {
                "type": "Point",
                "coordinates": [
                    -73.57897178581,
                    45.49526173062
                ]
            }
        },
        {
            "type": "Feature",
            "properties": {
                "highway": "elevator",
                "level": "-2;1",
                "ref": "MB-elevator-S2"
            },
            "geometry": {
                "type": "Point",
                "coordinates": [
                    -73.57910079284,
                    45.49527431183
                ]
            }
        },
        {
            "type": "Feature",
            "properties": null,
            "geometry": {
                "type": "LineString",
                "coordinates": [
                    [
                        -73.57895864255,
                        45.49538105396
                    ],
                    [
                        -73.57908820631,
                        45.49545184583
                    ]
                ]
            }
        },
        {
            "type": "Feature",
            "properties": {
                "level": "1",
                "ref": "MB-1.294"
            },
            "geometry": {
                "type": "Point",
                "coordinates": [
                    -73.57863703344,
                    45.49511139627
                ]
            }
        },
        {
            "type": "Feature",
            "properties": {
                "level": "-2",
                "ref": "MB-S2.345"
            },
            "geometry": {
                "type": "Point",
                "coordinates": [
                    -73.57901119213,
                    45.49522692523
                ]
            }
        },
        {
            "type": "Feature",
            "properties": {
                "door": "hinged"
            },
            "geometry": {
                "type": "Point",
                "coordinates": [
                    -73.57908841457,
                    45.49521515550
                ]
            }
        },
        {
            "type": "Feature",
            "properties": {
                "indoor": "room",
                "level": "-2;1",
                "ref": "MB-elevator-S2"
            },
            "geometry": {
                "type": "LineString",
                "coordinates": [
                    [
                        -73.57898078631,
                        45.49526676648
                    ],
                    [
                        -73.57900612762,
                        45.49524451193
                    ],
                    [
                        -73.57903712002,
                        45.49526185245
                    ],
                    [
                        -73.57902828441,
                        45.49526961182
                    ],
                    [
                        -73.57902584166,
                        45.49527175702
                    ],
                    [
                        -73.57901177871,
                        45.49528410700
                    ],
                    [
                        -73.57898078631,
                        45.49526676648
                    ]
                ]
            }
        },
        {
            "type": "Feature",
            "properties": {
                "highway": "footway",
                "level": "1"
            },
            "geometry": {
                "type": "LineString",
                "coordinates": [
                    [
                        -73.57914743096,
                        45.49523053687
                    ],
                    [
                        -73.57913563966,
                        45.49524096774
                    ]
                ]
            }
        },
        {
            "type": "Feature",
            "properties": {
                "indoor": "room",
                "level": "1",
                "ref": "MB-1.437"
            },
            "geometry": {
                "type": "LineString",
                "coordinates": [
                    [
                        -73.57921132150,
                        45.49518748414
                    ],
                    [
                        -73.57928861144,
                        45.49511797859
                    ],
                    [
                        -73.57942431155,
                        45.49519212366
                    ],
                    [
                        -73.57937994671,
                        45.49523201028
                    ],
                    [
                        -73.57936515829,
                        45.49524531368
                    ],
                    [
                        -73.57934702160,
                        45.49526162912
                    ],
                    [
                        -73.57932971940,
                        45.49525217202
                    ],
                    [
                        -73.57929478719,
                        45.49523308548
                    ],
                    [
                        -73.57921132150,
                        45.49518748414
                    ]
                ]
            }
        },
        {
            "type": "Feature",
            "properties": {
                "door": "hinged"
            },
            "geometry": {
                "type": "Point",
                "coordinates": [
                    -73.57938823781,
                    45.49523654043
                ]
            }
        },
        {
            "type": "Feature",
            "properties": {
                "door": "hinged"
            },
            "geometry": {
                "type": "Point",
                "coordinates": [
                    -73.57936515829,
                    45.49524531368
                ]
            }
        },
        {
            "type": "Feature",
            "properties": {
                "highway": "footway",
                "level": "1"
            },
            "geometry": {
                "type": "LineString",
                "coordinates": [
                    [
                        -73.57931177050,
                        45.49530528206
                    ],
                    [
                        -73.57930350161,
                        45.49530076246
                    ],
                    [
                        -73.57930278700,
                        45.49530037187
                    ],
                    [
                        -73.57927006239,
                        45.49528248531
                    ]
                ]
            }
        },
        {
            "type": "Feature",
            "properties": {
                "highway": "footway",
                "level": "1"
            },
            "geometry": {
                "type": "LineString",
                "coordinates": [
                    [
                        -73.57902584166,
                        45.49527175702
                    ],
                    [
                        -73.57904461560,
                        45.49528205468
                    ],
                    [
                        -73.57905629054,
                        45.49528869600
                    ]
                ]
            }
        },
        {
            "type": "Feature",
            "properties": {
                "indoor": "room",
                "level": "1",
                "ref": "MB-1.310"
            },
            "geometry": {
                "type": "LineString",
                "coordinates": [
                    [
                        -73.57902482595,
                        45.49522623134
                    ],
                    [
                        -73.57900542482,
                        45.49524367843
                    ],
                    [
                        -73.57898015873,
                        45.49526639976
                    ],
                    [
                        -73.57896914244,
                        45.49526038059
                    ],
                    [
                        -73.57896576256,
                        45.49525853386
                    ],
                    [
                        -73.57897677152,
                        45.49524863370
                    ],
                    [
                        -73.57899885955,
                        45.49521204361
                    ],
                    [
                        -73.57901381932,
                        45.49522021750
                    ],
                    [
                        -73.57902482595,
                        45.49522623134
                    ]
                ]
            }
        },
        {
            "type": "Feature",
            "properties": {
                "highway": "footway",
                "level": "-2"
            },
            "geometry": {
                "type": "LineString",
                "coordinates": [
                    [
                        -73.57910686176,
                        45.49524428474
                    ],
                    [
                        -73.57910623013,
                        45.49524378327
                    ],
                    [
                        -73.57909084436,
                        45.49523522403
                    ],
                    [
                        -73.57906760895,
                        45.49525585128
                    ]
                ]
            }
        },
        {
            "type": "Feature",
            "properties": {
                "door": "hinged"
            },
            "geometry": {
                "type": "Point",
                "coordinates": [
                    -73.57909700902,
                    45.49536866097
                ]
            }
        },
        {
            "type": "Feature",
            "properties": {
                "highway": "footway",
                "level": "1"
            },
            "geometry": {
                "type": "LineString",
                "coordinates": [
                    [
                        -73.57930540925,
                        45.49533072711
                    ],
                    [
                        -73.57929176283,
                        45.49532326828
                    ],
                    [
                        -73.57931177050,
                        45.49530528206
                    ],
                    [
                        -73.57937344201,
                        45.49524984138
                    ],
                    [
                        -73.57938466280,
                        45.49523975425
                    ],
                    [
                        -73.57938823781,
                        45.49523654043
                    ],
                    [
                        -73.57941120929,
                        45.49521588980
                    ]
                ]
            }
        },
        {
            "type": "Feature",
            "properties": {
                "highway": "footway",
                "level": "-2"
            },
            "geometry": {
                "type": "LineString",
                "coordinates": [
                    [
                        -73.57895939288,
                        45.49527267653
                    ],
                    [
                        -73.57891894584,
                        45.49530840111
                    ],
                    [
                        -73.57868683785,
                        45.49517927728
                    ],
                    [
                        -73.57872157255,
                        45.49514859803
                    ],
                    [
                        -73.57871328672,
                        45.49514398854
                    ],
                    [
                        -73.57870876938,
                        45.49514147550
                    ],
                    [
                        -73.57866237961,
                        45.49511566839
                    ]
                ]
            }
        },
        {
            "type": "Feature",
            "properties": {
                "level": "-2",
                "ref": "MB-S2.401"
            },
            "geometry": {
                "type": "Point",
                "coordinates": [
                    -73.57932947757,
                    45.49540653957
                ]
            }
        },
        {
            "type": "Feature",
            "properties": {
                "level": "1",
                "ref": "MB-1.132"
            },
            "geometry": {
                "type": "Point",
                "coordinates": [
                    -73.57921725362,
                    45.49536107655
                ]
            }
        },
        {
            "type": "Feature",
            "properties": {
                "amenity": "toilets",
                "female": "yes",
                "indoor": "room",
                "level": "-2",
                "male": "no",
                "ref": "MB-bath-W-S2"
            },
            "geometry": {
                "type": "Polygon",
                "coordinates": [
                    [
                        [
                            -73.57912020159,
                            45.49534477596
                        ],
                        [
                            -73.57917632519,
                            45.49537617756
                        ],
                        [
                            -73.57919316227,
                            45.49538559803
                        ],
                        [
                            -73.57920122429,
                            45.49537851804
                        ],
                        [
                            -73.57921431045,
                            45.49536702591
                        ],
                        [
                            -73.57919747337,
                            45.49535760543
                        ],
                        [
                            -73.57921432844,
                            45.49534280345
                        ],
                        [
                            -73.57918598602,
                            45.49532694563
                        ],
                        [
                            -73.57915820484,
                            45.49531140183
                        ],
                        [
                            -73.57912020159,
                            45.49534477596
                        ]
                    ]
                ]
            }
        },
        {
            "type": "Feature",
            "properties": {
                "level": "-2",
                "ref": "MB-S2.440"
            },
            "geometry": {
                "type": "Point",
                "coordinates": [
                    -73.57913599104,
                    45.49530136484
                ]
            }
        },
        {
            "type": "Feature",
            "properties": null,
            "geometry": {
                "type": "LineString",
                "coordinates": [
                    [
                        -73.57870028398,
                        45.49528078762
                    ],
                    [
                        -73.57858948694,
                        45.49523574094
                    ]
                ]
            }
        },
        {
            "type": "Feature",
            "properties": {
                "door": "hinged"
            },
            "geometry": {
                "type": "Point",
                "coordinates": [
                    -73.57904286264,
                    45.49521001127
                ]
            }
        },
        {
            "type": "Feature",
            "properties": {
                "indoor": "room",
                "level": "-2;1",
                "ref": "MB-elevator-S2"
            },
            "geometry": {
                "type": "LineString",
                "coordinates": [
                    [
                        -73.57904215981,
                        45.49530110549
                    ],
                    [
                        -73.57905629054,
                        45.49528869600
                    ],
                    [
                        -73.57906757597,
                        45.49527878522
                    ],
                    [
                        -73.57909456909,
                        45.49529388811
                    ],
                    [
                        -73.57906915295,
                        45.49531620837
                    ],
                    [
                        -73.57904215981,
                        45.49530110549
                    ]
                ]
            }
        },
        {
            "type": "Feature",
            "properties": {
                "door": "elevator",
                "repeat_on": "-2;1"
            },
            "geometry": {
                "type": "Point",
                "coordinates": [
                    -73.57902584166,
                    45.49527175702
                ]
            }
        },
        {
            "type": "Feature",
            "properties": {
                "door": "hinged"
            },
            "geometry": {
                "type": "Point",
                "coordinates": [
                    -73.57882658574,
                    45.49509082348
                ]
            }
        },
        {
            "type": "Feature",
            "properties": {
                "door": "hinged"
            },
            "geometry": {
                "type": "Point",
                "coordinates": [
                    -73.57915219419,
                    45.49525001609
                ]
            }
        },
        {
            "type": "Feature",
            "properties": {
                "highway": "footway",
                "level": "1"
            },
            "geometry": {
                "type": "LineString",
                "coordinates": [
                    [
                        -73.57917230351,
                        45.49536244892
                    ],
                    [
                        -73.57919024908,
                        45.49534631647
                    ],
                    [
                        -73.57919728599,
                        45.49535016269
                    ],
                    [
                        -73.57919797859,
                        45.49535054125
                    ],
                    [
                        -73.57921725362,
                        45.49536107655
                    ]
                ]
            }
        },
        {
            "type": "Feature",
            "properties": {
                "highway": "footway",
                "level": "-2"
            },
            "geometry": {
                "type": "LineString",
                "coordinates": [
                    [
                        -73.57929018548,
                        45.49531672027
                    ],
                    [
                        -73.57936930453,
                        45.49524683889
                    ],
                    [
                        -73.57931873589,
                        45.49521870708
                    ],
                    [
                        -73.57931826471,
                        45.49521844496
                    ],
                    [
                        -73.57927037281,
                        45.49519180224
                    ]
                ]
            }
        },
        {
            "type": "Feature",
            "properties": {
                "level": "-2",
                "ref": "MB-S2.455"
            },
            "geometry": {
                "type": "Point",
                "coordinates": [
                    -73.57949582077,
                    45.49525519401
                ]
            }
        },
        {
            "type": "Feature",
            "properties": {
                "highway": "footway",
                "level": "-2"
            },
            "geometry": {
                "type": "LineString",
                "coordinates": [
                    [
                        -73.57908767406,
                        45.49534404046
                    ],
                    [
                        -73.57911050444,
                        45.49535674119
                    ],
                    [
                        -73.57909700902,
                        45.49536866097
                    ],
                    [
                        -73.57909653089,
                        45.49536908327
                    ],
                    [
                        -73.57905030958,
                        45.49540990787
                    ]
                ]
            }
        },
        {
            "type": "Feature",
            "properties": {
                "addr:housenumber": "1450",
                "addr:street": "Rue Guy",
                "automatic_door": "yes",
                "door": "hinged",
                "entrance": "yes",
                "wheelchair": "yes"
            },
            "geometry": {
                "type": "Point",
                "coordinates": [
                    -73.57851169372,
                    45.49522489911
                ]
            }
        },
        {
            "type": "Feature",
            "properties": {
                "door": "hinged"
            },
            "geometry": {
                "type": "Point",
                "coordinates": [
                    -73.57871634275,
                    45.49509254445
                ]
            }
        },
        {
            "type": "Feature",
            "properties": null,
            "geometry": {
                "type": "LineString",
                "coordinates": [
                    [
                        -73.57915930510,
                        45.49548449664
                    ],
                    [
                        -73.57918287984,
                        45.49546329639
                    ],
                    [
                        -73.57915705447,
                        45.49545631183
                    ],
                    [
                        -73.57914140941,
                        45.49547038109
                    ]
                ]
            }
        },
        {
            "type": "Feature",
            "properties": {
                "level": "1",
                "ref": "MB-1.310"
            },
            "geometry": {
                "type": "Point",
                "coordinates": [
                    -73.57901043587,
                    45.49522325912
                ]
            }
        },
        {
            "type": "Feature",
            "properties": {
                "door": "hinged"
            },
            "geometry": {
                "type": "Point",
                "coordinates": [
                    -73.57901381932,
                    45.49522021750
                ]
            }
        },
        {
            "type": "Feature",
            "properties": {
                "indoor": "room",
                "level": "-2",
                "ref": "MB-S2.455"
            },
            "geometry": {
                "type": "LineString",
                "coordinates": [
                    [
                        -73.57940984868,
                        45.49527088206
                    ],
                    [
                        -73.57942101095,
                        45.49526107943
                    ],
                    [
                        -73.57946716833,
                        45.49522054436
                    ],
                    [
                        -73.57954918478,
                        45.49526643331
                    ],
                    [
                        -73.57950009587,
                        45.49530954280
                    ],
                    [
                        -73.57949186513,
                        45.49531677097
                    ],
                    [
                        -73.57942950242,
                        45.49528187847
                    ],
                    [
                        -73.57942126274,
                        45.49527726831
                    ],
                    [
                        -73.57940984868,
                        45.49527088206
                    ]
                ]
            }
        },
        {
            "type": "Feature",
            "properties": {
                "highway": "footway",
                "level": "1"
            },
            "geometry": {
                "type": "LineString",
                "coordinates": [
                    [
                        -73.57910741402,
                        45.49522557973
                    ],
                    [
                        -73.57908841457,
                        45.49521515550
                    ],
                    [
                        -73.57908793117,
                        45.49521489128
                    ],
                    [
                        -73.57906210732,
                        45.49520077650
                    ]
                ]
            }
        },
        {
            "type": "Feature",
            "properties": {
                "level": "-2",
                "ref": "MB-bath-M/W-S2"
            },
            "geometry": {
                "type": "Point",
                "coordinates": [
                    -73.57920755016,
                    45.49532726282
                ]
            }
        },
        {
            "type": "Feature",
            "properties": {
                "indoor": "room",
                "level": "1",
                "ref": "MB-1.309"
            },
            "geometry": {
                "type": "LineString",
                "coordinates": [
                    [
                        -73.57908739585,
                        45.49519858226
                    ],
                    [
                        -73.57911139921,
                        45.49517699646
                    ],
                    [
                        -73.57915621582,
                        45.49520148374
                    ],
                    [
                        -73.57913221246,
                        45.49522306953
                    ],
                    [
                        -73.57911851376,
                        45.49521558473
                    ],
                    [
                        -73.57908739585,
                        45.49519858226
                    ]
                ]
            }
        },
        {
            "type": "Feature",
            "properties": {
                "level": "1",
                "ref": "MB-1.434"
            },
            "geometry": {
                "type": "Point",
                "coordinates": [
                    -73.57933001128,
                    45.49534417404
                ]
            }
        },
        {
            "type": "Feature",
            "properties": {
                "door": "staircase"
            },
            "geometry": {
                "type": "Point",
                "coordinates": [
                    -73.57905478037,
                    45.49529389516
                ]
            }
        },
        {
            "type": "Feature",
            "properties": {
                "door": "hinged"
            },
            "geometry": {
                "type": "Point",
                "coordinates": [
                    -73.57893923152,
                    45.49528239273
                ]
            }
        },
        {
            "type": "Feature",
            "properties": {
                "highway": "footway",
                "level": "1"
            },
            "geometry": {
                "type": "LineString",
                "coordinates": [
                    [
                        -73.57932811286,
                        45.49529059081
                    ],
                    [
                        -73.57931984276,
                        45.49528607055
                    ],
                    [
                        -73.57931913167,
                        45.49528568189
                    ],
                    [
                        -73.57930971818,
                        45.49528053668
                    ]
                ]
            }
        },
        {
            "type": "Feature",
            "properties": {
                "highway": "footway",
                "level": "-2"
            },
            "geometry": {
                "type": "LineString",
                "coordinates": [
                    [
                        -73.57878178886,
                        45.49509541222
                    ],
                    [
                        -73.57880228803,
                        45.49507730640
                    ],
                    [
                        -73.57877394716,
                        45.49506154007
                    ],
                    [
                        -73.57876029540,
                        45.49505394544
                    ],
                    [
                        -73.57875504066,
                        45.49505102217
                    ],
                    [
                        -73.57871941794,
                        45.49503120485
                    ]
                ]
            }
        },
        {
            "type": "Feature",
            "properties": null,
            "geometry": {
                "type": "LineString",
                "coordinates": [
                    [
                        -73.57884551800,
                        45.49527896634
                    ],
                    [
                        -73.57886566367,
                        45.49526084971
                    ]
                ]
            }
        },
        {
            "type": "Feature",
            "properties": {
                "door": "hinged"
            },
            "geometry": {
                "type": "Point",
                "coordinates": [
                    -73.57925608130,
                    45.49536570865
                ]
            }
        },
        {
            "type": "Feature",
            "properties": {
                "highway": "elevator",
                "level": "-2;1",
                "ref": "MB-elevator-S2"
            },
            "geometry": {
                "type": "Point",
                "coordinates": [
                    -73.57903532190,
                    45.49523788969
                ]
            }
        },
        {
            "type": "Feature",
            "properties": {
                "door": "hinged"
            },
            "geometry": {
                "type": "Point",
                "coordinates": [
                    -73.57915137366,
                    45.49535100915
                ]
            }
        },
        {
            "type": "Feature",
            "properties": {
                "highway": "footway",
                "level": "1"
            },
            "geometry": {
                "type": "LineString",
                "coordinates": [
                    [
                        -73.57851169372,
                        45.49522489911
                    ],
                    [
                        -73.57854387138,
                        45.49518819955
                    ],
                    [
                        -73.57857016178,
                        45.49516456529
                    ],
                    [
                        -73.57861513733,
                        45.49518914800
                    ],
                    [
                        -73.57855638827,
                        45.49524196154
                    ],
                    [
                        -73.57858064659,
                        45.49524916028
                    ]
                ]
            }
        },
        {
            "type": "Feature",
            "properties": {
                "highway": "footway",
                "level": "-2"
            },
            "geometry": {
                "type": "LineString",
                "coordinates": [
                    [
                        -73.57863302756,
                        45.49522680493
                    ],
                    [
                        -73.57879446277,
                        45.49531661279
                    ],
                    [
                        -73.57878165079,
                        45.49532792888
                    ],
                    [
                        -73.57876429453,
                        45.49532612441
                    ]
                ]
            }
        },
        {
            "type": "Feature",
            "properties": {
                "level": "1",
                "ref": "MB-1.347"
            },
            "geometry": {
                "type": "Point",
                "coordinates": [
                    -73.57875439291,
                    45.49507979829
                ]
            }
        },
        {
            "type": "Feature",
            "properties": {
                "indoor": "room",
                "level": "-2",
                "ref": "MB-S2.435"
            },
            "geometry": {
                "type": "LineString",
                "coordinates": [
                    [
                        -73.57921341384,
                        45.49518310282
                    ],
                    [
                        -73.57922080882,
                        45.49518725187
                    ],
                    [
                        -73.57918241118,
                        45.49522097245
                    ],
                    [
                        -73.57920726593,
                        45.49523487891
                    ],
                    [
                        -73.57927705136,
                        45.49527393634
                    ],
                    [
                        -73.57931545678,
                        45.49524020827
                    ],
                    [
                        -73.57930204236,
                        45.49523269131
                    ],
                    [
                        -73.57931826471,
                        45.49521844496
                    ],
                    [
                        -73.57932859577,
                        45.49520937229
                    ],
                    [
                        -73.57934515092,
                        45.49519483367
                    ],
                    [
                        -73.57937474504,
                        45.49516884430
                    ],
                    [
                        -73.57928612739,
                        45.49511925014
                    ],
                    [
                        -73.57921341384,
                        45.49518310282
                    ]
                ]
            }
        },
        {
            "type": "Feature",
            "properties": {
                "indoor": "room",
                "level": "1",
                "ref": "MB-1.349"
            },
            "geometry": {
                "type": "LineString",
                "coordinates": [
                    [
                        -73.57875359033,
                        45.49504841693
                    ],
                    [
                        -73.57883039339,
                        45.49497934905
                    ],
                    [
                        -73.57888840752,
                        45.49501104741
                    ],
                    [
                        -73.57887167243,
                        45.49502609710
                    ],
                    [
                        -73.57881160447,
                        45.49508011526
                    ],
                    [
                        -73.57877580130,
                        45.49506055277
                    ],
                    [
                        -73.57875359033,
                        45.49504841693
                    ]
                ]
            }
        },
        {
            "type": "Feature",
            "properties": {
                "door": "hinged"
            },
            "geometry": {
                "type": "Point",
                "coordinates": [
                    -73.57911851376,
                    45.49521558473
                ]
            }
        },
        {
            "type": "Feature",
            "properties": {
                "indoor": "room",
                "level": "-2",
                "ref": "MB-S2.279"
            },
            "geometry": {
                "type": "LineString",
                "coordinates": [
                    [
                        -73.57869974475,
                        45.49503622053
                    ],
                    [
                        -73.57872327596,
                        45.49501555551
                    ],
                    [
                        -73.57877259076,
                        45.49504314770
                    ],
                    [
                        -73.57876029540,
                        45.49505394544
                    ],
                    [
                        -73.57874905955,
                        45.49506381271
                    ],
                    [
                        -73.57869974475,
                        45.49503622053
                    ]
                ]
            }
        },
        {
            "type": "Feature",
            "properties": {
                "level": "-2",
                "ref": "MB-S2.428"
            },
            "geometry": {
                "type": "Point",
                "coordinates": [
                    -73.57929800008,
                    45.49527585700
                ]
            }
        },
        {
            "type": "Feature",
            "properties": null,
            "geometry": {
                "type": "LineString",
                "coordinates": [
                    [
                        -73.57922483647,
                        45.49529598591
                    ],
                    [
                        -73.57922992055,
                        45.49529141389
                    ],
                    [
                        -73.57926485619,
                        45.49531050229
                    ],
                    [
                        -73.57925977210,
                        45.49531507431
                    ],
                    [
                        -73.57922483647,
                        45.49529598591
                    ]
                ]
            }
        },
        {
            "type": "Feature",
            "properties": {
                "door": "hinged"
            },
            "geometry": {
                "type": "Point",
                "coordinates": [
                    -73.57931826471,
                    45.49521844496
                ]
            }
        },
        {
            "type": "Feature",
            "properties": {
                "door": "hinged"
            },
            "geometry": {
                "type": "Point",
                "coordinates": [
                    -73.57937948623,
                    45.49523784598
                ]
            }
        },
        {
            "type": "Feature",
            "properties": {
                "door": "hinged"
            },
            "geometry": {
                "type": "Point",
                "coordinates": [
                    -73.57854387138,
                    45.49518819955
                ]
            }
        },
        {
            "type": "Feature",
            "properties": {
                "indoor": "room",
                "level": "-2",
                "ref": "MB-S2.245"
            },
            "geometry": {
                "type": "LineString",
                "coordinates": [
                    [
                        -73.57858230676,
                        45.49525901426
                    ],
                    [
                        -73.57862442994,
                        45.49522202199
                    ],
                    [
                        -73.57869337524,
                        45.49516147468
                    ],
                    [
                        -73.57864912511,
                        45.49513671629
                    ],
                    [
                        -73.57861014506,
                        45.49511490656
                    ],
                    [
                        -73.57848944002,
                        45.49522090897
                    ],
                    [
                        -73.57858230676,
                        45.49525901426
                    ]
                ]
            }
        },
        {
            "type": "Feature",
            "properties": {
                "highway": "footway",
                "level": "-2"
            },
            "geometry": {
                "type": "LineString",
                "coordinates": [
                    [
                        -73.57939368522,
                        45.49526912557
                    ],
                    [
                        -73.57941626196,
                        45.49528168521
                    ],
                    [
                        -73.57942450241,
                        45.49528626945
                    ],
                    [
                        -73.57942649243,
                        45.49528737652
                    ],
                    [
                        -73.57946065440,
                        45.49530638112
                    ],
                    [
                        -73.57942161837,
                        45.49534085941
                    ]
                ]
            }
        },
        {
            "type": "Feature",
            "properties": {
                "highway": "footway",
                "level": "-2"
            },
            "geometry": {
                "type": "LineString",
                "coordinates": [
                    [
                        -73.57919294753,
                        45.49540260493
                    ],
                    [
                        -73.57921287829,
                        45.49538500125
                    ],
                    [
                        -73.57920277873,
                        45.49537938279
                    ],
                    [
                        -73.57920122429,
                        45.49537851804
                    ],
                    [
                        -73.57915884637,
                        45.49535494286
                    ]
                ]
            }
        },
        {
            "type": "Feature",
            "properties": {
                "door": "staircase",
                "level": "-2;1"
            },
            "geometry": {
                "type": "Point",
                "coordinates": [
                    -73.57914743096,
                    45.49523053687
                ]
            }
        },
        {
            "type": "Feature",
            "properties": {
                "highway": "elevator",
                "level": "-2;1",
                "ref": "MB-elevator-S2"
            },
            "geometry": {
                "type": "Point",
                "coordinates": [
                    -73.57907145056,
                    45.49529712965
                ]
            }
        },
        {
            "type": "Feature",
            "properties": {
                "highway": "footway",
                "level": "1"
            },
            "geometry": {
                "type": "LineString",
                "coordinates": [
                    [
                        -73.57887167243,
                        45.49502609710
                    ],
                    [
                        -73.57883588700,
                        45.49500653746
                    ]
                ]
            }
        },
        {
            "type": "Feature",
            "properties": {
                "level": "1",
                "ref": "MB-1.301"
            },
            "geometry": {
                "type": "Point",
                "coordinates": [
                    -73.57922342955,
                    45.49524411142
                ]
            }
        },
        {
            "type": "Feature",
            "properties": {
                "indoor": "room",
                "level": "-2",
                "ref": "MB-S2.470"
            },
            "geometry": {
                "type": "LineString",
                "coordinates": [
                    [
                        -73.57928986689,
                        45.49533603844
                    ],
                    [
                        -73.57936860594,
                        45.49526689045
                    ],
                    [
                        -73.57938550851,
                        45.49527634759
                    ],
                    [
                        -73.57941622841,
                        45.49529353563
                    ],
                    [
                        -73.57933748933,
                        45.49536268361
                    ],
                    [
                        -73.57928986689,
                        45.49533603844
                    ]
                ]
            }
        },
        {
            "type": "Feature",
            "properties": {
                "indoor": "room",
                "level": "1",
                "ref": "MB-1.315"
            },
            "geometry": {
                "type": "LineString",
                "coordinates": [
                    [
                        -73.57905055273,
                        45.49517845160
                    ],
                    [
                        -73.57905630605,
                        45.49517327781
                    ],
                    [
                        -73.57907455609,
                        45.49515686579
                    ],
                    [
                        -73.57911139921,
                        45.49517699646
                    ],
                    [
                        -73.57908739585,
                        45.49519858226
                    ],
                    [
                        -73.57905055273,
                        45.49517845160
                    ]
                ]
            }
        },
        {
            "type": "Feature",
            "properties": {
                "level": "-2",
                "ref": "MB-tunnel_entrance-S2"
            },
            "geometry": {
                "type": "Point",
                "coordinates": [
                    -73.57879220295,
                    45.49536043973
                ]
            }
        },
        {
            "type": "Feature",
            "properties": {
                "door": "hinged"
            },
            "geometry": {
                "type": "Point",
                "coordinates": [
                    -73.57864207691,
                    45.49515704637
                ]
            }
        },
        {
            "type": "Feature",
            "properties": {
                "door": "staircase"
            },
            "geometry": {
                "type": "Point",
                "coordinates": [
                    -73.57910561037,
                    45.49524818469
                ]
            }
        },
        {
            "type": "Feature",
            "properties": {
                "highway": "footway",
                "level": "1"
            },
            "geometry": {
                "type": "LineString",
                "coordinates": [
                    [
                        -73.57888931948,
                        45.49503574264
                    ],
                    [
                        -73.57885110580,
                        45.49507009563
                    ],
                    [
                        -73.57884769760,
                        45.49507315951
                    ],
                    [
                        -73.57878259716,
                        45.49511609767
                    ],
                    [
                        -73.57870829954,
                        45.49515617015
                    ]
                ]
            }
        },
        {
            "type": "Feature",
            "properties": {
                "highway": "footway",
                "level": "-2"
            },
            "geometry": {
                "type": "LineString",
                "coordinates": [
                    [
                        -73.57877394716,
                        45.49506154007
                    ],
                    [
                        -73.57878610896,
                        45.49505079820
                    ],
                    [
                        -73.57878616921,
                        45.49505074498
                    ],
                    [
                        -73.57882192090,
                        45.49501916740
                    ]
                ]
            }
        },
        {
            "type": "Feature",
            "properties": {
                "level": "1",
                "ref": "MB-1.437"
            },
            "geometry": {
                "type": "Point",
                "coordinates": [
                    -73.57927157431,
                    45.49519416264
                ]
            }
        },
        {
            "type": "Feature",
            "properties": {
                "door": "hinged"
            },
            "geometry": {
                "type": "Point",
                "coordinates": [
                    -73.57937459490,
                    45.49537781199
                ]
            }
        },
        {
            "type": "Feature",
            "properties": {
                "highway": "footway",
                "level": "1"
            },
            "geometry": {
                "type": "LineString",
                "coordinates": [
                    [
                        -73.57910741402,
                        45.49522557973
                    ],
                    [
                        -73.57913563966,
                        45.49524096774
                    ],
                    [
                        -73.57915219419,
                        45.49525001609
                    ],
                    [
                        -73.57919240986,
                        45.49527199712
                    ],
                    [
                        -73.57922342955,
                        45.49524411142
                    ]
                ]
            }
        },
        {
            "type": "Feature",
            "properties": {
                "highway": "footway",
                "level": "-2"
            },
            "geometry": {
                "type": "LineString",
                "coordinates": [
                    [
                        -73.57872157255,
                        45.49514859803
                    ],
                    [
                        -73.57875848961,
                        45.49511599120
                    ],
                    [
                        -73.57871634275,
                        45.49509254445
                    ],
                    [
                        -73.57871124224,
                        45.49508970698
                    ],
                    [
                        -73.57868279440,
                        45.49507388114
                    ]
                ]
            }
        },
        {
            "type": "Feature",
            "properties": {
                "level": "-2",
                "ref": "MB-S2.015"
            },
            "geometry": {
                "type": "Point",
                "coordinates": [
                    -73.57924719745,
                    45.49549101002
                ]
            }
        },
        {
            "type": "Feature",
            "properties": {
                "indoor": "room",
                "level": "-2",
                "ref": "MB-S2.445"
            },
            "geometry": {
                "type": "LineString",
                "coordinates": [
                    [
                        -73.57932859577,
                        45.49520937229
                    ],
                    [
                        -73.57934515092,
                        45.49519483367
                    ],
                    [
                        -73.57937475317,
                        45.49516883716
                    ],
                    [
                        -73.57946716833,
                        45.49522054436
                    ],
                    [
                        -73.57942101095,
                        45.49526107943
                    ],
                    [
                        -73.57937948623,
                        45.49523784598
                    ],
                    [
                        -73.57932859577,
                        45.49520937229
                    ]
                ]
            }
        },
        {
            "type": "Feature",
            "properties": {
                "door": "staircase"
            },
            "geometry": {
                "type": "Point",
                "coordinates": [
                    -73.57871328672,
                    45.49514398854
                ]
            }
        },
        {
            "type": "Feature",
            "properties": null,
            "geometry": {
                "type": "LineString",
                "coordinates": [
                    [
                        -73.57870141556,
                        45.49507784751
                    ],
                    [
                        -73.57870726716,
                        45.49506464795
                    ],
                    [
                        -73.57871716664,
                        45.49505682617
                    ],
                    [
                        -73.57872940478,
                        45.49505301260
                    ],
                    [
                        -73.57874227242,
                        45.49505183767
                    ]
                ]
            }
        },
        {
            "type": "Feature",
            "properties": {
                "level": "1",
                "ref": "MB-1.335"
            },
            "geometry": {
                "type": "Point",
                "coordinates": [
                    -73.57913458897,
                    45.49516980208
                ]
            }
        },
        {
            "type": "Feature",
            "properties": {
                "level": "-2",
                "ref": "MB-S2.245"
            },
            "geometry": {
                "type": "Point",
                "coordinates": [
                    -73.57857347588,
                    45.49519367576
                ]
            }
        },
        {
            "type": "Feature",
            "properties": {
                "door": "hinged"
            },
            "geometry": {
                "type": "Point",
                "coordinates": [
                    -73.57934605581,
                    45.49533744002
                ]
            }
        },
        {
            "type": "Feature",
            "properties": {
                "indoor": "room",
                "level": "-2",
                "ref": "MB-S2.330"
            },
            "geometry": {
                "type": "LineString",
                "coordinates": [
                    [
                        -73.57882280134,
                        45.49507948838
                    ],
                    [
                        -73.57883299713,
                        45.49508519303
                    ],
                    [
                        -73.57882658574,
                        45.49509082348
                    ],
                    [
                        -73.57881791529,
                        45.49509843783
                    ],
                    [
                        -73.57901670978,
                        45.49520966533
                    ],
                    [
                        -73.57911173657,
                        45.49512621338
                    ],
                    [
                        -73.57890272877,
                        45.49500928274
                    ],
                    [
                        -73.57882280134,
                        45.49507948838
                    ]
                ]
            }
        },
        {
            "type": "Feature",
            "properties": {
                "amenity": "toilets",
                "female": "no",
                "indoor": "room",
                "level": "1",
                "male": "yes",
                "ref": "MB-bath-M-1"
            },
            "geometry": {
                "type": "Polygon",
                "coordinates": [
                    [
                        [
                            -73.57924629290,
                            45.49527669551
                        ],
                        [
                            -73.57928122295,
                            45.49529578397
                        ],
                        [
                            -73.57929852732,
                            45.49530523574
                        ],
                        [
                            -73.57930350161,
                            45.49530076246
                        ],
                        [
                            -73.57931307935,
                            45.49529214937
                        ],
                        [
                            -73.57929577715,
                            45.49528269566
                        ],
                        [
                            -73.57932104963,
                            45.49525996858
                        ],
                        [
                            -73.57932971940,
                            45.49525217202
                        ],
                        [
                            -73.57929478719,
                            45.49523308548
                        ],
                        [
                            -73.57924629290,
                            45.49527669551
                        ]
                    ]
                ]
            }
        },
        {
            "type": "Feature",
            "properties": {
                "door": "hinged"
            },
            "geometry": {
                "type": "Point",
                "coordinates": [
                    -73.57942450241,
                    45.49528626945
                ]
            }
        },
        {
            "type": "Feature",
            "properties": {
                "indoor": "room",
                "level": "-2",
                "ref": "MB-S2.273"
            },
            "geometry": {
                "type": "LineString",
                "coordinates": [
                    [
                        -73.57865388901,
                        45.49507649084
                    ],
                    [
                        -73.57867772195,
                        45.49505556086
                    ],
                    [
                        -73.57872703675,
                        45.49508315303
                    ],
                    [
                        -73.57871634275,
                        45.49509254445
                    ],
                    [
                        -73.57870320382,
                        45.49510408299
                    ],
                    [
                        -73.57865388901,
                        45.49507649084
                    ]
                ]
            }
        },
        {
            "type": "Feature",
            "properties": {
                "highway": "footway",
                "level": "-2;1"
            },
            "geometry": {
                "type": "LineString",
                "coordinates": [
                    [
                        -73.57905312728,
                        45.49524779499
                    ],
                    [
                        -73.57905213982,
                        45.49524724566
                    ],
                    [
                        -73.57903532190,
                        45.49523788969
                    ]
                ]
            }
        },
        {
            "type": "Feature",
            "properties": {
                "level": "-2",
                "ref": "MB-S2.435"
            },
            "geometry": {
                "type": "Point",
                "coordinates": [
                    -73.57927037281,
                    45.49519180224
                ]
            }
        },
        {
            "type": "Feature",
            "properties": null,
            "geometry": {
                "type": "LineString",
                "coordinates": [
                    [
                        -73.57897923077,
                        45.49535655224
                    ],
                    [
                        -73.57872724015,
                        45.49521556130
                    ]
                ]
            }
        },
        {
            "type": "Feature",
            "properties": {
                "door": "elevator",
                "repeat_on": "-2;1"
            },
            "geometry": {
                "type": "Point",
                "coordinates": [
                    -73.57907641288,
                    45.49522734574
                ]
            }
        },
        {
            "type": "Feature",
            "properties": {
                "level": "-2",
                "ref": "MB-S2.438"
            },
            "geometry": {
                "type": "Point",
                "coordinates": [
                    -73.57917291084,
                    45.49525192866
                ]
            }
        },
        {
            "type": "Feature",
            "properties": {
                "highway": "footway",
                "level": "1"
            },
            "geometry": {
                "type": "LineString",
                "coordinates": [
                    [
                        -73.57900349209,
                        45.49531751616
                    ],
                    [
                        -73.57894904982,
                        45.49536645792
                    ],
                    [
                        -73.57865026039,
                        45.49520834554
                    ]
                ]
            }
        },
        {
            "type": "Feature",
            "properties": {
                "level": "-2",
                "ref": "MB-stair-S2-02"
            },
            "geometry": {
                "type": "Point",
                "coordinates": [
                    -73.57866237961,
                    45.49511566839
                ]
            }
        },
        {
            "type": "Feature",
            "properties": {
                "indoor": "room",
                "level": "-2",
                "ref": "MB-S2.015"
            },
            "geometry": {
                "type": "LineString",
                "coordinates": [
                    [
                        -73.57917243721,
                        45.49550820443
                    ],
                    [
                        -73.57925400557,
                        45.49543657198
                    ],
                    [
                        -73.57927031155,
                        45.49542225224
                    ],
                    [
                        -73.57933227520,
                        45.49545692134
                    ],
                    [
                        -73.57924086542,
                        45.49553719632
                    ],
                    [
                        -73.57917243721,
                        45.49550820443
                    ]
                ]
            }
        },
        {
            "type": "Feature",
            "properties": {
                "door": "elevator",
                "repeat_on": "-2;1"
            },
            "geometry": {
                "type": "Point",
                "coordinates": [
                    -73.57908357612,
                    45.49526473401
                ]
            }
        },
        {
            "type": "Feature",
            "properties": {
                "amenity": "toilets",
                "female": "yes",
                "indoor": "room",
                "level": "1",
                "male": "no",
                "ref": "MB-bath-W-1"
            },
            "geometry": {
                "type": "Polygon",
                "coordinates": [
                    [
                        [
                            -73.57916313283,
                            45.49530727455
                        ],
                        [
                            -73.57920047083,
                            45.49532767556
                        ],
                        [
                            -73.57919606397,
                            45.49533163857
                        ],
                        [
                            -73.57922423588,
                            45.49534703134
                        ],
                        [
                            -73.57924334480,
                            45.49532984706
                        ],
                        [
                            -73.57926064701,
                            45.49533930076
                        ],
                        [
                            -73.57926411013,
                            45.49533618644
                        ],
                        [
                            -73.57927321127,
                            45.49532800197
                        ],
                        [
                            -73.57925590906,
                            45.49531854826
                        ],
                        [
                            -73.57925977210,
                            45.49531507431
                        ],
                        [
                            -73.57923160019,
                            45.49529968153
                        ],
                        [
                            -73.57919426219,
                            45.49527928051
                        ],
                        [
                            -73.57916313283,
                            45.49530727455
                        ]
                    ]
                ]
            }
        },
        {
            "type": "Feature",
            "properties": {
                "level": "1",
                "ref": "MB-1.494"
            },
            "geometry": {
                "type": "Point",
                "coordinates": [
                    -73.57941120929,
                    45.49521588980
                ]
            }
        },
        {
            "type": "Feature",
            "properties": {
                "door": "hinged"
            },
            "geometry": {
                "type": "Point",
                "coordinates": [
                    -73.57910235003,
                    45.49533316355
                ]
            }
        },
        {
            "type": "Feature",
            "properties": {
                "indoor": "room",
                "level": "-2;1",
                "ref": "MB-elevator-S2"
            },
            "geometry": {
                "type": "LineString",
                "coordinates": [
                    [
                        -73.57903026221,
                        45.49522331711
                    ],
                    [
                        -73.57905620692,
                        45.49520053264
                    ],
                    [
                        -73.57908719930,
                        45.49521787317
                    ],
                    [
                        -73.57907641288,
                        45.49522734574
                    ],
                    [
                        -73.57906125460,
                        45.49524065763
                    ],
                    [
                        -73.57903026221,
                        45.49522331711
                    ]
                ]
            }
        },
        {
            "type": "Feature",
            "properties": {
                "highway": "footway",
                "level": "1"
            },
            "geometry": {
                "type": "LineString",
                "coordinates": [
                    [
                        -73.57904026802,
                        45.49528596302
                    ],
                    [
                        -73.57904461560,
                        45.49528205468
                    ],
                    [
                        -73.57907138316,
                        45.49525799152
                    ],
                    [
                        -73.57909446206,
                        45.49523738715
                    ],
                    [
                        -73.57910741402,
                        45.49522557973
                    ]
                ]
            }
        },
        {
            "type": "Feature",
            "properties": {
                "door": "elevator",
                "repeat_on": "-2;1"
            },
            "geometry": {
                "type": "Point",
                "coordinates": [
                    -73.57905312728,
                    45.49524779499
                ]
            }
        },
        {
            "type": "Feature",
            "properties": {
                "highway": "footway",
                "level": "1"
            },
            "geometry": {
                "type": "LineString",
                "coordinates": [
                    [
                        -73.57906210732,
                        45.49520077650
                    ],
                    [
                        -73.57904552649,
                        45.49519171376
                    ],
                    [
                        -73.57902894573,
                        45.49518265106
                    ],
                    [
                        -73.57904577522,
                        45.49516752187
                    ],
                    [
                        -73.57905630605,
                        45.49517327781
                    ],
                    [
                        -73.57907051053,
                        45.49518104168
                    ]
                ]
            }
        },
        {
            "type": "Feature",
            "properties": {
                "highway": "footway",
                "level": "-2"
            },
            "geometry": {
                "type": "LineString",
                "coordinates": [
                    [
                        -73.57923502357,
                        45.49536544161
                    ],
                    [
                        -73.57921422256,
                        45.49535386984
                    ]
                ]
            }
        },
        {
            "type": "Feature",
            "properties": {
                "level": "-2",
                "ref": "MB-S2.470"
            },
            "geometry": {
                "type": "Point",
                "coordinates": [
                    -73.57934377791,
                    45.49531320586
                ]
            }
        },
        {
            "type": "Feature",
            "properties": {
                "highway": "footway",
                "level": "-2"
            },
            "geometry": {
                "type": "LineString",
                "coordinates": [
                    [
                        -73.57914241753,
                        45.49523496495
                    ],
                    [
                        -73.57915681272,
                        45.49524297313
                    ],
                    [
                        -73.57915714712,
                        45.49524315916
                    ],
                    [
                        -73.57917291084,
                        45.49525192866
                    ]
                ]
            }
        },
        {
            "type": "Feature",
            "properties": {
                "door": "hinged"
            },
            "geometry": {
                "type": "Point",
                "coordinates": [
                    -73.57927447744,
                    45.49529663321
                ]
            }
        },
        {
            "type": "Feature",
            "properties": {
                "indoor": "room",
                "level": "1",
                "ref": "MB-1.132"
            },
            "geometry": {
                "type": "LineString",
                "coordinates": [
                    [
                        -73.57919596585,
                        45.49535235126
                    ],
                    [
                        -73.57920987137,
                        45.49535994906
                    ],
                    [
                        -73.57922716906,
                        45.49536940029
                    ],
                    [
                        -73.57926064701,
                        45.49533930076
                    ],
                    [
                        -73.57924334480,
                        45.49532984706
                    ],
                    [
                        -73.57922022282,
                        45.49535064020
                    ],
                    [
                        -73.57920631730,
                        45.49534304241
                    ],
                    [
                        -73.57919797859,
                        45.49535054125
                    ],
                    [
                        -73.57919596585,
                        45.49535235126
                    ]
                ]
            }
        },
        {
            "type": "Feature",
            "properties": {
                "indoor": "room",
                "level": "-2",
                "ref": "MB-S2.345"
            },
            "geometry": {
                "type": "LineString",
                "coordinates": [
                    [
                        -73.57896301251,
                        45.49525682188
                    ],
                    [
                        -73.57899347860,
                        45.49523006679
                    ],
                    [
                        -73.57903843311,
                        45.49519058804
                    ],
                    [
                        -73.57905620692,
                        45.49520053264
                    ],
                    [
                        -73.57903026221,
                        45.49522331711
                    ],
                    [
                        -73.57900636731,
                        45.49524430144
                    ],
                    [
                        -73.57900612762,
                        45.49524451193
                    ],
                    [
                        -73.57898078631,
                        45.49526676648
                    ],
                    [
                        -73.57897178581,
                        45.49526173062
                    ],
                    [
                        -73.57896301251,
                        45.49525682188
                    ]
                ]
            }
        },
        {
            "type": "Feature",
            "properties": {
                "indoor": "room",
                "level": "1"
            },
            "geometry": {
                "type": "LineString",
                "coordinates": [
                    [
                        -73.57929577715,
                        45.49528269566
                    ],
                    [
                        -73.57931410802,
                        45.49526621105
                    ],
                    [
                        -73.57933141257,
                        45.49527566604
                    ],
                    [
                        -73.57931984276,
                        45.49528607055
                    ],
                    [
                        -73.57931308169,
                        45.49529215065
                    ],
                    [
                        -73.57929577715,
                        45.49528269566
                    ]
                ]
            }
        },
        {
            "type": "Feature",
            "properties": {
                "door": "staircase"
            },
            "geometry": {
                "type": "Point",
                "coordinates": [
                    -73.57904690956,
                    45.49525248020
                ]
            }
        },
        {
            "type": "Feature",
            "properties": {
                "highway": "footway",
                "level": "1"
            },
            "geometry": {
                "type": "LineString",
                "coordinates": [
                    [
                        -73.57929176283,
                        45.49532326828
                    ],
                    [
                        -73.57927282452,
                        45.49531291702
                    ],
                    [
                        -73.57927812411,
                        45.49530815286
                    ],
                    [
                        -73.57927149679,
                        45.49530453052
                    ],
                    [
                        -73.57927080015,
                        45.49530414974
                    ]
                ]
            }
        },
        {
            "type": "Feature",
            "properties": {
                "highway": "footway",
                "level": "-2;1"
            },
            "geometry": {
                "type": "LineString",
                "coordinates": [
                    [
                        -73.57905629054,
                        45.49528869600
                    ],
                    [
                        -73.57907145056,
                        45.49529712965
                    ]
                ]
            }
        },
        {
            "type": "Feature",
            "properties": null,
            "geometry": {
                "type": "LineString",
                "coordinates": [
                    [
                        -73.57868199765,
                        45.49529991962
                    ],
                    [
                        -73.57869864649,
                        45.49527979600
                    ],
                    [
                        -73.57878328816,
                        45.49531414188
                    ]
                ]
            }
        },
        {
            "type": "Feature",
            "properties": {
                "door": "hinged"
            },
            "geometry": {
                "type": "Point",
                "coordinates": [
                    -73.57862442994,
                    45.49522202199
                ]
            }
        },
        {
            "type": "Feature",
            "properties": {
                "highway": "footway",
                "level": "1"
            },
            "geometry": {
                "type": "LineString",
                "coordinates": [
                    [
                        -73.57920038978,
                        45.49542513602
                    ],
                    [
                        -73.57926482205,
                        45.49536721363
                    ],
                    [
                        -73.57928601689,
                        45.49534816019
                    ],
                    [
                        -73.57930540925,
                        45.49533072711
                    ],
                    [
                        -73.57931518165,
                        45.49533606849
                    ],
                    [
                        -73.57931594029,
                        45.49533648315
                    ],
                    [
                        -73.57933001128,
                        45.49534417404
                    ]
                ]
            }
        },
        {
            "type": "Feature",
            "properties": {
                "indoor": "room",
                "level": "-2",
                "ref": "MB-S2.135"
            },
            "geometry": {
                "type": "LineString",
                "coordinates": [
                    [
                        -73.57897992807,
                        45.49542664127
                    ],
                    [
                        -73.57906582088,
                        45.49535121096
                    ],
                    [
                        -73.57909700902,
                        45.49536866097
                    ],
                    [
                        -73.57912620090,
                        45.49538499411
                    ],
                    [
                        -73.57904660742,
                        45.49545489230
                    ],
                    [
                        -73.57897992807,
                        45.49542664127
                    ]
                ]
            }
        },
        {
            "type": "Feature",
            "properties": {
                "level": "-2",
                "ref": "MB-bath-W-S2"
            },
            "geometry": {
                "type": "Point",
                "coordinates": [
                    -73.57915884637,
                    45.49535494286
                ]
            }
        },
        {
            "type": "Feature",
            "properties": null,
            "geometry": {
                "type": "LineString",
                "coordinates": [
                    [
                        -73.57882894024,
                        45.49536300832
                    ],
                    [
                        -73.57885347671,
                        45.49534094316
                    ],
                    [
                        -73.57871657195,
                        45.49526614012
                    ],
                    [
                        -73.57870028398,
                        45.49528078762
                    ],
                    [
                        -73.57869728354,
                        45.49528348582
                    ],
                    [
                        -73.57878140637,
                        45.49531674648
                    ]
                ]
            }
        },
        {
            "type": "Feature",
            "properties": {
                "level": "-2",
                "ref": "MB-S2.210"
            },
            "geometry": {
                "type": "Point",
                "coordinates": [
                    -73.57885032829,
                    45.49516708200
                ]
            }
        },
        {
            "type": "Feature",
            "properties": {
                "door": "hinged"
            },
            "geometry": {
                "type": "Point",
                "coordinates": [
                    -73.57885110580,
                    45.49507009563
                ]
            }
        },
        {
            "type": "Feature",
            "properties": {
                "indoor": "room",
                "level": "-2",
                "ref": "MB-S2.312"
            },
            "geometry": {
                "type": "LineString",
                "coordinates": [
                    [
                        -73.57906739462,
                        45.49516515422
                    ],
                    [
                        -73.57908783655,
                        45.49514720224
                    ],
                    [
                        -73.57913678435,
                        45.49517458902
                    ],
                    [
                        -73.57912773753,
                        45.49518253388
                    ],
                    [
                        -73.57911634242,
                        45.49519254099
                    ],
                    [
                        -73.57906739462,
                        45.49516515422
                    ]
                ]
            }
        },
        {
            "type": "Feature",
            "properties": {
                "highway": "footway",
                "level": "-2;1"
            },
            "geometry": {
                "type": "LineString",
                "coordinates": [
                    [
                        -73.57900651767,
                        45.49526100691
                    ],
                    [
                        -73.57902584166,
                        45.49527175702
                    ]
                ]
            }
        },
        {
            "type": "Feature",
            "properties": {
                "level": "-2",
                "ref": "MB-S2.285"
            },
            "geometry": {
                "type": "Point",
                "coordinates": [
                    -73.57882192090,
                    45.49501916740
                ]
            }
        },
        {
            "type": "Feature",
            "properties": {
                "door": "hinged"
            },
            "geometry": {
                "type": "Point",
                "coordinates": [
                    -73.57878616921,
                    45.49505074498
                ]
            }
        },
        {
            "type": "Feature",
            "properties": {
                "level": "-2",
                "ref": "MB-S2.312"
            },
            "geometry": {
                "type": "Point",
                "coordinates": [
                    -73.57909926477,
                    45.49516669421
                ]
            }
        },
        {
            "type": "Feature",
            "properties": {
                "highway": "footway",
                "level": "1"
            },
            "geometry": {
                "type": "LineString",
                "coordinates": [
                    [
                        -73.57861513733,
                        45.49518914800
                    ],
                    [
                        -73.57864753074,
                        45.49516002732
                    ],
                    [
                        -73.57864207691,
                        45.49515704637
                    ],
                    [
                        -73.57860736068,
                        45.49513807118
                    ],
                    [
                        -73.57863703344,
                        45.49511139627
                    ]
                ]
            }
        },
        {
            "type": "Feature",
            "properties": {
                "highway": "footway",
                "level": "-2"
            },
            "geometry": {
                "type": "LineString",
                "coordinates": [
                    [
                        -73.57926659405,
                        45.49530359616
                    ],
                    [
                        -73.57927447744,
                        45.49529663321
                    ],
                    [
                        -73.57927571298,
                        45.49529554193
                    ],
                    [
                        -73.57929800008,
                        45.49527585700
                    ]
                ]
            }
        },
        {
            "type": "Feature",
            "properties": {
                "level": "1",
                "ref": "MB-1.134"
            },
            "geometry": {
                "type": "Point",
                "coordinates": [
                    -73.57913980013,
                    45.49534468332
                ]
            }
        },
        {
            "type": "Feature",
            "properties": {
                "highway": "footway",
                "level": "-2"
            },
            "geometry": {
                "type": "LineString",
                "coordinates": [
                    [
                        -73.57906103858,
                        45.49532922292
                    ],
                    [
                        -73.57904764545,
                        45.49534105230
                    ],
                    [
                        -73.57904705753,
                        45.49534157158
                    ],
                    [
                        -73.57899057630,
                        45.49539145817
                    ]
                ]
            }
        },
        {
            "type": "Feature",
            "properties": {
                "door": "elevator",
                "repeat_on": "-2;1"
            },
            "geometry": {
                "type": "Point",
                "coordinates": [
                    -73.57910686176,
                    45.49524428474
                ]
            }
        },
        {
            "type": "Feature",
            "properties": {
                "highway": "elevator",
                "level": "-2;1",
                "ref": "MB-elevator-S2"
            },
            "geometry": {
                "type": "Point",
                "coordinates": [
                    -73.57900651767,
                    45.49526100691
                ]
            }
        },
        {
            "type": "Feature",
            "properties": {
                "indoor": "room",
                "level": "1",
                "ref": "MB-1.134"
            },
            "geometry": {
                "type": "LineString",
                "coordinates": [
                    [
                        -73.57912224816,
                        45.49534403563
                    ],
                    [
                        -73.57915470895,
                        45.49531484427
                    ],
                    [
                        -73.57919301323,
                        45.49533577324
                    ],
                    [
                        -73.57917414963,
                        45.49535273692
                    ],
                    [
                        -73.57916673460,
                        45.49535940508
                    ],
                    [
                        -73.57916055245,
                        45.49536496459
                    ],
                    [
                        -73.57914518947,
                        45.49535657047
                    ],
                    [
                        -73.57913361308,
                        45.49535024527
                    ],
                    [
                        -73.57912224816,
                        45.49534403563
                    ]
                ]
            }
        },
        {
            "type": "Feature",
            "properties": {
                "level": "-2",
                "ref": "MB-escalator-S2"
            },
            "geometry": {
                "type": "Point",
                "coordinates": [
                    -73.57888186488,
                    45.49532875821
                ]
            }
        },
        {
            "type": "Feature",
            "properties": {
                "door": "hinged"
            },
            "geometry": {
                "type": "Point",
                "coordinates": [
                    -73.57931984276,
                    45.49528607055
                ]
            }
        },
        {
            "type": "Feature",
            "properties": {
                "indoor": "room",
                "level": "-2;1",
                "ref": "MB-elevator-S2"
            },
            "geometry": {
                "type": "LineString",
                "coordinates": [
                    [
                        -73.57900612762,
                        45.49524451193
                    ],
                    [
                        -73.57900636731,
                        45.49524430144
                    ],
                    [
                        -73.57903026221,
                        45.49522331711
                    ],
                    [
                        -73.57906125460,
                        45.49524065763
                    ],
                    [
                        -73.57905312728,
                        45.49524779499
                    ],
                    [
                        -73.57905105423,
                        45.49524961553
                    ],
                    [
                        -73.57903712002,
                        45.49526185245
                    ],
                    [
                        -73.57900612762,
                        45.49524451193
                    ]
                ]
            }
        },
        {
            "type": "Feature",
            "properties": {
                "highway": "footway",
                "level": "1"
            },
            "geometry": {
                "type": "LineString",
                "coordinates": [
                    [
                        -73.57905312728,
                        45.49524779499
                    ],
                    [
                        -73.57907138316,
                        45.49525799152
                    ],
                    [
                        -73.57908357612,
                        45.49526473401
                    ]
                ]
            }
        },
        {
            "type": "Feature",
            "properties": {
                "indoor": "room",
                "level": "1",
                "ref": "MB-1.115"
            },
            "geometry": {
                "type": "LineString",
                "coordinates": [
                    [
                        -73.57940912354,
                        45.49528886128
                    ],
                    [
                        -73.57943991777,
                        45.49530568686
                    ],
                    [
                        -73.57942427808,
                        45.49531975134
                    ],
                    [
                        -73.57940943430,
                        45.49531164088
                    ],
                    [
                        -73.57936763470,
                        45.49534923045
                    ],
                    [
                        -73.57935305556,
                        45.49534126459
                    ],
                    [
                        -73.57933591566,
                        45.49535667816
                    ],
                    [
                        -73.57937459490,
                        45.49537781199
                    ],
                    [
                        -73.57940685239,
                        45.49539543705
                    ],
                    [
                        -73.57942400253,
                        45.49538002909
                    ],
                    [
                        -73.57943471344,
                        45.49537038217
                    ],
                    [
                        -73.57944186210,
                        45.49537428810
                    ],
                    [
                        -73.57948858709,
                        45.49533227916
                    ],
                    [
                        -73.57953081801,
                        45.49529430172
                    ],
                    [
                        -73.57945135445,
                        45.49525088381
                    ],
                    [
                        -73.57940912354,
                        45.49528886128
                    ]
                ]
            }
        },
        {
            "type": "Feature",
            "properties": {
                "door": "staircase"
            },
            "geometry": {
                "type": "Point",
                "coordinates": [
                    -73.57908044880,
                    45.49527081203
                ]
            }
        },
        {
            "type": "Feature",
            "properties": {
                "highway": "footway",
                "level": "1"
            },
            "geometry": {
                "type": "LineString",
                "coordinates": [
                    [
                        -73.57937344201,
                        45.49524984138
                    ],
                    [
                        -73.57936515829,
                        45.49524531368
                    ],
                    [
                        -73.57936446081,
                        45.49524493245
                    ],
                    [
                        -73.57927157431,
                        45.49519416264
                    ]
                ]
            }
        },
        {
            "type": "Feature",
            "properties": {
                "highway": "footway",
                "level": "-2;1"
            },
            "geometry": {
                "type": "LineString",
                "coordinates": [
                    [
                        -73.57912489365,
                        45.49525431604
                    ],
                    [
                        -73.57910686176,
                        45.49524428474
                    ]
                ]
            }
        },
        {
            "type": "Feature",
            "properties": {
                "level": "1",
                "ref": "MB-bath-M-1"
            },
            "geometry": {
                "type": "Point",
                "coordinates": [
                    -73.57927006239,
                    45.49528248531
                ]
            }
        },
        {
            "type": "Feature",
            "properties": null,
            "geometry": {
                "type": "LineString",
                "coordinates": [
                    [
                        -73.57868468632,
                        45.49510123905
                    ],
                    [
                        -73.57870568926,
                        45.49508235143
                    ],
                    [
                        -73.57873985110,
                        45.49508568942
                    ],
                    [
                        -73.57878062966,
                        45.49510797039
                    ],
                    [
                        -73.57887167243,
                        45.49502609710
                    ],
                    [
                        -73.57888840752,
                        45.49501104741
                    ],
                    [
                        -73.57879272544,
                        45.49495876763
                    ],
                    [
                        -73.57877078722,
                        45.49497849637
                    ],
                    [
                        -73.57878398477,
                        45.49498570734
                    ],
                    [
                        -73.57867339786,
                        45.49508515650
                    ],
                    [
                        -73.57866075023,
                        45.49507824597
                    ],
                    [
                        -73.57865648375,
                        45.49508208275
                    ],
                    [
                        -73.57865389206,
                        45.49508441343
                    ],
                    [
                        -73.57868468632,
                        45.49510123905
                    ]
                ]
            }
        },
        {
            "type": "Feature",
            "properties": {
                "highway": "footway",
                "level": "-2"
            },
            "geometry": {
                "type": "LineString",
                "coordinates": [
                    [
                        -73.57911985337,
                        45.49520970677
                    ],
                    [
                        -73.57914177607,
                        45.49519034366
                    ],
                    [
                        -73.57912773753,
                        45.49518253388
                    ],
                    [
                        -73.57912649137,
                        45.49518184064
                    ],
                    [
                        -73.57909926477,
                        45.49516669421
                    ]
                ]
            }
        },
        {
            "type": "Feature",
            "properties": {
                "door": "hinged"
            },
            "geometry": {
                "type": "Point",
                "coordinates": [
                    -73.57904764545,
                    45.49534105230
                ]
            }
        },
        {
            "type": "Feature",
            "properties": {
                "highway": "footway",
                "level": "1"
            },
            "geometry": {
                "type": "LineString",
                "coordinates": [
                    [
                        -73.57915675965,
                        45.49540128879
                    ],
                    [
                        -73.57910576440,
                        45.49544713173
                    ],
                    [
                        -73.57909708758,
                        45.49544282247
                    ]
                ]
            }
        },
        {
            "type": "Feature",
            "properties": {
                "highway": "footway",
                "level": "-2"
            },
            "geometry": {
                "type": "LineString",
                "coordinates": [
                    [
                        -73.57924297574,
                        45.49535841792
                    ],
                    [
                        -73.57925608130,
                        45.49536570865
                    ],
                    [
                        -73.57925785848,
                        45.49536669731
                    ],
                    [
                        -73.57932947757,
                        45.49540653957
                    ]
                ]
            }
        },
        {
            "type": "Feature",
            "properties": {
                "indoor": "room",
                "level": "-2",
                "ref": "MB-S2.440"
            },
            "geometry": {
                "type": "LineString",
                "coordinates": [
                    [
                        -73.57906915295,
                        45.49531620837
                    ],
                    [
                        -73.57914457355,
                        45.49524997459
                    ],
                    [
                        -73.57919561934,
                        45.49527853516
                    ],
                    [
                        -73.57912020159,
                        45.49534477596
                    ],
                    [
                        -73.57909978244,
                        45.49533334583
                    ],
                    [
                        -73.57906915295,
                        45.49531620837
                    ]
                ]
            }
        },
        {
            "type": "Feature",
            "properties": null,
            "geometry": {
                "type": "LineString",
                "coordinates": [
                    [
                        -73.57850849003,
                        45.49519768170
                    ],
                    [
                        -73.57852842135,
                        45.49517975783
                    ],
                    [
                        -73.57854387138,
                        45.49518819955
                    ],
                    [
                        -73.57856581434,
                        45.49520018893
                    ],
                    [
                        -73.57854588298,
                        45.49521811285
                    ],
                    [
                        -73.57850849003,
                        45.49519768170
                    ]
                ]
            }
        },
        {
            "type": "Feature",
            "properties": {
                "level": "1",
                "ref": "MB-1.349"
            },
            "geometry": {
                "type": "Point",
                "coordinates": [
                    -73.57883588700,
                    45.49500653746
                ]
            }
        },
        {
            "type": "Feature",
            "properties": {
                "door": "hinged"
            },
            "geometry": {
                "type": "Point",
                "coordinates": [
                    -73.57901055703,
                    45.49519266610
                ]
            }
        },
        {
            "type": "Feature",
            "properties": {
                "indoor": "room",
                "level": "-2",
                "ref": "MB-S2.438"
            },
            "geometry": {
                "type": "LineString",
                "coordinates": [
                    [
                        -73.57914751338,
                        45.49525161944
                    ],
                    [
                        -73.57915714712,
                        45.49524315916
                    ],
                    [
                        -73.57918241118,
                        45.49522097245
                    ],
                    [
                        -73.57920726593,
                        45.49523487891
                    ],
                    [
                        -73.57917236813,
                        45.49526552590
                    ],
                    [
                        -73.57914751338,
                        45.49525161944
                    ]
                ]
            }
        },
        {
            "type": "Feature",
            "properties": {
                "amenity": "drinking_water",
                "indoor": "yes",
                "level": "-2",
                "name": "Water Fountain",
                "ref": "MB-water-S2-01"
            },
            "geometry": {
                "type": "Point",
                "coordinates": [
                    -73.57921422256,
                    45.49535386984
                ]
            }
        },
        {
            "type": "Feature",
            "properties": {
                "building": "university",
                "building:levels": "15",
                "education": "university",
                "internet_access": "yes",
                "name": "MB - John Molson School of Business",
                "ref": "MB"
            },
            "geometry": {
                "type": "Polygon",
                "coordinates": [
                    [
                        [
                            -73.57879469372,
                            45.49494819911
                        ],
                        [
                            -73.57922609372,
                            45.49518699911
                        ],
                        [
                            -73.57930589372,
                            45.49511789911
                        ],
                        [
                            -73.57937159372,
                            45.49515649911
                        ],
                        [
                            -73.57954059372,
                            45.49525759911
                        ],
                        [
                            -73.57956749372,
                            45.49527369911
                        ],
                        [
                            -73.57939899372,
                            45.49541309911
                        ],
                        [
                            -73.57922859372,
                            45.49554039911
                        ],
                        [
                            -73.57919309372,
                            45.49552479911
                        ],
                        [
                            -73.57908619372,
                            45.49547919911
                        ],
                        [
                            -73.57907959372,
                            45.49548699911
                        ],
                        [
                            -73.57891519372,
                            45.49541839911
                        ],
                        [
                            -73.57851169372,
                            45.49522489911
                        ],
                        [
                            -73.57846429372,
                            45.49520439911
                        ],
                        [
                            -73.57850249372,
                            45.49516869911
                        ],
                        [
                            -73.57872349372,
                            45.49500639911
                        ],
                        [
                            -73.57879469372,
                            45.49494819911
                        ]
                    ]
                ]
            }
        },
        {
            "type": "Feature",
            "properties": {
                "door": "hinged"
            },
            "geometry": {
                "type": "Point",
                "coordinates": [
                    -73.57876029540,
                    45.49505394544
                ]
            }
        },
        {
            "type": "Feature",
            "properties": {
                "door": "hinged"
            },
            "geometry": {
                "type": "Point",
                "coordinates": [
                    -73.57938550851,
                    45.49527634759
                ]
            }
        },
        {
            "type": "Feature",
            "properties": {
                "level": "1;-2",
                "ref": "MB-stair-S2-01"
            },
            "geometry": {
                "type": "Point",
                "coordinates": [
                    -73.57918170759,
                    45.49520026223
                ]
            }
        },
        {
            "type": "Feature",
            "properties": {
                "highway": "footway",
                "level": "1"
            },
            "geometry": {
                "type": "LineString",
                "coordinates": [
                    [
                        -73.57907579520,
                        45.49535703544
                    ],
                    [
                        -73.57909900362,
                        45.49533617186
                    ],
                    [
                        -73.57910235003,
                        45.49533316355
                    ],
                    [
                        -73.57913355110,
                        45.49530511482
                    ]
                ]
            }
        },
        {
            "type": "Feature",
            "properties": {
                "highway": "footway",
                "level": "-2"
            },
            "geometry": {
                "type": "LineString",
                "coordinates": [
                    [
                        -73.57940956868,
                        45.49521127582
                    ],
                    [
                        -73.57938186022,
                        45.49523574916
                    ],
                    [
                        -73.57937948623,
                        45.49523784598
                    ],
                    [
                        -73.57936930453,
                        45.49524683889
                    ],
                    [
                        -73.57939974507,
                        45.49526377324
                    ],
                    [
                        -73.57939368522,
                        45.49526912557
                    ],
                    [
                        -73.57938762540,
                        45.49527447787
                    ],
                    [
                        -73.57938550851,
                        45.49527634759
                    ],
                    [
                        -73.57934377791,
                        45.49531320586
                    ]
                ]
            }
        },
        {
            "type": "Feature",
            "properties": {
                "level": "-2",
                "ref": "MB-S2.465"
            },
            "geometry": {
                "type": "Point",
                "coordinates": [
                    -73.57942161837,
                    45.49534085941
                ]
            }
        },
        {
            "type": "Feature",
            "properties": {
                "highway": "footway",
                "level": "-2"
            },
            "geometry": {
                "type": "LineString",
                "coordinates": [
                    [
                        -73.57911050444,
                        45.49535674119
                    ],
                    [
                        -73.57919294753,
                        45.49540260493
                    ],
                    [
                        -73.57917926918,
                        45.49541468621
                    ],
                    [
                        -73.57917897394,
                        45.49541494698
                    ],
                    [
                        -73.57913859092,
                        45.49545061492
                    ]
                ]
            }
        },
        {
            "type": "Feature",
            "properties": {
                "door": "hinged"
            },
            "geometry": {
                "type": "Point",
                "coordinates": [
                    -73.57925231937,
                    45.49529565503
                ]
            }
        },
        {
            "type": "Feature",
            "properties": null,
            "geometry": {
                "type": "LineString",
                "coordinates": [
                    [
                        -73.57893220609,
                        45.49540482772
                    ],
                    [
                        -73.57898371748,
                        45.49535850458
                    ],
                    [
                        -73.57911328124,
                        45.49542929648
                    ]
                ]
            }
        }
    ]
}