{
    "type": "FeatureCollection",
    "generator": "JOSM",
    "features": [
        {
            "type": "Feature",
            "properties": {
                "level": "5",
                "type": "multipolygon",
                "indoor": "room",
                "ref": "LB-561"
            },
            "geometry": {
                "type": "MultiPolygon",
                "coordinates": [
                    [
                        [
                            [
                                -73.57768959060,
                                45.49690237051
                            ],
                            [
                                -73.57767383496,
                                45.49689447442
                            ],
                            [
                                -73.57766142600,
                                45.49688825551
                            ],
                            [
                                -73.57765035082,
                                45.49689921834
                            ],
                            [
                                -73.57759751773,
                                45.49695151578
                            ],
                            [
                                -73.57762392089,
                                45.49696530010
                            ],
                            [
                                -73.57759071309,
                                45.49699868419
                            ],
                            [
                                -73.57766301911,
                                45.49703540222
                            ],
                            [
                                -73.57769633859,
                                45.49700268232
                            ],
                            [
                                -73.57769829743,
                                45.49700365068
                            ],
                            [
                                -73.57766498646,
                                45.49703636223
                            ],
                            [
                                -73.57774399801,
                                45.49707589398
                            ],
                            [
                                -73.57777811494,
                                45.49704239100
                            ],
                            [
                                -73.57779760101,
                                45.49705214044
                            ],
                            [
                                -73.57785466828,
                                45.49699654483
                            ],
                            [
                                -73.57786358453,
                                45.49698785849
                            ],
                            [
                                -73.57784944451,
                                45.49698069439
                            ],
                            [
                                -73.57783800512,
                                45.49697489855
                            ],
                            [
                                -73.57782169608,
                                45.49699091550
                            ],
                            [
                                -73.57775972689,
                                45.49695991054
                            ],
                            [
                                -73.57773416941,
                                45.49694712343
                            ],
                            [
                                -73.57767446875,
                                45.49691725347
                            ],
                            [
                                -73.57768959060,
                                45.49690237051
                            ]
                        ],
                        [
                            [
                                -73.57779273648,
                                45.49702803110
                            ],
                            [
                                -73.57781153568,
                                45.49700957018
                            ],
                            [
                                -73.57765771937,
                                45.49693261133
                            ],
                            [
                                -73.57763879743,
                                45.49695101087
                            ],
                            [
                                -73.57779273648,
                                45.49702803110
                            ]
                        ]
                    ]
                ]
            }
        },
        {
            "type": "Feature",
            "properties": {
                "level": "4",
                "ref": "LB-453"
            },
            "geometry": {
                "type": "Point",
                "coordinates": [
                    -73.57780117644,
                    45.49681727902
                ]
            }
        },
        {
            "type": "Feature",
            "properties": {
                "level": "4",
                "ref": "LB-459"
            },
            "geometry": {
                "type": "Point",
                "coordinates": [
                    -73.57800917183,
                    45.49692006261
                ]
            }
        },
        {
            "type": "Feature",
            "properties": {
                "highway": "footway",
                "level": "2"
            },
            "geometry": {
                "type": "LineString",
                "coordinates": [
                    [
                        -73.57827731361,
                        45.49673118223
                    ],
                    [
                        -73.57824961770,
                        45.49671749912
                    ],
                    [
                        -73.57823425142,
                        45.49670990744
                    ]
                ]
            }
        },
        {
            "type": "Feature",
            "properties": {
                "ref": "LB-245",
                "level": "2"
            },
            "geometry": {
                "type": "Point",
                "coordinates": [
                    -73.57748231523,
                    45.49678148000
                ]
            }
        },
        {
            "type": "Feature",
            "properties": {
                "door": "hinged"
            },
            "geometry": {
                "type": "Point",
                "coordinates": [
                    -73.57833377452,
                    45.49660629393
                ]
            }
        },
        {
            "type": "Feature",
            "properties": {
                "highway": "footway",
                "level": "4"
            },
            "geometry": {
                "type": "LineString",
                "coordinates": [
                    [
                        -73.57758409186,
                        45.49693319282
                    ],
                    [
                        -73.57761091835,
                        45.49690651395
                    ],
                    [
                        -73.57762346793,
                        45.49689412521
                    ]
                ]
            }
        },
        {
            "type": "Feature",
            "properties": {
                "level": "4",
                "highway": "footway"
            },
            "geometry": {
                "type": "LineString",
                "coordinates": [
                    [
                        -73.57758771872,
                        45.49687648298
                    ],
                    [
                        -73.57758449110,
                        45.49687969207
                    ]
                ]
            }
        },
        {
            "type": "Feature",
            "properties": {
                "highway": "footway",
                "level": "3"
            },
            "geometry": {
                "type": "LineString",
                "coordinates": [
                    [
                        -73.57792427982,
                        45.49652995411
                    ],
                    [
                        -73.57793115058,
                        45.49652326641
                    ],
                    [
                        -73.57795249374,
                        45.49650249191
                    ]
                ]
            }
        },
        {
            "type": "Feature",
            "properties": {
                "level": "3",
                "ref": "LB-331"
            },
            "geometry": {
                "type": "Point",
                "coordinates": [
                    -73.57787422108,
                    45.49639318621
                ]
            }
        },
        {
            "type": "Feature",
            "properties": {
                "ref": "LB-259",
                "indoor": "room",
                "level": "2"
            },
            "geometry": {
                "type": "Polygon",
                "coordinates": [
                    [
                        [
                            -73.57801041575,
                            45.49689032804
                        ],
                        [
                            -73.57797570213,
                            45.49692485844
                        ],
                        [
                            -73.57801148805,
                            45.49694253434
                        ],
                        [
                            -73.57804620166,
                            45.49690800395
                        ],
                        [
                            -73.57802673894,
                            45.49689839064
                        ],
                        [
                            -73.57801041575,
                            45.49689032804
                        ]
                    ]
                ]
            }
        },
        {
            "type": "Feature",
            "properties": {
                "highway": "footway",
                "level": "2"
            },
            "geometry": {
                "type": "LineString",
                "coordinates": [
                    [
                        -73.57795288807,
                        45.49705382272
                    ],
                    [
                        -73.57796646381,
                        45.49706052975
                    ],
                    [
                        -73.57803259141,
                        45.49709319979
                    ],
                    [
                        -73.57817303392,
                        45.49695353034
                    ],
                    [
                        -73.57810726594,
                        45.49692080731
                    ],
                    [
                        -73.57809351787,
                        45.49691396692
                    ]
                ]
            }
        },
        {
            "type": "Feature",
            "properties": {
                "highway": "footway",
                "level": "2"
            },
            "geometry": {
                "type": "LineString",
                "coordinates": [
                    [
                        -73.57814949899,
                        45.49685829381
                    ],
                    [
                        -73.57816399453,
                        45.49686545528
                    ],
                    [
                        -73.57819004653,
                        45.49687832618
                    ]
                ]
            }
        },
        {
            "type": "Feature",
            "properties": {
                "highway": "footway",
                "level": "5"
            },
            "geometry": {
                "type": "LineString",
                "coordinates": [
                    [
                        -73.57800982998,
                        45.49658634035
                    ],
                    [
                        -73.57801357516,
                        45.49658266253
                    ]
                ]
            }
        },
        {
            "type": "Feature",
            "properties": {
                "door": "hinged"
            },
            "geometry": {
                "type": "Point",
                "coordinates": [
                    -73.57800666200,
                    45.49645089843
                ]
            }
        },
        {
            "type": "Feature",
            "properties": {
                "level": "4",
                "ref": "LB-453",
                "indoor": "room"
            },
            "geometry": {
                "type": "Polygon",
                "coordinates": [
                    [
                        [
                            -73.57784295928,
                            45.49681092367
                        ],
                        [
                            -73.57780531565,
                            45.49684835141
                        ],
                        [
                            -73.57775340307,
                            45.49682269812
                        ],
                        [
                            -73.57779114334,
                            45.49678536940
                        ],
                        [
                            -73.57781930260,
                            45.49679925681
                        ],
                        [
                            -73.57784295928,
                            45.49681092367
                        ]
                    ]
                ]
            }
        },
        {
            "type": "Feature",
            "properties": {
                "highway": "footway",
                "level": "5"
            },
            "geometry": {
                "type": "LineString",
                "coordinates": [
                    [
                        -73.57783904794,
                        45.49705472208
                    ],
                    [
                        -73.57786295965,
                        45.49703094200
                    ],
                    [
                        -73.57787101621,
                        45.49702251921
                    ],
                    [
                        -73.57790777944,
                        45.49704063807
                    ],
                    [
                        -73.57796419636,
                        45.49698731972
                    ],
                    [
                        -73.57797367941,
                        45.49697835751
                    ]
                ]
            }
        },
        {
            "type": "Feature",
            "properties": {
                "highway": "footway",
                "level": "3"
            },
            "geometry": {
                "type": "LineString",
                "coordinates": [
                    [
                        -73.57839209817,
                        45.49662636724
                    ],
                    [
                        -73.57829671465,
                        45.49671918379
                    ],
                    [
                        -73.57819453316,
                        45.49681861508
                    ]
                ]
            }
        },
        {
            "type": "Feature",
            "properties": {
                "level": "5",
                "ref": "LB-561"
            },
            "geometry": {
                "type": "Point",
                "coordinates": [
                    -73.57769990530,
                    45.49702405107
                ]
            }
        },
        {
            "type": "Feature",
            "properties": {
                "highway": "footway",
                "level": "2"
            },
            "geometry": {
                "type": "LineString",
                "coordinates": [
                    [
                        -73.57804804322,
                        45.49671617271
                    ],
                    [
                        -73.57802073272,
                        45.49674333302
                    ],
                    [
                        -73.57802616642,
                        45.49674601752
                    ],
                    [
                        -73.57804153307,
                        45.49675360938
                    ],
                    [
                        -73.57804574763,
                        45.49674941800
                    ]
                ]
            }
        },
        {
            "type": "Feature",
            "properties": {
                "door": "hinged"
            },
            "geometry": {
                "type": "Point",
                "coordinates": [
                    -73.57753247735,
                    45.49685855638
                ]
            }
        },
        {
            "type": "Feature",
            "properties": {
                "door": "hinged"
            },
            "geometry": {
                "type": "Point",
                "coordinates": [
                    -73.57792132442,
                    45.49705068318
                ]
            }
        },
        {
            "type": "Feature",
            "properties": {
                "level": "5",
                "indoor": "room",
                "amenity": "toilets",
                "ref": "LB-bath-W-5-02"
            },
            "geometry": {
                "type": "Polygon",
                "coordinates": [
                    [
                        [
                            -73.57794029247,
                            45.49656288020
                        ],
                        [
                            -73.57793099380,
                            45.49655814341
                        ],
                        [
                            -73.57789466439,
                            45.49653963700
                        ],
                        [
                            -73.57785842146,
                            45.49657529032
                        ],
                        [
                            -73.57790447170,
                            45.49659888433
                        ],
                        [
                            -73.57794029247,
                            45.49656288020
                        ]
                    ]
                ]
            }
        },
        {
            "type": "Feature",
            "properties": {
                "door": "hinged"
            },
            "geometry": {
                "type": "Point",
                "coordinates": [
                    -73.57811940704,
                    45.49692411453
                ]
            }
        },
        {
            "type": "Feature",
            "properties": {
                "level": "1;2",
                "ref": "LB-stair-2-08"
            },
            "geometry": {
                "type": "Point",
                "coordinates": [
                    -73.57809215022,
                    45.49661245602
                ]
            }
        },
        {
            "type": "Feature",
            "properties": {
                "stairs": "yes",
                "level": "1;2",
                "ref": "LB-stair-08",
                "indoor": "area"
            },
            "geometry": {
                "type": "Polygon",
                "coordinates": [
                    [
                        [
                            -73.57814966235,
                            45.49658275800
                        ],
                        [
                            -73.57813045966,
                            45.49657327432
                        ],
                        [
                            -73.57810616098,
                            45.49656127386
                        ],
                        [
                            -73.57803238607,
                            45.49663467048
                        ],
                        [
                            -73.57805652426,
                            45.49664659166
                        ],
                        [
                            -73.57807588653,
                            45.49665615415
                        ],
                        [
                            -73.57814966235,
                            45.49658275800
                        ]
                    ]
                ]
            }
        },
        {
            "type": "Feature",
            "properties": {
                "level": "5"
            },
            "geometry": {
                "type": "Point",
                "coordinates": [
                    -73.57816437286,
                    45.49675067027
                ]
            }
        },
        {
            "type": "Feature",
            "properties": {
                "highway": "footway",
                "level": "5"
            },
            "geometry": {
                "type": "LineString",
                "coordinates": [
                    [
                        -73.57804911001,
                        45.49674498237
                    ],
                    [
                        -73.57806907822,
                        45.49672537327
                    ],
                    [
                        -73.57808452058,
                        45.49671020871
                    ],
                    [
                        -73.57806454719,
                        45.49670021539
                    ]
                ]
            }
        },
        {
            "type": "Feature",
            "properties": {
                "door": "hinged"
            },
            "geometry": {
                "type": "Point",
                "coordinates": [
                    -73.57803113940,
                    45.49689822106
                ]
            }
        },
        {
            "type": "Feature",
            "properties": {
                "level": "4",
                "highway": "footway"
            },
            "geometry": {
                "type": "LineString",
                "coordinates": [
                    [
                        -73.57769139151,
                        45.49700575151
                    ],
                    [
                        -73.57767231459,
                        45.49702471897
                    ]
                ]
            }
        },
        {
            "type": "Feature",
            "properties": {
                "ref": "LB-204",
                "level": "2"
            },
            "geometry": {
                "type": "Point",
                "coordinates": [
                    -73.57782273529,
                    45.49688041677
                ]
            }
        },
        {
            "type": "Feature",
            "properties": {
                "indoor": "room",
                "level": "2"
            },
            "geometry": {
                "type": "Polygon",
                "coordinates": [
                    [
                        [
                            -73.57787858179,
                            45.49662084578
                        ],
                        [
                            -73.57790051685,
                            45.49659910118
                        ],
                        [
                            -73.57786448150,
                            45.49658123140
                        ],
                        [
                            -73.57784254643,
                            45.49660297601
                        ],
                        [
                            -73.57787858179,
                            45.49662084578
                        ]
                    ]
                ]
            }
        },
        {
            "type": "Feature",
            "properties": {
                "door": "hinged"
            },
            "geometry": {
                "type": "Point",
                "coordinates": [
                    -73.57811574974,
                    45.49691805901
                ]
            }
        },
        {
            "type": "Feature",
            "properties": {
                "ref": "LB-522",
                "level": "5"
            },
            "geometry": {
                "type": "Point",
                "coordinates": [
                    -73.57798461127,
                    45.49666129534
                ]
            }
        },
        {
            "type": "Feature",
            "properties": {
                "addr:housenumber": "1455",
                "addr:street": "Boulevard De Maisonneuve Ouest",
                "automatic_door": "yes",
                "door": "hinged",
                "entrance": "yes",
                "wheelchair": "yes"
            },
            "geometry": {
                "type": "Point",
                "coordinates": [
                    -73.57739300000,
                    45.49694570000
                ]
            }
        },
        {
            "type": "Feature",
            "properties": {
                "highway": "footway",
                "level": "5"
            },
            "geometry": {
                "type": "LineString",
                "coordinates": [
                    [
                        -73.57775184238,
                        45.49696765317
                    ],
                    [
                        -73.57775972689,
                        45.49695991054
                    ],
                    [
                        -73.57777975000,
                        45.49694024771
                    ],
                    [
                        -73.57780310709,
                        45.49695193396
                    ]
                ]
            }
        },
        {
            "type": "Feature",
            "properties": {
                "highway": "footway",
                "level": "5"
            },
            "geometry": {
                "type": "LineString",
                "coordinates": [
                    [
                        -73.57801357516,
                        45.49658266253
                    ],
                    [
                        -73.57803400825,
                        45.49659288588
                    ],
                    [
                        -73.57808606892,
                        45.49661893354
                    ],
                    [
                        -73.57806429142,
                        45.49664031931
                    ],
                    [
                        -73.57814548438,
                        45.49668094277
                    ],
                    [
                        -73.57825990423,
                        45.49673819067
                    ],
                    [
                        -73.57829799139,
                        45.49670078868
                    ]
                ]
            }
        },
        {
            "type": "Feature",
            "properties": {
                "door": "hinged"
            },
            "geometry": {
                "type": "Point",
                "coordinates": [
                    -73.57787875683,
                    45.49691728632
                ]
            }
        },
        {
            "type": "Feature",
            "properties": {
                "level": "4",
                "indoor": "room",
                "amenity": "toilets",
                "male": "no",
                "female": "yes",
                "ref": "LB-bath-W-4-01"
            },
            "geometry": {
                "type": "Polygon",
                "coordinates": [
                    [
                        [
                            -73.57758198412,
                            45.49688139068
                        ],
                        [
                            -73.57754125195,
                            45.49686105913
                        ],
                        [
                            -73.57751924089,
                            45.49685007227
                        ],
                        [
                            -73.57745536734,
                            45.49691302081
                        ],
                        [
                            -73.57751845944,
                            45.49694419856
                        ],
                        [
                            -73.57758198412,
                            45.49688139068
                        ]
                    ]
                ]
            }
        },
        {
            "type": "Feature",
            "properties": {
                "door": "hinged"
            },
            "geometry": {
                "type": "Point",
                "coordinates": [
                    -73.57824961770,
                    45.49671749912
                ]
            }
        },
        {
            "type": "Feature",
            "properties": {
                "highway": "footway",
                "level": "3"
            },
            "geometry": {
                "type": "LineString",
                "coordinates": [
                    [
                        -73.57824803944,
                        45.49669461342
                    ],
                    [
                        -73.57825574293,
                        45.49668711519
                    ],
                    [
                        -73.57827432965,
                        45.49666902373
                    ]
                ]
            }
        },
        {
            "type": "Feature",
            "properties": {
                "door": "hinged"
            },
            "geometry": {
                "type": "Point",
                "coordinates": [
                    -73.57770055540,
                    45.49649466195
                ]
            }
        },
        {
            "type": "Feature",
            "properties": {
                "door": "hinged"
            },
            "geometry": {
                "type": "Point",
                "coordinates": [
                    -73.57784087497,
                    45.49653661021
                ]
            }
        },
        {
            "type": "Feature",
            "properties": null,
            "geometry": {
                "type": "LineString",
                "coordinates": [
                    [
                        -73.57779536141,
                        45.49702189094
                    ],
                    [
                        -73.57777562132,
                        45.49704071999
                    ],
                    [
                        -73.57761346085,
                        45.49695942002
                    ],
                    [
                        -73.57763331628,
                        45.49694009375
                    ],
                    [
                        -73.57779536141,
                        45.49702189094
                    ]
                ]
            }
        },
        {
            "type": "Feature",
            "properties": {
                "level": "5",
                "ref": "LB-564",
                "indoor": "room"
            },
            "geometry": {
                "type": "Polygon",
                "coordinates": [
                    [
                        [
                            -73.57774816276,
                            45.49695215547
                        ],
                        [
                            -73.57778905863,
                            45.49691162781
                        ],
                        [
                            -73.57771785064,
                            45.49687600030
                        ],
                        [
                            -73.57767677079,
                            45.49691634102
                        ],
                        [
                            -73.57774816276,
                            45.49695215547
                        ]
                    ]
                ]
            }
        },
        {
            "type": "Feature",
            "properties": {
                "level": "4",
                "ref": "LB-water-4-02",
                "amenity": "drinking_water",
                "name": "Water Fountain",
                "indoor": "yes"
            },
            "geometry": {
                "type": "Point",
                "coordinates": [
                    -73.57758449110,
                    45.49687969207
                ]
            }
        },
        {
            "type": "Feature",
            "properties": {
                "door": "hinged"
            },
            "geometry": {
                "type": "Point",
                "coordinates": [
                    -73.57796646381,
                    45.49706052975
                ]
            }
        },
        {
            "type": "Feature",
            "properties": {
                "door": "hinged"
            },
            "geometry": {
                "type": "Point",
                "coordinates": [
                    -73.57793621378,
                    45.49697259545
                ]
            }
        },
        {
            "type": "Feature",
            "properties": {
                "highway": "footway",
                "level": "5"
            },
            "geometry": {
                "type": "LineString",
                "coordinates": [
                    [
                        -73.57789295373,
                        45.49693796806
                    ],
                    [
                        -73.57784944451,
                        45.49698069439
                    ],
                    [
                        -73.57784043043,
                        45.49698954627
                    ],
                    [
                        -73.57782529878,
                        45.49700440563
                    ],
                    [
                        -73.57775184238,
                        45.49696765317
                    ],
                    [
                        -73.57772628495,
                        45.49695486603
                    ],
                    [
                        -73.57765079751,
                        45.49691709736
                    ],
                    [
                        -73.57766270811,
                        45.49690540106
                    ],
                    [
                        -73.57767383496,
                        45.49689447442
                    ],
                    [
                        -73.57771845231,
                        45.49685065972
                    ]
                ]
            }
        },
        {
            "type": "Feature",
            "properties": {
                "highway": "footway",
                "level": "3"
            },
            "geometry": {
                "type": "LineString",
                "coordinates": [
                    [
                        -73.57824068421,
                        45.49660148287
                    ],
                    [
                        -73.57823194713,
                        45.49659699279
                    ],
                    [
                        -73.57819479620,
                        45.49663286777
                    ],
                    [
                        -73.57817165115,
                        45.49665574114
                    ]
                ]
            }
        },
        {
            "type": "Feature",
            "properties": {
                "door": "hinged"
            },
            "geometry": {
                "type": "Point",
                "coordinates": [
                    -73.57773416941,
                    45.49694712343
                ]
            }
        },
        {
            "type": "Feature",
            "properties": {
                "door": "hinged"
            },
            "geometry": {
                "type": "Point",
                "coordinates": [
                    -73.57760435786,
                    45.49696808386
                ]
            }
        },
        {
            "type": "Feature",
            "properties": {
                "highway": "footway",
                "level": "3"
            },
            "geometry": {
                "type": "LineString",
                "coordinates": [
                    [
                        -73.57772103791,
                        45.49696993893
                    ],
                    [
                        -73.57781150263,
                        45.49701560366
                    ],
                    [
                        -73.57782017638,
                        45.49701998199
                    ]
                ]
            }
        },
        {
            "type": "Feature",
            "properties": {
                "ref": "LB-285",
                "level": "2"
            },
            "geometry": {
                "type": "Point",
                "coordinates": [
                    -73.57803259141,
                    45.49709319979
                ]
            }
        },
        {
            "type": "Feature",
            "properties": {
                "stairs": "yes",
                "ref": "LB-stair-02",
                "level": "2;3;4;5",
                "indoor": "area"
            },
            "geometry": {
                "type": "Polygon",
                "coordinates": [
                    [
                        [
                            -73.57813772599,
                            45.49689137490
                        ],
                        [
                            -73.57818790881,
                            45.49691639524
                        ],
                        [
                            -73.57823560534,
                            45.49686933225
                        ],
                        [
                            -73.57818542252,
                            45.49684431189
                        ],
                        [
                            -73.57816399453,
                            45.49686545528
                        ],
                        [
                            -73.57813772599,
                            45.49689137490
                        ]
                    ]
                ]
            }
        },
        {
            "type": "Feature",
            "properties": {
                "door": "hinged"
            },
            "geometry": {
                "type": "Point",
                "coordinates": [
                    -73.57802616642,
                    45.49674601752
                ]
            }
        },
        {
            "type": "Feature",
            "properties": {
                "highway": "footway",
                "level": "3"
            },
            "geometry": {
                "type": "LineString",
                "coordinates": [
                    [
                        -73.57794709055,
                        45.49654146859
                    ],
                    [
                        -73.57793889211,
                        45.49654944859
                    ],
                    [
                        -73.57791512457,
                        45.49657258287
                    ]
                ]
            }
        },
        {
            "type": "Feature",
            "properties": {
                "highway": "footway",
                "level": "5"
            },
            "geometry": {
                "type": "LineString",
                "coordinates": [
                    [
                        -73.57779458644,
                        45.49661708004
                    ],
                    [
                        -73.57780484652,
                        45.49660700450
                    ],
                    [
                        -73.57777163446,
                        45.49659038742
                    ],
                    [
                        -73.57773917582,
                        45.49657414729
                    ],
                    [
                        -73.57782496151,
                        45.49648990457
                    ]
                ]
            }
        },
        {
            "type": "Feature",
            "properties": {
                "access": "emergency",
                "level": "2;3;4;5",
                "highway": "steps",
                "ref": "LB-stair-2-07"
            },
            "geometry": {
                "type": "Point",
                "coordinates": [
                    -73.57758409186,
                    45.49693319282
                ]
            }
        },
        {
            "type": "Feature",
            "properties": {
                "highway": "footway",
                "level": "3"
            },
            "geometry": {
                "type": "LineString",
                "coordinates": [
                    [
                        -73.57770034229,
                        45.49663860611
                    ],
                    [
                        -73.57772556486,
                        45.49665106729
                    ],
                    [
                        -73.57773826224,
                        45.49665724826
                    ]
                ]
            }
        },
        {
            "type": "Feature",
            "properties": {
                "door": "hinged"
            },
            "geometry": {
                "type": "Point",
                "coordinates": [
                    -73.57766290287,
                    45.49671348916
                ]
            }
        },
        {
            "type": "Feature",
            "properties": {
                "ref": "LB-314",
                "level": "3"
            },
            "geometry": {
                "type": "Point",
                "coordinates": [
                    -73.57803009075,
                    45.49665045072
                ]
            }
        },
        {
            "type": "Feature",
            "properties": {
                "highway": "footway",
                "level": "2"
            },
            "geometry": {
                "type": "LineString",
                "coordinates": [
                    [
                        -73.57784450292,
                        45.49700027233
                    ],
                    [
                        -73.57780970798,
                        45.49703487575
                    ],
                    [
                        -73.57778376160,
                        45.49706067929
                    ],
                    [
                        -73.57775719966,
                        45.49704752709
                    ],
                    [
                        -73.57773058254,
                        45.49703442910
                    ],
                    [
                        -73.57770398394,
                        45.49702131287
                    ],
                    [
                        -73.57767747754,
                        45.49700810596
                    ]
                ]
            }
        },
        {
            "type": "Feature",
            "properties": {
                "door": "hinged"
            },
            "geometry": {
                "type": "Point",
                "coordinates": [
                    -73.57776106714,
                    45.49676708153
                ]
            }
        },
        {
            "type": "Feature",
            "properties": {
                "level": "3",
                "indoor": "room",
                "ref": "LB-362"
            },
            "geometry": {
                "type": "Polygon",
                "coordinates": [
                    [
                        [
                            -73.57762773593,
                            45.49693510354
                        ],
                        [
                            -73.57780320751,
                            45.49702367800
                        ],
                        [
                            -73.57781150263,
                            45.49701560366
                        ],
                        [
                            -73.57781937819,
                            45.49700793771
                        ],
                        [
                            -73.57779079727,
                            45.49699351065
                        ],
                        [
                            -73.57782387536,
                            45.49696131413
                        ],
                        [
                            -73.57776467249,
                            45.49693142972
                        ],
                        [
                            -73.57770547100,
                            45.49690154599
                        ],
                        [
                            -73.57767239291,
                            45.49693374253
                        ],
                        [
                            -73.57764396184,
                            45.49691932363
                        ],
                        [
                            -73.57763603592,
                            45.49692703169
                        ],
                        [
                            -73.57762773593,
                            45.49693510354
                        ]
                    ]
                ]
            }
        },
        {
            "type": "Feature",
            "properties": {
                "highway": "footway",
                "level": "2"
            },
            "geometry": {
                "type": "LineString",
                "coordinates": [
                    [
                        -73.57832000302,
                        45.49659121095
                    ],
                    [
                        -73.57830798091,
                        45.49658527144
                    ],
                    [
                        -73.57828503750,
                        45.49657393627
                    ],
                    [
                        -73.57829949331,
                        45.49655955991
                    ]
                ]
            }
        },
        {
            "type": "Feature",
            "properties": {
                "level": "5",
                "indoor": "room"
            },
            "geometry": {
                "type": "Polygon",
                "coordinates": [
                    [
                        [
                            -73.57767209543,
                            45.49684044298
                        ],
                        [
                            -73.57764804847,
                            45.49686429752
                        ],
                        [
                            -73.57767161754,
                            45.49687612146
                        ],
                        [
                            -73.57769593970,
                            45.49685228196
                        ],
                        [
                            -73.57767209543,
                            45.49684044298
                        ]
                    ]
                ]
            }
        },
        {
            "type": "Feature",
            "properties": {
                "level": "5",
                "ref": "LB-bath-W-5-01"
            },
            "geometry": {
                "type": "Point",
                "coordinates": [
                    -73.57762444500,
                    45.49685842496
                ]
            }
        },
        {
            "type": "Feature",
            "properties": {
                "door": "hinged"
            },
            "geometry": {
                "type": "Point",
                "coordinates": [
                    -73.57756468170,
                    45.49688370428
                ]
            }
        },
        {
            "type": "Feature",
            "properties": {
                "door": "hinged"
            },
            "geometry": {
                "type": "Point",
                "coordinates": [
                    -73.57791961642,
                    45.49705388947
                ]
            }
        },
        {
            "type": "Feature",
            "properties": {
                "level": "4",
                "indoor": "room",
                "ref": "LB-451"
            },
            "geometry": {
                "type": "Polygon",
                "coordinates": [
                    [
                        [
                            -73.57775019542,
                            45.49676524182
                        ],
                        [
                            -73.57771255179,
                            45.49680266959
                        ],
                        [
                            -73.57766063921,
                            45.49677701629
                        ],
                        [
                            -73.57769837948,
                            45.49673968753
                        ],
                        [
                            -73.57772210486,
                            45.49675138828
                        ],
                        [
                            -73.57775019542,
                            45.49676524182
                        ]
                    ]
                ]
            }
        },
        {
            "type": "Feature",
            "properties": {
                "highway": "footway",
                "level": "2"
            },
            "geometry": {
                "type": "LineString",
                "coordinates": [
                    [
                        -73.57826059077,
                        45.49667907533
                    ],
                    [
                        -73.57826961953,
                        45.49667009621
                    ],
                    [
                        -73.57830328669,
                        45.49663661416
                    ],
                    [
                        -73.57833822492,
                        45.49665387534
                    ]
                ]
            }
        },
        {
            "type": "Feature",
            "properties": {
                "ref": "LB-stair-2-03",
                "access": "emergency",
                "level": "2;3;4;5",
                "highway": "steps"
            },
            "geometry": {
                "type": "Point",
                "coordinates": [
                    -73.57766590429,
                    45.49647274408
                ]
            }
        },
        {
            "type": "Feature",
            "properties": {
                "level": "3",
                "ref": "LB-327"
            },
            "geometry": {
                "type": "Point",
                "coordinates": [
                    -73.57795249374,
                    45.49650249191
                ]
            }
        },
        {
            "type": "Feature",
            "properties": {
                "highway": "footway",
                "level": "2"
            },
            "geometry": {
                "type": "LineString",
                "coordinates": [
                    [
                        -73.57815546106,
                        45.49654770373
                    ],
                    [
                        -73.57819687158,
                        45.49656816257
                    ],
                    [
                        -73.57814362028,
                        45.49662112115
                    ],
                    [
                        -73.57809131134,
                        45.49667314251
                    ],
                    [
                        -73.57804804322,
                        45.49671617271
                    ],
                    [
                        -73.57796543151,
                        45.49667563882
                    ],
                    [
                        -73.57802361389,
                        45.49661775928
                    ],
                    [
                        -73.57806120075,
                        45.49658036811
                    ],
                    [
                        -73.57811441786,
                        45.49652742637
                    ],
                    [
                        -73.57815546106,
                        45.49654770373
                    ],
                    [
                        -73.57813045966,
                        45.49657327432
                    ],
                    [
                        -73.57809215022,
                        45.49661245602
                    ]
                ]
            }
        },
        {
            "type": "Feature",
            "properties": {
                "door": "hinged"
            },
            "geometry": {
                "type": "Point",
                "coordinates": [
                    -73.57764658850,
                    45.49652256641
                ]
            }
        },
        {
            "type": "Feature",
            "properties": {
                "level": "3",
                "indoor": "room"
            },
            "geometry": {
                "type": "Polygon",
                "coordinates": [
                    [
                        [
                            -73.57747236446,
                            45.49687949315
                        ],
                        [
                            -73.57744452270,
                            45.49690669814
                        ],
                        [
                            -73.57741583901,
                            45.49689161733
                        ],
                        [
                            -73.57744311499,
                            45.49686481913
                        ],
                        [
                            -73.57747236446,
                            45.49687949315
                        ]
                    ]
                ]
            }
        },
        {
            "type": "Feature",
            "properties": {
                "door": "hinged"
            },
            "geometry": {
                "type": "Point",
                "coordinates": [
                    -73.57774063860,
                    45.49641678925
                ]
            }
        },
        {
            "type": "Feature",
            "properties": {
                "highway": "footway",
                "level": "3"
            },
            "geometry": {
                "type": "LineString",
                "coordinates": [
                    [
                        -73.57839209817,
                        45.49662636724
                    ],
                    [
                        -73.57834302300,
                        45.49660159494
                    ],
                    [
                        -73.57801957891,
                        45.49643832565
                    ],
                    [
                        -73.57797831060,
                        45.49641749405
                    ],
                    [
                        -73.57788377711,
                        45.49650950900
                    ],
                    [
                        -73.57792427982,
                        45.49652995411
                    ],
                    [
                        -73.57794709055,
                        45.49654146859
                    ],
                    [
                        -73.57796692214,
                        45.49655147925
                    ],
                    [
                        -73.57798446343,
                        45.49656033380
                    ],
                    [
                        -73.57801040399,
                        45.49657342816
                    ],
                    [
                        -73.57800140502,
                        45.49658218729
                    ],
                    [
                        -73.57790740811,
                        45.49667367963
                    ],
                    [
                        -73.57806357998,
                        45.49675251237
                    ],
                    [
                        -73.57819453316,
                        45.49681861508
                    ],
                    [
                        -73.57815228182,
                        45.49685971180
                    ],
                    [
                        -73.57809745955,
                        45.49691303587
                    ]
                ]
            }
        },
        {
            "type": "Feature",
            "properties": {
                "highway": "footway",
                "level": "4"
            },
            "geometry": {
                "type": "LineString",
                "coordinates": [
                    [
                        -73.57766590429,
                        45.49647274408
                    ],
                    [
                        -73.57767552004,
                        45.49647747420
                    ],
                    [
                        -73.57770290972,
                        45.49645110308
                    ],
                    [
                        -73.57771975081,
                        45.49643506221
                    ],
                    [
                        -73.57779815654,
                        45.49647483066
                    ],
                    [
                        -73.57769973367,
                        45.49657268959
                    ],
                    [
                        -73.57778760911,
                        45.49661611458
                    ],
                    [
                        -73.57779594651,
                        45.49662023463
                    ],
                    [
                        -73.57787911017,
                        45.49666133119
                    ],
                    [
                        -73.57791517017,
                        45.49667915077
                    ],
                    [
                        -73.57806504107,
                        45.49675321160
                    ],
                    [
                        -73.57814832350,
                        45.49679436674
                    ],
                    [
                        -73.57818446578,
                        45.49681222694
                    ],
                    [
                        -73.57814201199,
                        45.49685443725
                    ],
                    [
                        -73.57809053951,
                        45.49690561448
                    ],
                    [
                        -73.57804589304,
                        45.49688355205
                    ],
                    [
                        -73.57783789765,
                        45.49678076839
                    ],
                    [
                        -73.57774080946,
                        45.49673279092
                    ],
                    [
                        -73.57769368272,
                        45.49670950257
                    ],
                    [
                        -73.57774361736,
                        45.49665985418
                    ],
                    [
                        -73.57778760911,
                        45.49661611458
                    ]
                ]
            }
        },
        {
            "type": "Feature",
            "properties": {
                "door": "hinged"
            },
            "geometry": {
                "type": "Point",
                "coordinates": [
                    -73.57763269592,
                    45.49682215623
                ]
            }
        },
        {
            "type": "Feature",
            "properties": {
                "level": "4",
                "indoor": "room"
            },
            "geometry": {
                "type": "Polygon",
                "coordinates": [
                    [
                        [
                            -73.57818754943,
                            45.49678463904
                        ],
                        [
                            -73.57821409361,
                            45.49675824707
                        ],
                        [
                            -73.57812237282,
                            45.49671236629
                        ],
                        [
                            -73.57809509664,
                            45.49673948609
                        ],
                        [
                            -73.57816780559,
                            45.49677499637
                        ],
                        [
                            -73.57818754943,
                            45.49678463904
                        ]
                    ]
                ]
            }
        },
        {
            "type": "Feature",
            "properties": {
                "highway": "elevator",
                "level": "2;3;4;5",
                "ref": "LB-elevator-2-01"
            },
            "geometry": {
                "type": "Point",
                "coordinates": [
                    -73.57791736623,
                    45.49662599530
                ]
            }
        },
        {
            "type": "Feature",
            "properties": {
                "level": "3",
                "indoor": "room"
            },
            "geometry": {
                "type": "Polygon",
                "coordinates": [
                    [
                        [
                            -73.57770342901,
                            45.49690051499
                        ],
                        [
                            -73.57767182070,
                            45.49693128093
                        ],
                        [
                            -73.57764528218,
                            45.49691788481
                        ],
                        [
                            -73.57767689049,
                            45.49688711887
                        ],
                        [
                            -73.57770342901,
                            45.49690051499
                        ]
                    ]
                ]
            }
        },
        {
            "type": "Feature",
            "properties": {
                "door": "hinged"
            },
            "geometry": {
                "type": "Point",
                "coordinates": [
                    -73.57801372780,
                    45.49655695350
                ]
            }
        },
        {
            "type": "Feature",
            "properties": {
                "door": "staircase"
            },
            "geometry": {
                "type": "Point",
                "coordinates": [
                    -73.57786295965,
                    45.49703094200
                ]
            }
        },
        {
            "type": "Feature",
            "properties": {
                "level": "4",
                "ref": "LB-bath-W-4-02"
            },
            "geometry": {
                "type": "Point",
                "coordinates": [
                    -73.57789259824,
                    45.49657132408
                ]
            }
        },
        {
            "type": "Feature",
            "properties": {
                "level": "3",
                "male": "yes",
                "female": "no",
                "ref": "LB-bath-M-3-01",
                "indoor": "room",
                "amenity": "toilets"
            },
            "geometry": {
                "type": "Polygon",
                "coordinates": [
                    [
                        [
                            -73.57790222158,
                            45.49713380380
                        ],
                        [
                            -73.57783791545,
                            45.49710134346
                        ],
                        [
                            -73.57789687815,
                            45.49704264441
                        ],
                        [
                            -73.57791961642,
                            45.49705388947
                        ],
                        [
                            -73.57796156651,
                            45.49707463561
                        ],
                        [
                            -73.57790222158,
                            45.49713380380
                        ]
                    ]
                ]
            }
        },
        {
            "type": "Feature",
            "properties": {
                "building:part": "yes",
                "building:levels": "10"
            },
            "geometry": {
                "type": "LineString",
                "coordinates": [
                    [
                        -73.57768580000,
                        45.49638740000
                    ],
                    [
                        -73.57778170000,
                        45.49643260000
                    ],
                    [
                        -73.57784720000,
                        45.49636610000
                    ],
                    [
                        -73.57852500000,
                        45.49669320000
                    ],
                    [
                        -73.57832110000,
                        45.49690520000
                    ],
                    [
                        -73.57804970000,
                        45.49677780000
                    ],
                    [
                        -73.57769120000,
                        45.49660050000
                    ],
                    [
                        -73.57764380000,
                        45.49657850000
                    ],
                    [
                        -73.57770830000,
                        45.49651210000
                    ],
                    [
                        -73.57761180000,
                        45.49646560000
                    ],
                    [
                        -73.57768580000,
                        45.49638740000
                    ]
                ]
            }
        },
        {
            "type": "Feature",
            "properties": {
                "door": "hinged"
            },
            "geometry": {
                "type": "Point",
                "coordinates": [
                    -73.57798668011,
                    45.49687827186
                ]
            }
        },
        {
            "type": "Feature",
            "properties": {
                "highway": "footway",
                "level": "5"
            },
            "geometry": {
                "type": "LineString",
                "coordinates": [
                    [
                        -73.57793335846,
                        45.49695818375
                    ],
                    [
                        -73.57792651767,
                        45.49696490144
                    ]
                ]
            }
        },
        {
            "type": "Feature",
            "properties": {
                "ref": "LB-bath-W-2-01",
                "level": "2"
            },
            "geometry": {
                "type": "Point",
                "coordinates": [
                    -73.57752028643,
                    45.49690324679
                ]
            }
        },
        {
            "type": "Feature",
            "properties": {
                "level": "5",
                "ref": "LB-bath-M-5-02",
                "indoor": "room",
                "amenity": "toilets"
            },
            "geometry": {
                "type": "Polygon",
                "coordinates": [
                    [
                        [
                            -73.57794251492,
                            45.49656401231
                        ],
                        [
                            -73.57790635844,
                            45.49659979061
                        ],
                        [
                            -73.57795415562,
                            45.49662370510
                        ],
                        [
                            -73.57799036153,
                            45.49658815045
                        ],
                        [
                            -73.57795239102,
                            45.49656899469
                        ],
                        [
                            -73.57794251492,
                            45.49656401231
                        ]
                    ]
                ]
            }
        },
        {
            "type": "Feature",
            "properties": {
                "level": "4",
                "ref": "LB-459",
                "indoor": "room"
            },
            "geometry": {
                "type": "Polygon",
                "coordinates": [
                    [
                        [
                            -73.57805829239,
                            45.49691161218
                        ],
                        [
                            -73.57802064876,
                            45.49694903985
                        ],
                        [
                            -73.57796873617,
                            45.49692338661
                        ],
                        [
                            -73.57800647647,
                            45.49688605796
                        ],
                        [
                            -73.57803113940,
                            45.49689822106
                        ],
                        [
                            -73.57805829239,
                            45.49691161218
                        ]
                    ]
                ]
            }
        },
        {
            "type": "Feature",
            "properties": {
                "door": "no"
            },
            "geometry": {
                "type": "Point",
                "coordinates": [
                    -73.57813045966,
                    45.49657327432
                ]
            }
        },
        {
            "type": "Feature",
            "properties": {
                "door": "hinged"
            },
            "geometry": {
                "type": "Point",
                "coordinates": [
                    -73.57770290972,
                    45.49645110308
                ]
            }
        },
        {
            "type": "Feature",
            "properties": {
                "indoor": "room",
                "level": "2"
            },
            "geometry": {
                "type": "Polygon",
                "coordinates": [
                    [
                        [
                            -73.57809704319,
                            45.49672865312
                        ],
                        [
                            -73.57819150102,
                            45.49677530924
                        ],
                        [
                            -73.57821942358,
                            45.49674753398
                        ],
                        [
                            -73.57812496514,
                            45.49670087848
                        ],
                        [
                            -73.57809704319,
                            45.49672865312
                        ]
                    ]
                ]
            }
        },
        {
            "type": "Feature",
            "properties": {
                "door": "hinged"
            },
            "geometry": {
                "type": "Point",
                "coordinates": [
                    -73.57793099380,
                    45.49655814341
                ]
            }
        },
        {
            "type": "Feature",
            "properties": {
                "level": "4",
                "indoor": "room",
                "amenity": "toilets",
                "male": "no",
                "female": "yes",
                "ref": "LB-bath-W-4-02"
            },
            "geometry": {
                "type": "Polygon",
                "coordinates": [
                    [
                        [
                            -73.57794095864,
                            45.49656330489
                        ],
                        [
                            -73.57791410770,
                            45.49654993788
                        ],
                        [
                            -73.57789682341,
                            45.49654133336
                        ],
                        [
                            -73.57787429644,
                            45.49656369673
                        ],
                        [
                            -73.57786029442,
                            45.49657732845
                        ],
                        [
                            -73.57790494732,
                            45.49659881883
                        ],
                        [
                            -73.57794095864,
                            45.49656330489
                        ]
                    ]
                ]
            }
        },
        {
            "type": "Feature",
            "properties": {
                "highway": "footway",
                "level": "3"
            },
            "geometry": {
                "type": "LineString",
                "coordinates": [
                    [
                        -73.57769633467,
                        45.49656713340
                    ],
                    [
                        -73.57775158136,
                        45.49651311018
                    ],
                    [
                        -73.57787422108,
                        45.49639318621
                    ]
                ]
            }
        },
        {
            "type": "Feature",
            "properties": {
                "door": "hinged"
            },
            "geometry": {
                "type": "Point",
                "coordinates": [
                    -73.57784944451,
                    45.49698069439
                ]
            }
        },
        {
            "type": "Feature",
            "properties": {
                "highway": "footway",
                "level": "2"
            },
            "geometry": {
                "type": "LineString",
                "coordinates": [
                    [
                        -73.57785627441,
                        45.49654421829
                    ],
                    [
                        -73.57784087497,
                        45.49653661021
                    ],
                    [
                        -73.57778654621,
                        45.49650976911
                    ]
                ]
            }
        },
        {
            "type": "Feature",
            "properties": {
                "highway": "footway",
                "level": "2"
            },
            "geometry": {
                "type": "LineString",
                "coordinates": [
                    [
                        -73.57809131134,
                        45.49667314251
                    ],
                    [
                        -73.57811581753,
                        45.49668524975
                    ],
                    [
                        -73.57810835307,
                        45.49669267317
                    ],
                    [
                        -73.57809479969,
                        45.49670615201
                    ],
                    [
                        -73.57807197896,
                        45.49672759612
                    ]
                ]
            }
        },
        {
            "type": "Feature",
            "properties": {
                "door": "hinged"
            },
            "geometry": {
                "type": "Point",
                "coordinates": [
                    -73.57762447532,
                    45.49693243347
                ]
            }
        },
        {
            "type": "Feature",
            "properties": {
                "highway": "footway",
                "level": "5"
            },
            "geometry": {
                "type": "LineString",
                "coordinates": [
                    [
                        -73.57766141359,
                        45.49682212150
                    ],
                    [
                        -73.57765249307,
                        45.49683088153
                    ],
                    [
                        -73.57762444500,
                        45.49685842496
                    ]
                ]
            }
        },
        {
            "type": "Feature",
            "properties": {
                "highway": "footway",
                "level": "3"
            },
            "geometry": {
                "type": "LineString",
                "coordinates": [
                    [
                        -73.57819004653,
                        45.49687832618
                    ],
                    [
                        -73.57816399453,
                        45.49686545528
                    ],
                    [
                        -73.57815228182,
                        45.49685971180
                    ]
                ]
            }
        },
        {
            "type": "Feature",
            "properties": {
                "level": "5",
                "ref": "LB-585",
                "indoor": "room"
            },
            "geometry": {
                "type": "Polygon",
                "coordinates": [
                    [
                        [
                            -73.57797552941,
                            45.49704517600
                        ],
                        [
                            -73.57793710616,
                            45.49702588856
                        ],
                        [
                            -73.57787259419,
                            45.49708914403
                        ],
                        [
                            -73.57801709154,
                            45.49716196965
                        ],
                        [
                            -73.57823926654,
                            45.49694395230
                        ],
                        [
                            -73.57813298949,
                            45.49689077870
                        ],
                        [
                            -73.57811165433,
                            45.49691156052
                        ],
                        [
                            -73.57801998277,
                            45.49700154219
                        ],
                        [
                            -73.57797552941,
                            45.49704517600
                        ]
                    ]
                ]
            }
        },
        {
            "type": "Feature",
            "properties": {
                "ref": "LB-257",
                "level": "2"
            },
            "geometry": {
                "type": "Point",
                "coordinates": [
                    -73.57797830556,
                    45.49689935363
                ]
            }
        },
        {
            "type": "Feature",
            "properties": {
                "highway": "footway",
                "level": "5"
            },
            "geometry": {
                "type": "LineString",
                "coordinates": [
                    [
                        -73.57772628495,
                        45.49695486603
                    ],
                    [
                        -73.57773416941,
                        45.49694712343
                    ],
                    [
                        -73.57775455498,
                        45.49692710467
                    ],
                    [
                        -73.57772967457,
                        45.49691465625
                    ]
                ]
            }
        },
        {
            "type": "Feature",
            "properties": {
                "highway": "footway",
                "level": "5"
            },
            "geometry": {
                "type": "LineString",
                "coordinates": [
                    [
                        -73.57772040781,
                        45.49700391750
                    ],
                    [
                        -73.57761563579,
                        45.49695152853
                    ],
                    [
                        -73.57762988316,
                        45.49693848742
                    ],
                    [
                        -73.57765079751,
                        45.49691709736
                    ]
                ]
            }
        },
        {
            "type": "Feature",
            "properties": {
                "door": "hinged"
            },
            "geometry": {
                "type": "Point",
                "coordinates": [
                    -73.57816780559,
                    45.49677499637
                ]
            }
        },
        {
            "type": "Feature",
            "properties": {
                "ref": "LB-205",
                "level": "2"
            },
            "geometry": {
                "type": "Point",
                "coordinates": [
                    -73.57838275334,
                    45.49678037276
                ]
            }
        },
        {
            "type": "Feature",
            "properties": {
                "indoor": "room",
                "level": "2"
            },
            "geometry": {
                "type": "Polygon",
                "coordinates": [
                    [
                        [
                            -73.57833568670,
                            45.49655788519
                        ],
                        [
                            -73.57829311927,
                            45.49653670430
                        ],
                        [
                            -73.57826113988,
                            45.49656831620
                        ],
                        [
                            -73.57830370704,
                            45.49658949601
                        ],
                        [
                            -73.57830798091,
                            45.49658527144
                        ],
                        [
                            -73.57833568670,
                            45.49655788519
                        ]
                    ]
                ]
            }
        },
        {
            "type": "Feature",
            "properties": {
                "door": "hinged"
            },
            "geometry": {
                "type": "Point",
                "coordinates": [
                    -73.57825574293,
                    45.49668711519
                ]
            }
        },
        {
            "type": "Feature",
            "properties": {
                "ref": "LB-stair-06",
                "stairs": "yes",
                "indoor": "room",
                "level": "2;3;4;5"
            },
            "geometry": {
                "type": "Polygon",
                "coordinates": [
                    [
                        [
                            -73.57783721215,
                            45.49701822394
                        ],
                        [
                            -73.57778136548,
                            45.49707377439
                        ],
                        [
                            -73.57783106739,
                            45.49709832380
                        ],
                        [
                            -73.57788691341,
                            45.49704277403
                        ],
                        [
                            -73.57786295965,
                            45.49703094200
                        ],
                        [
                            -73.57783721215,
                            45.49701822394
                        ]
                    ]
                ]
            }
        },
        {
            "type": "Feature",
            "properties": {
                "highway": "footway",
                "level": "3"
            },
            "geometry": {
                "type": "LineString",
                "coordinates": [
                    [
                        -73.57766590429,
                        45.49647274408
                    ],
                    [
                        -73.57764622433,
                        45.49649163390
                    ],
                    [
                        -73.57766726678,
                        45.49650212762
                    ],
                    [
                        -73.57768397319,
                        45.49651035236
                    ]
                ]
            }
        },
        {
            "type": "Feature",
            "properties": {
                "ref": "LB-445",
                "level": "4",
                "indoor": "room"
            },
            "geometry": {
                "type": "Polygon",
                "coordinates": [
                    [
                        [
                            -73.57754254556,
                            45.49682302491
                        ],
                        [
                            -73.57767044491,
                            45.49669801928
                        ],
                        [
                            -73.57769111068,
                            45.49667759887
                        ],
                        [
                            -73.57755275995,
                            45.49660923081
                        ],
                        [
                            -73.57729680017,
                            45.49686448857
                        ],
                        [
                            -73.57752590744,
                            45.49697824782
                        ],
                        [
                            -73.57754450054,
                            45.49695920278
                        ],
                        [
                            -73.57742238642,
                            45.49689885858
                        ],
                        [
                            -73.57749295956,
                            45.49682966261
                        ],
                        [
                            -73.57751305211,
                            45.49680845031
                        ],
                        [
                            -73.57754254556,
                            45.49682302491
                        ]
                    ]
                ]
            }
        },
        {
            "type": "Feature",
            "properties": {
                "level": "4",
                "indoor": "room"
            },
            "geometry": {
                "type": "Polygon",
                "coordinates": [
                    [
                        [
                            -73.57769622396,
                            45.49650817364
                        ],
                        [
                            -73.57767481766,
                            45.49649690079
                        ],
                        [
                            -73.57765397112,
                            45.49651762790
                        ],
                        [
                            -73.57767567156,
                            45.49652856676
                        ],
                        [
                            -73.57769622396,
                            45.49650817364
                        ]
                    ]
                ]
            }
        },
        {
            "type": "Feature",
            "properties": {
                "ref": "LB-stair-05",
                "stairs": "yes",
                "indoor": "room",
                "level": "2;3;4;5"
            },
            "geometry": {
                "type": "Polygon",
                "coordinates": [
                    [
                        [
                            -73.57823864041,
                            45.49665448121
                        ],
                        [
                            -73.57830246751,
                            45.49659088386
                        ],
                        [
                            -73.57823601931,
                            45.49655812657
                        ],
                        [
                            -73.57817219158,
                            45.49662172459
                        ],
                        [
                            -73.57819479620,
                            45.49663286777
                        ],
                        [
                            -73.57823864041,
                            45.49665448121
                        ]
                    ]
                ]
            }
        },
        {
            "type": "Feature",
            "properties": {
                "door": "no"
            },
            "geometry": {
                "type": "Point",
                "coordinates": [
                    -73.57805652426,
                    45.49664659166
                ]
            }
        },
        {
            "type": "Feature",
            "properties": {
                "ref": "LB-stair-2-01",
                "level": "2;3;4;5",
                "highway": "steps"
            },
            "geometry": {
                "type": "Point",
                "coordinates": [
                    -73.57770034229,
                    45.49663860611
                ]
            }
        },
        {
            "type": "Feature",
            "properties": {
                "ref": "LB-bath-M-2-01",
                "level": "2"
            },
            "geometry": {
                "type": "Point",
                "coordinates": [
                    -73.57789659119,
                    45.49708370852
                ]
            }
        },
        {
            "type": "Feature",
            "properties": {
                "indoor": "room",
                "amenity": "toilets",
                "ref": "LB-bath-W-2-01",
                "male": "no",
                "female": "yes",
                "level": "2"
            },
            "geometry": {
                "type": "Polygon",
                "coordinates": [
                    [
                        [
                            -73.57757861755,
                            45.49689061189
                        ],
                        [
                            -73.57756468170,
                            45.49688370428
                        ],
                        [
                            -73.57751794656,
                            45.49686053900
                        ],
                        [
                            -73.57746203078,
                            45.49691599151
                        ],
                        [
                            -73.57752270176,
                            45.49694606436
                        ],
                        [
                            -73.57757861755,
                            45.49689061189
                        ]
                    ]
                ]
            }
        },
        {
            "type": "Feature",
            "properties": {
                "stairs": "yes",
                "indoor": "room",
                "level": "2;3;4;5",
                "ref": "LB-stair-07"
            },
            "geometry": {
                "type": "Polygon",
                "coordinates": [
                    [
                        [
                            -73.57758058453,
                            45.49689152700
                        ],
                        [
                            -73.57752466564,
                            45.49694713878
                        ],
                        [
                            -73.57757443397,
                            45.49697172766
                        ],
                        [
                            -73.57763035286,
                            45.49691611591
                        ],
                        [
                            -73.57761091835,
                            45.49690651395
                        ],
                        [
                            -73.57758058453,
                            45.49689152700
                        ]
                    ]
                ]
            }
        },
        {
            "type": "Feature",
            "properties": {
                "ramp": "yes",
                "highway": "footway",
                "footway": "sidewalk",
                "surface": "paved",
                "wheelchair": "yes",
                "incline": "yes",
                "tunnel": "yes",
                "layer": "-1",
                "motor_vehicle": "no",
                "access": "customers"
            },
            "geometry": {
                "type": "LineString",
                "coordinates": [
                    [
                        -73.57757740000,
                        45.49661950000
                    ],
                    [
                        -73.57730360000,
                        45.49690310000
                    ]
                ]
            }
        },
        {
            "type": "Feature",
            "properties": {
                "door": "hinged"
            },
            "geometry": {
                "type": "Point",
                "coordinates": [
                    -73.57765035082,
                    45.49689921834
                ]
            }
        },
        {
            "type": "Feature",
            "properties": {
                "highway": "footway",
                "level": "3"
            },
            "geometry": {
                "type": "LineString",
                "coordinates": [
                    [
                        -73.57783904794,
                        45.49705472208
                    ],
                    [
                        -73.57786295965,
                        45.49703094200
                    ],
                    [
                        -73.57788079017,
                        45.49701309349
                    ]
                ]
            }
        },
        {
            "type": "Feature",
            "properties": {
                "ref": "LB-205",
                "indoor": "room",
                "level": "2"
            },
            "geometry": {
                "type": "Polygon",
                "coordinates": [
                    [
                        [
                            -73.57830958318,
                            45.49678955139
                        ],
                        [
                            -73.57839483333,
                            45.49683165947
                        ],
                        [
                            -73.57846030766,
                            45.49676653057
                        ],
                        [
                            -73.57837505751,
                            45.49672442245
                        ],
                        [
                            -73.57836753123,
                            45.49673190904
                        ],
                        [
                            -73.57830958318,
                            45.49678955139
                        ]
                    ]
                ]
            }
        },
        {
            "type": "Feature",
            "properties": {
                "addr:housenumber": "1455",
                "addr:street": "Boulevard De Maisonneuve Ouest",
                "door": "hinged",
                "entrance": "yes",
                "wheelchair": "yes",
                "level": "1"
            },
            "geometry": {
                "type": "Point",
                "coordinates": [
                    -73.57832110000,
                    45.49690520000
                ]
            }
        },
        {
            "type": "Feature",
            "properties": {
                "highway": "footway",
                "level": "3"
            },
            "geometry": {
                "type": "LineString",
                "coordinates": [
                    [
                        -73.57795577521,
                        45.49705094432
                    ],
                    [
                        -73.57796536838,
                        45.49705578675
                    ],
                    [
                        -73.57797772315,
                        45.49706202318
                    ],
                    [
                        -73.57804496159,
                        45.49709596370
                    ]
                ]
            }
        },
        {
            "type": "Feature",
            "properties": {
                "level": "3",
                "indoor": "room",
                "ref": "LB-361"
            },
            "geometry": {
                "type": "Polygon",
                "coordinates": [
                    [
                        [
                            -73.57777397416,
                            45.49704196427
                        ],
                        [
                            -73.57761139241,
                            45.49696121301
                        ],
                        [
                            -73.57760435786,
                            45.49696808386
                        ],
                        [
                            -73.57756079186,
                            45.49701063603
                        ],
                        [
                            -73.57772228882,
                            45.49709195819
                        ],
                        [
                            -73.57776600001,
                            45.49704967747
                        ],
                        [
                            -73.57777397416,
                            45.49704196427
                        ]
                    ]
                ]
            }
        },
        {
            "type": "Feature",
            "properties": {
                "highway": "footway",
                "level": "2"
            },
            "geometry": {
                "type": "LineString",
                "coordinates": [
                    [
                        -73.57759502459,
                        45.49687702179
                    ],
                    [
                        -73.57758254154,
                        45.49688855391
                    ]
                ]
            }
        },
        {
            "type": "Feature",
            "properties": {
                "level": "4",
                "highway": "footway"
            },
            "geometry": {
                "type": "LineString",
                "coordinates": [
                    [
                        -73.57792775422,
                        45.49704429028
                    ],
                    [
                        -73.57792132442,
                        45.49705068318
                    ],
                    [
                        -73.57789208644,
                        45.49707975335
                    ]
                ]
            }
        },
        {
            "type": "Feature",
            "properties": {
                "level": "3",
                "ref": "LB-water-3-01",
                "amenity": "drinking_water",
                "name": "Water Fountain",
                "indoor": "yes"
            },
            "geometry": {
                "type": "Point",
                "coordinates": [
                    -73.57795473785,
                    45.49706613394
                ]
            }
        },
        {
            "type": "Feature",
            "properties": {
                "door": "no"
            },
            "geometry": {
                "type": "Point",
                "coordinates": [
                    -73.57816399453,
                    45.49686545528
                ]
            }
        },
        {
            "type": "Feature",
            "properties": {
                "highway": "footway",
                "level": "3"
            },
            "geometry": {
                "type": "LineString",
                "coordinates": [
                    [
                        -73.57809056906,
                        45.49668097910
                    ],
                    [
                        -73.57810765940,
                        45.49666434415
                    ],
                    [
                        -73.57812679943,
                        45.49667400570
                    ],
                    [
                        -73.57814096073,
                        45.49668115407
                    ],
                    [
                        -73.57815005719,
                        45.49667229999
                    ]
                ]
            }
        },
        {
            "type": "Feature",
            "properties": {
                "level": "3",
                "indoor": "room",
                "amenity": "toilets",
                "ref": "LB-bath-W-3-02",
                "male": "no",
                "female": "yes"
            },
            "geometry": {
                "type": "Polygon",
                "coordinates": [
                    [
                        [
                            -73.57795804422,
                            45.49655911626
                        ],
                        [
                            -73.57791124133,
                            45.49660394273
                        ],
                        [
                            -73.57787724460,
                            45.49658713048
                        ],
                        [
                            -73.57792386670,
                            45.49654186402
                        ],
                        [
                            -73.57793889211,
                            45.49654944859
                        ],
                        [
                            -73.57795804422,
                            45.49655911626
                        ]
                    ]
                ]
            }
        },
        {
            "type": "Feature",
            "properties": {
                "ref": "LB-555",
                "level": "5",
                "indoor": "room"
            },
            "geometry": {
                "type": "Polygon",
                "coordinates": [
                    [
                        [
                            -73.57788867662,
                            45.49692224948
                        ],
                        [
                            -73.57800425714,
                            45.49680874850
                        ],
                        [
                            -73.57785989037,
                            45.49673651728
                        ],
                        [
                            -73.57774430984,
                            45.49685001841
                        ],
                        [
                            -73.57775587816,
                            45.49685580639
                        ],
                        [
                            -73.57787875683,
                            45.49691728632
                        ],
                        [
                            -73.57788867662,
                            45.49692224948
                        ]
                    ]
                ]
            }
        },
        {
            "type": "Feature",
            "properties": {
                "door": "hinged"
            },
            "geometry": {
                "type": "Point",
                "coordinates": [
                    -73.57810726594,
                    45.49692080731
                ]
            }
        },
        {
            "type": "Feature",
            "properties": {
                "ref": "LB-204",
                "level": "2"
            },
            "geometry": {
                "type": "Point",
                "coordinates": [
                    -73.57823425142,
                    45.49670990744
                ]
            }
        },
        {
            "type": "Feature",
            "properties": {
                "highway": "footway",
                "level": "5"
            },
            "geometry": {
                "type": "LineString",
                "coordinates": [
                    [
                        -73.57793199021,
                        45.49668612775
                    ],
                    [
                        -73.57795167605,
                        45.49666679592
                    ],
                    [
                        -73.57796650334,
                        45.49665223536
                    ],
                    [
                        -73.57798461127,
                        45.49666129534
                    ]
                ]
            }
        },
        {
            "type": "Feature",
            "properties": {
                "level": "4",
                "highway": "footway"
            },
            "geometry": {
                "type": "LineString",
                "coordinates": [
                    [
                        -73.57774080946,
                        45.49673279092
                    ],
                    [
                        -73.57772210486,
                        45.49675138828
                    ],
                    [
                        -73.57770184000,
                        45.49677153694
                    ]
                ]
            }
        },
        {
            "type": "Feature",
            "properties": {
                "access": "emergency",
                "level": "2;3;4;5",
                "highway": "steps",
                "ref": "LB-stair-2-04"
            },
            "geometry": {
                "type": "Point",
                "coordinates": [
                    -73.57806279045,
                    45.49651803068
                ]
            }
        },
        {
            "type": "Feature",
            "properties": {
                "door": "hinged"
            },
            "geometry": {
                "type": "Point",
                "coordinates": [
                    -73.57781930260,
                    45.49679925681
                ]
            }
        },
        {
            "type": "Feature",
            "properties": {
                "highway": "footway",
                "level": "2"
            },
            "geometry": {
                "type": "LineString",
                "coordinates": [
                    [
                        -73.57810305379,
                        45.49690448346
                    ],
                    [
                        -73.57804797465,
                        45.49687727181
                    ],
                    [
                        -73.57802673894,
                        45.49689839064
                    ],
                    [
                        -73.57801048757,
                        45.49691455259
                    ]
                ]
            }
        },
        {
            "type": "Feature",
            "properties": {
                "access": "emergency",
                "level": "2;3;4;5",
                "highway": "steps",
                "ref": "LB-stair-2-05"
            },
            "geometry": {
                "type": "Point",
                "coordinates": [
                    -73.57824068421,
                    45.49660148287
                ]
            }
        },
        {
            "type": "Feature",
            "properties": {
                "door": "hinged"
            },
            "geometry": {
                "type": "Point",
                "coordinates": [
                    -73.57803400825,
                    45.49659288588
                ]
            }
        },
        {
            "type": "Feature",
            "properties": {
                "highway": "footway",
                "level": "2"
            },
            "geometry": {
                "type": "LineString",
                "coordinates": [
                    [
                        -73.57818565461,
                        45.49664195911
                    ],
                    [
                        -73.57819479620,
                        45.49663286777
                    ],
                    [
                        -73.57823111058,
                        45.49659675303
                    ],
                    [
                        -73.57824068421,
                        45.49660148287
                    ]
                ]
            }
        },
        {
            "type": "Feature",
            "properties": {
                "level": "5",
                "ref": "LB-bath-M-5-01"
            },
            "geometry": {
                "type": "Point",
                "coordinates": [
                    -73.57791109742,
                    45.49699725987
                ]
            }
        },
        {
            "type": "Feature",
            "properties": {
                "door": "hinged"
            },
            "geometry": {
                "type": "Point",
                "coordinates": [
                    -73.57797626499,
                    45.49656831380
                ]
            }
        },
        {
            "type": "Feature",
            "properties": {
                "level": "3",
                "ref": "LB-316",
                "indoor": "room"
            },
            "geometry": {
                "type": "Polygon",
                "coordinates": [
                    [
                        [
                            -73.57835827101,
                            45.49662864718
                        ],
                        [
                            -73.57832169296,
                            45.49666390494
                        ],
                        [
                            -73.57827164082,
                            45.49663863950
                        ],
                        [
                            -73.57830755290,
                            45.49660368429
                        ],
                        [
                            -73.57832968506,
                            45.49661457749
                        ],
                        [
                            -73.57835827101,
                            45.49662864718
                        ]
                    ]
                ]
            }
        },
        {
            "type": "Feature",
            "properties": {
                "highway": "footway",
                "level": "2"
            },
            "geometry": {
                "type": "LineString",
                "coordinates": [
                    [
                        -73.57780122540,
                        45.49659896466
                    ],
                    [
                        -73.57766389782,
                        45.49653111808
                    ],
                    [
                        -73.57768449156,
                        45.49651063752
                    ],
                    [
                        -73.57770055540,
                        45.49649466195
                    ],
                    [
                        -73.57781696434,
                        45.49637889258
                    ],
                    [
                        -73.57787779660,
                        45.49640894679
                    ],
                    [
                        -73.57782341160,
                        45.49646308557
                    ],
                    [
                        -73.57801372780,
                        45.49655695350
                    ],
                    [
                        -73.57803082871,
                        45.49656538802
                    ],
                    [
                        -73.57806120075,
                        45.49658036811
                    ]
                ]
            }
        },
        {
            "type": "Feature",
            "properties": {
                "level": "5",
                "indoor": "room"
            },
            "geometry": {
                "type": "Polygon",
                "coordinates": [
                    [
                        [
                            -73.57764621742,
                            45.49690137426
                        ],
                        [
                            -73.57767006700,
                            45.49687792687
                        ],
                        [
                            -73.57764582084,
                            45.49686576416
                        ],
                        [
                            -73.57762214772,
                            45.49688901134
                        ],
                        [
                            -73.57764621742,
                            45.49690137426
                        ]
                    ]
                ]
            }
        },
        {
            "type": "Feature",
            "properties": {
                "amenity": "drinking_water",
                "ref": "LB-water-2-02",
                "level": "2",
                "indoor": "yes"
            },
            "geometry": {
                "type": "Point",
                "coordinates": [
                    -73.57758254154,
                    45.49688855391
                ]
            }
        },
        {
            "type": "Feature",
            "properties": {
                "level": "3",
                "indoor": "room",
                "ref": "LB-385"
            },
            "geometry": {
                "type": "Polygon",
                "coordinates": [
                    [
                        [
                            -73.57814474001,
                            45.49689945654
                        ],
                        [
                            -73.57828457958,
                            45.49697004475
                        ],
                        [
                            -73.57801553908,
                            45.49723191442
                        ],
                        [
                            -73.57778063373,
                            45.49711278714
                        ],
                        [
                            -73.57780680034,
                            45.49708781028
                        ],
                        [
                            -73.57790279246,
                            45.49713626502
                        ],
                        [
                            -73.57797772315,
                            45.49706202318
                        ],
                        [
                            -73.57811940704,
                            45.49692411453
                        ],
                        [
                            -73.57814474001,
                            45.49689945654
                        ]
                    ]
                ]
            }
        },
        {
            "type": "Feature",
            "properties": {
                "addr:housenumber": "1455",
                "addr:street": "Boulevard De Maisonneuve Ouest",
                "automatic_door": "yes",
                "entrance": "yes",
                "wheelchair": "yes"
            },
            "geometry": {
                "type": "Point",
                "coordinates": [
                    -73.57766830000,
                    45.49663030000
                ]
            }
        },
        {
            "type": "Feature",
            "properties": {
                "highway": "footway",
                "level": "2"
            },
            "geometry": {
                "type": "LineString",
                "coordinates": [
                    [
                        -73.57800769553,
                        45.49685737205
                    ],
                    [
                        -73.57789922874,
                        45.49680434413
                    ],
                    [
                        -73.57778148176,
                        45.49674677919
                    ]
                ]
            }
        },
        {
            "type": "Feature",
            "properties": {
                "ref": "LB-204",
                "indoor": "room",
                "level": "2"
            },
            "geometry": {
                "type": "Polygon",
                "coordinates": [
                    [
                        [
                            -73.57826923034,
                            45.49669798993
                        ],
                        [
                            -73.57824139655,
                            45.49668424180
                        ],
                        [
                            -73.57820743749,
                            45.49671802175
                        ],
                        [
                            -73.57823527128,
                            45.49673176987
                        ],
                        [
                            -73.57824961770,
                            45.49671749912
                        ],
                        [
                            -73.57826923034,
                            45.49669798993
                        ]
                    ]
                ]
            }
        },
        {
            "type": "Feature",
            "properties": {
                "highway": "footway",
                "level": "3"
            },
            "geometry": {
                "type": "LineString",
                "coordinates": [
                    [
                        -73.57829671465,
                        45.49671918379
                    ],
                    [
                        -73.57824803944,
                        45.49669461342
                    ],
                    [
                        -73.57819559937,
                        45.49666814261
                    ],
                    [
                        -73.57817165115,
                        45.49665574114
                    ],
                    [
                        -73.57814732221,
                        45.49664314252
                    ],
                    [
                        -73.57808689154,
                        45.49661326879
                    ],
                    [
                        -73.57812641299,
                        45.49657480037
                    ]
                ]
            }
        },
        {
            "type": "Feature",
            "properties": {
                "door": "hinged"
            },
            "geometry": {
                "type": "Point",
                "coordinates": [
                    -73.57775158136,
                    45.49651311018
                ]
            }
        },
        {
            "type": "Feature",
            "properties": {
                "building:levels": "4",
                "building:part": "yes"
            },
            "geometry": {
                "type": "LineString",
                "coordinates": [
                    [
                        -73.57831700000,
                        45.49698520000
                    ],
                    [
                        -73.57804500000,
                        45.49726160000
                    ],
                    [
                        -73.57785600000,
                        45.49717000000
                    ],
                    [
                        -73.57775730000,
                        45.49712220000
                    ],
                    [
                        -73.57779380000,
                        45.49708540000
                    ],
                    [
                        -73.57785210000,
                        45.49711360000
                    ],
                    [
                        -73.57804320000,
                        45.49720340000
                    ],
                    [
                        -73.57827830000,
                        45.49696340000
                    ],
                    [
                        -73.57831700000,
                        45.49698520000
                    ]
                ]
            }
        },
        {
            "type": "Feature",
            "properties": null,
            "geometry": {
                "type": "LineString",
                "coordinates": [
                    [
                        -73.57784554644,
                        45.49674843450
                    ],
                    [
                        -73.57785991631,
                        45.49673460135
                    ],
                    [
                        -73.57798485490,
                        45.49679676950
                    ],
                    [
                        -73.57800785899,
                        45.49680824725
                    ],
                    [
                        -73.57799321855,
                        45.49682248035
                    ],
                    [
                        -73.57809136000,
                        45.49687142264
                    ],
                    [
                        -73.57814479584,
                        45.49681929041
                    ],
                    [
                        -73.57780578075,
                        45.49664918468
                    ],
                    [
                        -73.57775190268,
                        45.49670158172
                    ],
                    [
                        -73.57784554644,
                        45.49674843450
                    ]
                ]
            }
        },
        {
            "type": "Feature",
            "properties": {
                "highway": "footway",
                "level": "5"
            },
            "geometry": {
                "type": "LineString",
                "coordinates": [
                    [
                        -73.57782529878,
                        45.49700440563
                    ],
                    [
                        -73.57779022445,
                        45.49703884880
                    ],
                    [
                        -73.57772040781,
                        45.49700391750
                    ],
                    [
                        -73.57769990530,
                        45.49702405107
                    ]
                ]
            }
        },
        {
            "type": "Feature",
            "properties": {
                "level": "5",
                "indoor": "room",
                "ref": "LB-505"
            },
            "geometry": {
                "type": "Polygon",
                "coordinates": [
                    [
                        [
                            -73.57802678063,
                            45.49659997208
                        ],
                        [
                            -73.57801495447,
                            45.49659436452
                        ],
                        [
                            -73.57797464039,
                            45.49663395344
                        ],
                        [
                            -73.57811951870,
                            45.49670644136
                        ],
                        [
                            -73.57823393820,
                            45.49676368957
                        ],
                        [
                            -73.57825322904,
                            45.49677334150
                        ],
                        [
                            -73.57818398567,
                            45.49684162255
                        ],
                        [
                            -73.57828946222,
                            45.49689492926
                        ],
                        [
                            -73.57848151087,
                            45.49670590687
                        ],
                        [
                            -73.57828837145,
                            45.49660927297
                        ],
                        [
                            -73.57821804834,
                            45.49667833109
                        ],
                        [
                            -73.57814908085,
                            45.49664330837
                        ],
                        [
                            -73.57821827853,
                            45.49657471923
                        ],
                        [
                            -73.57810889985,
                            45.49651946042
                        ],
                        [
                            -73.57803400825,
                            45.49659288588
                        ],
                        [
                            -73.57802678063,
                            45.49659997208
                        ]
                    ]
                ]
            }
        },
        {
            "type": "Feature",
            "properties": {
                "level": "5",
                "amenity": "drinking_water",
                "name": "Water Fountain",
                "indoor": "yes"
            },
            "geometry": {
                "type": "Point",
                "coordinates": [
                    -73.57768623435,
                    45.49684417975
                ]
            }
        },
        {
            "type": "Feature",
            "properties": {
                "door": "hinged"
            },
            "geometry": {
                "type": "Point",
                "coordinates": [
                    -73.57793889211,
                    45.49654944859
                ]
            }
        },
        {
            "type": "Feature",
            "properties": {
                "level": "3",
                "ref": "LB-bath-M-3-01"
            },
            "geometry": {
                "type": "Point",
                "coordinates": [
                    -73.57788847470,
                    45.49708420118
                ]
            }
        },
        {
            "type": "Feature",
            "properties": {
                "highway": "footway",
                "level": "2"
            },
            "geometry": {
                "type": "LineString",
                "coordinates": [
                    [
                        -73.57787743707,
                        45.49701654427
                    ],
                    [
                        -73.57786295965,
                        45.49703094200
                    ],
                    [
                        -73.57783904794,
                        45.49705472208
                    ]
                ]
            }
        },
        {
            "type": "Feature",
            "properties": {
                "highway": "footway",
                "level": "5"
            },
            "geometry": {
                "type": "LineString",
                "coordinates": [
                    [
                        -73.57770034229,
                        45.49663860611
                    ],
                    [
                        -73.57772556486,
                        45.49665106729
                    ],
                    [
                        -73.57774848543,
                        45.49666235177
                    ]
                ]
            }
        },
        {
            "type": "Feature",
            "properties": {
                "level": "3",
                "indoor": "room",
                "amenity": "toilets",
                "male": "no",
                "female": "yes",
                "ref": "LB-bath-W-3-01"
            },
            "geometry": {
                "type": "Polygon",
                "coordinates": [
                    [
                        [
                            -73.57757482820,
                            45.49687954984
                        ],
                        [
                            -73.57751090846,
                            45.49694015025
                        ],
                        [
                            -73.57744660246,
                            45.49690768986
                        ],
                        [
                            -73.57750895331,
                            45.49684689542
                        ],
                        [
                            -73.57753247735,
                            45.49685855638
                        ],
                        [
                            -73.57757482820,
                            45.49687954984
                        ]
                    ]
                ]
            }
        },
        {
            "type": "Feature",
            "properties": {
                "highway": "footway",
                "level": "3"
            },
            "geometry": {
                "type": "LineString",
                "coordinates": [
                    [
                        -73.57758604618,
                        45.49686978977
                    ],
                    [
                        -73.57757798375,
                        45.49687828615
                    ]
                ]
            }
        },
        {
            "type": "Feature",
            "properties": {
                "level": "4",
                "ref": "LB-451"
            },
            "geometry": {
                "type": "Point",
                "coordinates": [
                    -73.57770184000,
                    45.49677153694
                ]
            }
        },
        {
            "type": "Feature",
            "properties": {
                "door": "hinged"
            },
            "geometry": {
                "type": "Point",
                "coordinates": [
                    -73.57763603592,
                    45.49692703169
                ]
            }
        },
        {
            "type": "Feature",
            "properties": {
                "highway": "footway",
                "level": "2"
            },
            "geometry": {
                "type": "LineString",
                "coordinates": [
                    [
                        -73.57766389782,
                        45.49653111808
                    ],
                    [
                        -73.57764658850,
                        45.49652256641
                    ],
                    [
                        -73.57758431174,
                        45.49649179860
                    ],
                    [
                        -73.57773737826,
                        45.49633957300
                    ],
                    [
                        -73.57781696434,
                        45.49637889258
                    ]
                ]
            }
        },
        {
            "type": "Feature",
            "properties": {
                "highway": "footway",
                "level": "2"
            },
            "geometry": {
                "type": "LineString",
                "coordinates": [
                    [
                        -73.57821130231,
                        45.49679683047
                    ],
                    [
                        -73.57827731361,
                        45.49673118223
                    ],
                    [
                        -73.57830676848,
                        45.49670188933
                    ],
                    [
                        -73.57835423974,
                        45.49672534241
                    ],
                    [
                        -73.57843298539,
                        45.49664702975
                    ],
                    [
                        -73.57833933642,
                        45.49660076260
                    ],
                    [
                        -73.57832000302,
                        45.49659121095
                    ],
                    [
                        -73.57824141470,
                        45.49666960143
                    ],
                    [
                        -73.57819251751,
                        45.49664536130
                    ],
                    [
                        -73.57818565461,
                        45.49664195911
                    ],
                    [
                        -73.57814362028,
                        45.49662112115
                    ]
                ]
            }
        },
        {
            "type": "Feature",
            "properties": {
                "indoor": "room",
                "level": "2"
            },
            "geometry": {
                "type": "Polygon",
                "coordinates": [
                    [
                        [
                            -73.57795644305,
                            45.49662437892
                        ],
                        [
                            -73.57797304530,
                            45.49660786421
                        ],
                        [
                            -73.57788258731,
                            45.49656318363
                        ],
                        [
                            -73.57786598507,
                            45.49657969835
                        ],
                        [
                            -73.57795644305,
                            45.49662437892
                        ]
                    ]
                ]
            }
        },
        {
            "type": "Feature",
            "properties": {
                "door": "hinged"
            },
            "geometry": {
                "type": "Point",
                "coordinates": [
                    -73.57797772315,
                    45.49706202318
                ]
            }
        },
        {
            "type": "Feature",
            "properties": {
                "level": "4",
                "highway": "footway"
            },
            "geometry": {
                "type": "LineString",
                "coordinates": [
                    [
                        -73.57769368272,
                        45.49670950257
                    ],
                    [
                        -73.57767044491,
                        45.49669801928
                    ],
                    [
                        -73.57757974996,
                        45.49665320105
                    ],
                    [
                        -73.57743248458,
                        45.49679975388
                    ],
                    [
                        -73.57749295956,
                        45.49682966261
                    ],
                    [
                        -73.57754629812,
                        45.49685604190
                    ]
                ]
            }
        },
        {
            "type": "Feature",
            "properties": {
                "door": "hinged"
            },
            "geometry": {
                "type": "Point",
                "coordinates": [
                    -73.57796820452,
                    45.49706426897
                ]
            }
        },
        {
            "type": "Feature",
            "properties": {
                "access": "emergency",
                "level": "2;3;4;5",
                "highway": "steps",
                "ref": "LB-stair-2-06"
            },
            "geometry": {
                "type": "Point",
                "coordinates": [
                    -73.57783904794,
                    45.49705472208
                ]
            }
        },
        {
            "type": "Feature",
            "properties": {
                "ref": "LB-stair-04",
                "indoor": "room",
                "level": "2;3;4;5"
            },
            "geometry": {
                "type": "Polygon",
                "coordinates": [
                    [
                        [
                            -73.57805226630,
                            45.49656273925
                        ],
                        [
                            -73.57811624104,
                            45.49649910841
                        ],
                        [
                            -73.57806777325,
                            45.49647516549
                        ],
                        [
                            -73.57800379851,
                            45.49653879635
                        ],
                        [
                            -73.57803972280,
                            45.49655654281
                        ],
                        [
                            -73.57805226630,
                            45.49656273925
                        ]
                    ]
                ]
            }
        },
        {
            "type": "Feature",
            "properties": {
                "ref": "LB-bath-M-4-01",
                "level": "4"
            },
            "geometry": {
                "type": "Point",
                "coordinates": [
                    -73.57789208644,
                    45.49707975335
                ]
            }
        },
        {
            "type": "Feature",
            "properties": {
                "highway": "footway",
                "level": "3"
            },
            "geometry": {
                "type": "LineString",
                "coordinates": [
                    [
                        -73.57806279045,
                        45.49651803068
                    ],
                    [
                        -73.57807302253,
                        45.49652310733
                    ],
                    [
                        -73.57803972280,
                        45.49655654281
                    ],
                    [
                        -73.57801806915,
                        45.49657722951
                    ],
                    [
                        -73.57801040399,
                        45.49657342816
                    ]
                ]
            }
        },
        {
            "type": "Feature",
            "properties": {
                "highway": "footway",
                "level": "2"
            },
            "geometry": {
                "type": "LineString",
                "coordinates": [
                    [
                        -73.57824141470,
                        45.49666960143
                    ],
                    [
                        -73.57823183276,
                        45.49667913069
                    ],
                    [
                        -73.57820882285,
                        45.49670201408
                    ],
                    [
                        -73.57819840157,
                        45.49669686546
                    ]
                ]
            }
        },
        {
            "type": "Feature",
            "properties": {
                "level": "4",
                "highway": "footway"
            },
            "geometry": {
                "type": "LineString",
                "coordinates": [
                    [
                        -73.57819004653,
                        45.49687832618
                    ],
                    [
                        -73.57816399453,
                        45.49686545528
                    ],
                    [
                        -73.57814201199,
                        45.49685443725
                    ]
                ]
            }
        },
        {
            "type": "Feature",
            "properties": null,
            "geometry": {
                "type": "LineString",
                "coordinates": [
                    [
                        -73.57777046588,
                        45.49704544720
                    ],
                    [
                        -73.57779005437,
                        45.49702587401
                    ],
                    [
                        -73.57763543572,
                        45.49694990341
                    ],
                    [
                        -73.57761584814,
                        45.49696947707
                    ],
                    [
                        -73.57777046588,
                        45.49704544720
                    ]
                ]
            }
        },
        {
            "type": "Feature",
            "properties": {
                "level": "3",
                "indoor": "room"
            },
            "geometry": {
                "type": "Polygon",
                "coordinates": [
                    [
                        [
                            -73.57772415806,
                            45.49641041913
                        ],
                        [
                            -73.57770600737,
                            45.49642813921
                        ],
                        [
                            -73.57766972617,
                            45.49640977413
                        ],
                        [
                            -73.57768810215,
                            45.49639188772
                        ],
                        [
                            -73.57772415806,
                            45.49641041913
                        ]
                    ]
                ]
            }
        },
        {
            "type": "Feature",
            "properties": {
                "door": "hinged"
            },
            "geometry": {
                "type": "Point",
                "coordinates": [
                    -73.57795167605,
                    45.49666679592
                ]
            }
        },
        {
            "type": "Feature",
            "properties": {
                "level": "5",
                "ref": "LB-520",
                "indoor": "room"
            },
            "geometry": {
                "type": "Polygon",
                "coordinates": [
                    [
                        [
                            -73.57802649965,
                            45.49670376469
                        ],
                        [
                            -73.57805504660,
                            45.49667573128
                        ],
                        [
                            -73.57802275058,
                            45.49665900682
                        ],
                        [
                            -73.57799347359,
                            45.49668775715
                        ],
                        [
                            -73.57800849978,
                            45.49669504026
                        ],
                        [
                            -73.57802649965,
                            45.49670376469
                        ]
                    ]
                ]
            }
        },
        {
            "type": "Feature",
            "properties": {
                "highway": "footway",
                "level": "5"
            },
            "geometry": {
                "type": "LineString",
                "coordinates": [
                    [
                        -73.57809290500,
                        45.49690217967
                    ],
                    [
                        -73.57811165433,
                        45.49691156052
                    ],
                    [
                        -73.57816442391,
                        45.49693796272
                    ],
                    [
                        -73.57807274582,
                        45.49702799114
                    ],
                    [
                        -73.57801998277,
                        45.49700154219
                    ],
                    [
                        -73.57800126880,
                        45.49699216130
                    ],
                    [
                        -73.57799221160,
                        45.49700105552
                    ],
                    [
                        -73.57797320290,
                        45.49701972216
                    ]
                ]
            }
        },
        {
            "type": "Feature",
            "properties": {
                "door": "hinged"
            },
            "geometry": {
                "type": "Point",
                "coordinates": [
                    -73.57845439694,
                    45.49666696108
                ]
            }
        },
        {
            "type": "Feature",
            "properties": {
                "level": "5",
                "indoor": "room"
            },
            "geometry": {
                "type": "Polygon",
                "coordinates": [
                    [
                        [
                            -73.57790027897,
                            45.49695435834
                        ],
                        [
                            -73.57787596555,
                            45.49697825902
                        ],
                        [
                            -73.57790009539,
                            45.49699033406
                        ],
                        [
                            -73.57792457492,
                            45.49696665501
                        ],
                        [
                            -73.57790027897,
                            45.49695435834
                        ]
                    ]
                ]
            }
        },
        {
            "type": "Feature",
            "properties": {
                "level": "5",
                "ref": "LB-bath-M-5-01",
                "indoor": "room",
                "amenity": "toilets"
            },
            "geometry": {
                "type": "Polygon",
                "coordinates": [
                    [
                        [
                            -73.57792550730,
                            45.49696713092
                        ],
                        [
                            -73.57787576469,
                            45.49701590419
                        ],
                        [
                            -73.57790502841,
                            45.49703054568
                        ],
                        [
                            -73.57795477608,
                            45.49698206951
                        ],
                        [
                            -73.57793621378,
                            45.49697259545
                        ],
                        [
                            -73.57792550730,
                            45.49696713092
                        ]
                    ]
                ]
            }
        },
        {
            "type": "Feature",
            "properties": {
                "ref": "LB-245",
                "indoor": "room",
                "level": "2"
            },
            "geometry": {
                "type": "Polygon",
                "coordinates": [
                    [
                        [
                            -73.57769857309,
                            45.49667800828
                        ],
                        [
                            -73.57756249291,
                            45.49661079044
                        ],
                        [
                            -73.57729165213,
                            45.49688019318
                        ],
                        [
                            -73.57751630716,
                            45.49699116182
                        ],
                        [
                            -73.57754724948,
                            45.49696038415
                        ],
                        [
                            -73.57745867519,
                            45.49691663237
                        ],
                        [
                            -73.57753052888,
                            45.49684516032
                        ],
                        [
                            -73.57766290287,
                            45.49671348916
                        ],
                        [
                            -73.57769857309,
                            45.49667800828
                        ]
                    ]
                ]
            }
        },
        {
            "type": "Feature",
            "properties": {
                "level": "5",
                "amenity": "drinking_water",
                "name": "Water Fountain",
                "indoor": "yes"
            },
            "geometry": {
                "type": "Point",
                "coordinates": [
                    -73.57792651767,
                    45.49696490144
                ]
            }
        },
        {
            "type": "Feature",
            "properties": {
                "indoor": "room",
                "amenity": "toilets",
                "male": "no",
                "female": "yes",
                "level": "2",
                "ref": "LB-bath-W-2-02"
            },
            "geometry": {
                "type": "Polygon",
                "coordinates": [
                    [
                        [
                            -73.57820685548,
                            45.49666666798
                        ],
                        [
                            -73.57818292805,
                            45.49665489804
                        ],
                        [
                            -73.57817495853,
                            45.49665097782
                        ],
                        [
                            -73.57812645431,
                            45.49669939847
                        ],
                        [
                            -73.57815835126,
                            45.49671508862
                        ],
                        [
                            -73.57820685548,
                            45.49666666798
                        ]
                    ]
                ]
            }
        },
        {
            "type": "Feature",
            "properties": {
                "door": "hinged"
            },
            "geometry": {
                "type": "Point",
                "coordinates": [
                    -73.57814732221,
                    45.49664314252
                ]
            }
        },
        {
            "type": "Feature",
            "properties": {
                "door": "hinged"
            },
            "geometry": {
                "type": "Point",
                "coordinates": [
                    -73.57813938904,
                    45.49670562255
                ]
            }
        },
        {
            "type": "Feature",
            "properties": null,
            "geometry": {
                "type": "LineString",
                "coordinates": [
                    [
                        -73.57814913781,
                        45.49681716057
                    ],
                    [
                        -73.57780033199,
                        45.49664527352
                    ],
                    [
                        -73.57774309912,
                        45.49670231938
                    ],
                    [
                        -73.57809190403,
                        45.49687420578
                    ],
                    [
                        -73.57814913781,
                        45.49681716057
                    ]
                ]
            }
        },
        {
            "type": "Feature",
            "properties": {
                "highway": "footway",
                "level": "3"
            },
            "geometry": {
                "type": "LineString",
                "coordinates": [
                    [
                        -73.57819559937,
                        45.49666814261
                    ],
                    [
                        -73.57815104737,
                        45.49671150747
                    ],
                    [
                        -73.57813938904,
                        45.49670562255
                    ],
                    [
                        -73.57810971065,
                        45.49669064143
                    ],
                    [
                        -73.57809056906,
                        45.49668097910
                    ],
                    [
                        -73.57803009075,
                        45.49665045072
                    ]
                ]
            }
        },
        {
            "type": "Feature",
            "properties": {
                "level": "3",
                "ref": "LB-316"
            },
            "geometry": {
                "type": "Point",
                "coordinates": [
                    -73.57831115973,
                    45.49663260921
                ]
            }
        },
        {
            "type": "Feature",
            "properties": {
                "ref": "LB-257",
                "indoor": "room",
                "level": "2"
            },
            "geometry": {
                "type": "Polygon",
                "coordinates": [
                    [
                        [
                            -73.57797466223,
                            45.49687236892
                        ],
                        [
                            -73.57794020516,
                            45.49690680969
                        ],
                        [
                            -73.57797368091,
                            45.49692325230
                        ],
                        [
                            -73.57800813798,
                            45.49688881154
                        ],
                        [
                            -73.57798668011,
                            45.49687827186
                        ],
                        [
                            -73.57797466223,
                            45.49687236892
                        ]
                    ]
                ]
            }
        },
        {
            "type": "Feature",
            "properties": {
                "highway": "footway",
                "level": "5"
            },
            "geometry": {
                "type": "LineString",
                "coordinates": [
                    [
                        -73.57819004653,
                        45.49687832618
                    ],
                    [
                        -73.57816399453,
                        45.49686545528
                    ],
                    [
                        -73.57814175527,
                        45.49685421139
                    ]
                ]
            }
        },
        {
            "type": "Feature",
            "properties": {
                "ref": "LB-261",
                "level": "2"
            },
            "geometry": {
                "type": "Point",
                "coordinates": [
                    -73.57765867524,
                    45.49702680477
                ]
            }
        },
        {
            "type": "Feature",
            "properties": {
                "level": "4",
                "highway": "footway"
            },
            "geometry": {
                "type": "LineString",
                "coordinates": [
                    [
                        -73.57806279045,
                        45.49651803068
                    ],
                    [
                        -73.57807206515,
                        45.49652270469
                    ],
                    [
                        -73.57803972280,
                        45.49655654281
                    ],
                    [
                        -73.57800984598,
                        45.49658501760
                    ]
                ]
            }
        },
        {
            "type": "Feature",
            "properties": {
                "door": "hinged"
            },
            "geometry": {
                "type": "Point",
                "coordinates": [
                    -73.57793115058,
                    45.49652326641
                ]
            }
        },
        {
            "type": "Feature",
            "properties": {
                "door": "hinged"
            },
            "geometry": {
                "type": "Point",
                "coordinates": [
                    -73.57800849978,
                    45.49669504026
                ]
            }
        },
        {
            "type": "Feature",
            "properties": {
                "ref": "LB-522",
                "level": "5",
                "indoor": "room"
            },
            "geometry": {
                "type": "Polygon",
                "coordinates": [
                    [
                        [
                            -73.57799197374,
                            45.49668675338
                        ],
                        [
                            -73.57802061523,
                            45.49665848817
                        ],
                        [
                            -73.57797476907,
                            45.49663554985
                        ],
                        [
                            -73.57794534695,
                            45.49666366146
                        ],
                        [
                            -73.57795167605,
                            45.49666679592
                        ],
                        [
                            -73.57799197374,
                            45.49668675338
                        ]
                    ]
                ]
            }
        },
        {
            "type": "Feature",
            "properties": {
                "level": "3",
                "indoor": "room"
            },
            "geometry": {
                "type": "Polygon",
                "coordinates": [
                    [
                        [
                            -73.57750691338,
                            45.49684586493
                        ],
                        [
                            -73.57747379440,
                            45.49687810131
                        ],
                        [
                            -73.57744434021,
                            45.49686369965
                        ],
                        [
                            -73.57747812416,
                            45.49683127091
                        ],
                        [
                            -73.57750691338,
                            45.49684586493
                        ]
                    ]
                ]
            }
        },
        {
            "type": "Feature",
            "properties": {
                "level": "5",
                "ref": "LB-bath-M-5-02"
            },
            "geometry": {
                "type": "Point",
                "coordinates": [
                    -73.57794916517,
                    45.49659323755
                ]
            }
        },
        {
            "type": "Feature",
            "properties": {
                "level": "5",
                "ref": "LB-527"
            },
            "geometry": {
                "type": "Point",
                "coordinates": [
                    -73.57782496151,
                    45.49648990457
                ]
            }
        },
        {
            "type": "Feature",
            "properties": {
                "level": "4",
                "highway": "footway"
            },
            "geometry": {
                "type": "LineString",
                "coordinates": [
                    [
                        -73.57804589304,
                        45.49688355205
                    ],
                    [
                        -73.57803113940,
                        45.49689822106
                    ],
                    [
                        -73.57800917183,
                        45.49692006261
                    ]
                ]
            }
        },
        {
            "type": "Feature",
            "properties": {
                "door": "hinged"
            },
            "geometry": {
                "type": "Point",
                "coordinates": [
                    -73.57802673894,
                    45.49689839064
                ]
            }
        },
        {
            "type": "Feature",
            "properties": {
                "door": "hinged"
            },
            "geometry": {
                "type": "Point",
                "coordinates": [
                    -73.57791410770,
                    45.49654993788
                ]
            }
        },
        {
            "type": "Feature",
            "properties": {
                "highway": "footway",
                "level": "4"
            },
            "geometry": {
                "type": "LineString",
                "coordinates": [
                    [
                        -73.57824068421,
                        45.49660148287
                    ],
                    [
                        -73.57823328726,
                        45.49659786505
                    ],
                    [
                        -73.57819479620,
                        45.49663286777
                    ],
                    [
                        -73.57816403609,
                        45.49666300905
                    ]
                ]
            }
        },
        {
            "type": "Feature",
            "properties": {
                "level": "3",
                "ref": "LB-bath-W-3-02"
            },
            "geometry": {
                "type": "Point",
                "coordinates": [
                    -73.57791512457,
                    45.49657258287
                ]
            }
        },
        {
            "type": "Feature",
            "properties": {
                "highway": "footway",
                "level": "5"
            },
            "geometry": {
                "type": "LineString",
                "coordinates": [
                    [
                        -73.57806279045,
                        45.49651803068
                    ],
                    [
                        -73.57807378862,
                        45.49652377854
                    ],
                    [
                        -73.57803972280,
                        45.49655654281
                    ],
                    [
                        -73.57801357516,
                        45.49658266253
                    ]
                ]
            }
        },
        {
            "type": "Feature",
            "properties": {
                "highway": "footway",
                "level": "3"
            },
            "geometry": {
                "type": "LineString",
                "coordinates": [
                    [
                        -73.57762610991,
                        45.49692202124
                    ],
                    [
                        -73.57763603592,
                        45.49692703169
                    ],
                    [
                        -73.57772103791,
                        45.49696993893
                    ],
                    [
                        -73.57774226300,
                        45.49694927952
                    ]
                ]
            }
        },
        {
            "type": "Feature",
            "properties": {
                "surface": "concrete",
                "highway": "footway",
                "footway": "sidewalk",
                "wheelchair": "yes"
            },
            "geometry": {
                "type": "LineString",
                "coordinates": [
                    [
                        -73.57747750000,
                        45.49646010000
                    ],
                    [
                        -73.57747030000,
                        45.49645660000
                    ]
                ]
            }
        },
        {
            "type": "Feature",
            "properties": {
                "level": "1;2",
                "highway": "elevator",
                "ref": "LB-elevator-2-02"
            },
            "geometry": {
                "type": "Point",
                "coordinates": [
                    -73.57809479969,
                    45.49670615201
                ]
            }
        },
        {
            "type": "Feature",
            "properties": {
                "level": "3",
                "indoor": "room"
            },
            "geometry": {
                "type": "Polygon",
                "coordinates": [
                    [
                        [
                            -73.57792061108,
                            45.49654069493
                        ],
                        [
                            -73.57789121427,
                            45.49656944989
                        ],
                        [
                            -73.57786555103,
                            45.49655680428
                        ],
                        [
                            -73.57789529879,
                            45.49652764546
                        ],
                        [
                            -73.57792061108,
                            45.49654069493
                        ]
                    ]
                ]
            }
        },
        {
            "type": "Feature",
            "properties": {
                "highway": "footway",
                "level": "2"
            },
            "geometry": {
                "type": "LineString",
                "coordinates": [
                    [
                        -73.57765438679,
                        45.49690634947
                    ],
                    [
                        -73.57761951360,
                        45.49694103076
                    ],
                    [
                        -73.57759369077,
                        45.49696671148
                    ],
                    [
                        -73.57767747754,
                        45.49700810596
                    ],
                    [
                        -73.57765867524,
                        45.49702680477
                    ]
                ]
            }
        },
        {
            "type": "Feature",
            "properties": {
                "email": "shift@concordia.ca",
                "opening_hours": "Mo-Fr 10:00-16:00 || \"by appointment\"",
                "name:en": "SHIFT Centre for Social Transformation",
                "name:fr": "Centre SHIFT pour la transformation sociale",
                "name": "Centre SHIFT pour la transformation sociale",
                "office": "yes"
            },
            "geometry": {
                "type": "Point",
                "coordinates": [
                    -73.57760180000,
                    45.49670120000
                ]
            }
        },
        {
            "type": "Feature",
            "properties": {
                "door": "hinged"
            },
            "geometry": {
                "type": "Point",
                "coordinates": [
                    -73.57818292805,
                    45.49665489804
                ]
            }
        },
        {
            "type": "Feature",
            "properties": {
                "highway": "footway",
                "level": "3"
            },
            "geometry": {
                "type": "LineString",
                "coordinates": [
                    [
                        -73.57791736623,
                        45.49662599530
                    ],
                    [
                        -73.57790738060,
                        45.49663497190
                    ],
                    [
                        -73.57788037199,
                        45.49666003228
                    ]
                ]
            }
        },
        {
            "type": "Feature",
            "properties": {
                "highway": "footway",
                "level": "3"
            },
            "geometry": {
                "type": "LineString",
                "coordinates": [
                    [
                        -73.57764978077,
                        45.49654363377
                    ],
                    [
                        -73.57762000799,
                        45.49652860496
                    ]
                ]
            }
        },
        {
            "type": "Feature",
            "properties": {
                "building:levels": "4",
                "building:part": "yes"
            },
            "geometry": {
                "type": "LineString",
                "coordinates": [
                    [
                        -73.57837160000,
                        45.49692770000
                    ],
                    [
                        -73.57832110000,
                        45.49690520000
                    ],
                    [
                        -73.57852500000,
                        45.49669320000
                    ],
                    [
                        -73.57857310000,
                        45.49671600000
                    ],
                    [
                        -73.57837160000,
                        45.49692770000
                    ]
                ]
            }
        },
        {
            "type": "Feature",
            "properties": {
                "addr:housenumber": "1400",
                "ref": "LB",
                "addr:city": "Montréal",
                "learning": "university",
                "building:levels": "10",
                "building": "university",
                "addr:street": "Boulevard de Maisonneuve Ouest",
                "name": "LB - J. W. McConnell Building (Library Building)",
                "education": "university",
                "internet_access": "yes"
            },
            "geometry": {
                "type": "LineString",
                "coordinates": [
                    [
                        -73.57852500000,
                        45.49669320000
                    ],
                    [
                        -73.57857310000,
                        45.49671600000
                    ],
                    [
                        -73.57837160000,
                        45.49692770000
                    ],
                    [
                        -73.57832110000,
                        45.49690520000
                    ],
                    [
                        -73.57827830000,
                        45.49696340000
                    ],
                    [
                        -73.57831700000,
                        45.49698520000
                    ],
                    [
                        -73.57804500000,
                        45.49726160000
                    ],
                    [
                        -73.57785600000,
                        45.49717000000
                    ],
                    [
                        -73.57775730000,
                        45.49712220000
                    ],
                    [
                        -73.57757840000,
                        45.49703550000
                    ],
                    [
                        -73.57739300000,
                        45.49694570000
                    ],
                    [
                        -73.57730360000,
                        45.49690310000
                    ],
                    [
                        -73.57728060000,
                        45.49689120000
                    ],
                    [
                        -73.57755550000,
                        45.49660920000
                    ],
                    [
                        -73.57757740000,
                        45.49661950000
                    ],
                    [
                        -73.57760450000,
                        45.49663200000
                    ],
                    [
                        -73.57764830000,
                        45.49665220000
                    ],
                    [
                        -73.57766830000,
                        45.49663030000
                    ],
                    [
                        -73.57769120000,
                        45.49660050000
                    ],
                    [
                        -73.57764380000,
                        45.49657850000
                    ],
                    [
                        -73.57762440000,
                        45.49656950000
                    ],
                    [
                        -73.57745330000,
                        45.49648540000
                    ],
                    [
                        -73.57747750000,
                        45.49646010000
                    ],
                    [
                        -73.57768840000,
                        45.49624380000
                    ],
                    [
                        -73.57774000000,
                        45.49626820000
                    ],
                    [
                        -73.57852500000,
                        45.49669320000
                    ]
                ]
            }
        },
        {
            "type": "Feature",
            "properties": {
                "level": "5",
                "indoor": "room",
                "ref": "LB-583"
            },
            "geometry": {
                "type": "Polygon",
                "coordinates": [
                    [
                        [
                            -73.57797259637,
                            45.49699116326
                        ],
                        [
                            -73.57793808073,
                            45.49702476465
                        ],
                        [
                            -73.57797559405,
                            45.49704371098
                        ],
                        [
                            -73.57800987146,
                            45.49700996164
                        ],
                        [
                            -73.57799221160,
                            45.49700105552
                        ],
                        [
                            -73.57797259637,
                            45.49699116326
                        ]
                    ]
                ]
            }
        },
        {
            "type": "Feature",
            "properties": {
                "door": "hinged"
            },
            "geometry": {
                "type": "Point",
                "coordinates": [
                    -73.57777163446,
                    45.49659038742
                ]
            }
        },
        {
            "type": "Feature",
            "properties": {
                "highway": "footway",
                "level": "5"
            },
            "geometry": {
                "type": "LineString",
                "coordinates": [
                    [
                        -73.57774671788,
                        45.49686480185
                    ],
                    [
                        -73.57775587816,
                        45.49685580639
                    ],
                    [
                        -73.57782017168,
                        45.49679266960
                    ],
                    [
                        -73.57788271611,
                        45.49682396252
                    ],
                    [
                        -73.57794305036,
                        45.49685414959
                    ],
                    [
                        -73.57787875683,
                        45.49691728632
                    ],
                    [
                        -73.57786959656,
                        45.49692628177
                    ]
                ]
            }
        },
        {
            "type": "Feature",
            "properties": {
                "ref": "LB-stair-2-02",
                "level": "2;3;4;5",
                "highway": "steps"
            },
            "geometry": {
                "type": "Point",
                "coordinates": [
                    -73.57819004653,
                    45.49687832618
                ]
            }
        },
        {
            "type": "Feature",
            "properties": {
                "door": "hinged"
            },
            "geometry": {
                "type": "Point",
                "coordinates": [
                    -73.57781150263,
                    45.49701560366
                ]
            }
        },
        {
            "type": "Feature",
            "properties": {
                "highway": "footway",
                "level": "5"
            },
            "geometry": {
                "type": "LineString",
                "coordinates": [
                    [
                        -73.57769273736,
                        45.49683779374
                    ],
                    [
                        -73.57768623435,
                        45.49684417975
                    ]
                ]
            }
        },
        {
            "type": "Feature",
            "properties": {
                "indoor": "room",
                "level": "2"
            },
            "geometry": {
                "type": "Polygon",
                "coordinates": [
                    [
                        [
                            -73.57822092037,
                            45.49674603706
                        ],
                        [
                            -73.57823378710,
                            45.49673325421
                        ],
                        [
                            -73.57820596031,
                            45.49671948980
                        ],
                        [
                            -73.57819309358,
                            45.49673227265
                        ],
                        [
                            -73.57822092037,
                            45.49674603706
                        ]
                    ]
                ]
            }
        },
        {
            "type": "Feature",
            "properties": {
                "door": "hinged"
            },
            "geometry": {
                "type": "Point",
                "coordinates": [
                    -73.57766296469,
                    45.49669371112
                ]
            }
        },
        {
            "type": "Feature",
            "properties": {
                "level": "5",
                "ref": "LB-583"
            },
            "geometry": {
                "type": "Point",
                "coordinates": [
                    -73.57797320290,
                    45.49701972216
                ]
            }
        },
        {
            "type": "Feature",
            "properties": {
                "level": "5",
                "indoor": "room",
                "ref": "LB-518"
            },
            "geometry": {
                "type": "Polygon",
                "coordinates": [
                    [
                        [
                            -73.57807420192,
                            45.49672791074
                        ],
                        [
                            -73.57810284341,
                            45.49669964555
                        ],
                        [
                            -73.57805699716,
                            45.49667670720
                        ],
                        [
                            -73.57802757504,
                            45.49670481880
                        ],
                        [
                            -73.57806907822,
                            45.49672537327
                        ],
                        [
                            -73.57807420192,
                            45.49672791074
                        ]
                    ]
                ]
            }
        },
        {
            "type": "Feature",
            "properties": {
                "level": "3",
                "ref": "LB-bath-M-3-02"
            },
            "geometry": {
                "type": "Point",
                "coordinates": [
                    -73.57795347202,
                    45.49659049946
                ]
            }
        },
        {
            "type": "Feature",
            "properties": {
                "ref": "LB-207",
                "level": "2"
            },
            "geometry": {
                "type": "Point",
                "coordinates": [
                    -73.57845377700,
                    45.49671442437
                ]
            }
        },
        {
            "type": "Feature",
            "properties": {
                "level": "5",
                "indoor": "room",
                "amenity": "toilets",
                "ref": "LB-bath-W-5-01"
            },
            "geometry": {
                "type": "Polygon",
                "coordinates": [
                    [
                        [
                            -73.57767126217,
                            45.49684002921
                        ],
                        [
                            -73.57765249307,
                            45.49683088153
                        ],
                        [
                            -73.57764126682,
                            45.49682541011
                        ],
                        [
                            -73.57759190813,
                            45.49687388075
                        ],
                        [
                            -73.57762119668,
                            45.49688853471
                        ],
                        [
                            -73.57767126217,
                            45.49684002921
                        ]
                    ]
                ]
            }
        },
        {
            "type": "Feature",
            "properties": {
                "level": "5",
                "ref": "LB-505"
            },
            "geometry": {
                "type": "Point",
                "coordinates": [
                    -73.57829799139,
                    45.49670078868
                ]
            }
        },
        {
            "type": "Feature",
            "properties": {
                "highway": "footway",
                "level": "5"
            },
            "geometry": {
                "type": "LineString",
                "coordinates": [
                    [
                        -73.57779458644,
                        45.49661708004
                    ],
                    [
                        -73.57791626278,
                        45.49667822445
                    ],
                    [
                        -73.57793199021,
                        45.49668612775
                    ],
                    [
                        -73.57798860469,
                        45.49671457746
                    ],
                    [
                        -73.57804911001,
                        45.49674498237
                    ],
                    [
                        -73.57806972343,
                        45.49675534094
                    ],
                    [
                        -73.57816216932,
                        45.49680179649
                    ],
                    [
                        -73.57818397483,
                        45.49681275407
                    ],
                    [
                        -73.57814175527,
                        45.49685421139
                    ],
                    [
                        -73.57809290500,
                        45.49690217967
                    ],
                    [
                        -73.57800126880,
                        45.49699216130
                    ],
                    [
                        -73.57797367941,
                        45.49697835751
                    ],
                    [
                        -73.57794497233,
                        45.49696399451
                    ],
                    [
                        -73.57793335846,
                        45.49695818375
                    ],
                    [
                        -73.57789295373,
                        45.49693796806
                    ],
                    [
                        -73.57786959656,
                        45.49692628177
                    ],
                    [
                        -73.57774671788,
                        45.49686480185
                    ],
                    [
                        -73.57771845231,
                        45.49685065972
                    ],
                    [
                        -73.57769273736,
                        45.49683779374
                    ],
                    [
                        -73.57766141359,
                        45.49682212150
                    ],
                    [
                        -73.57764248688,
                        45.49681265188
                    ],
                    [
                        -73.57761131420,
                        45.49679705521
                    ],
                    [
                        -73.57770603103,
                        45.49670404246
                    ],
                    [
                        -73.57774848543,
                        45.49666235177
                    ],
                    [
                        -73.57779458644,
                        45.49661708004
                    ]
                ]
            }
        },
        {
            "type": "Feature",
            "properties": {
                "level": "3",
                "ref": "LB-362"
            },
            "geometry": {
                "type": "Point",
                "coordinates": [
                    -73.57774226300,
                    45.49694927952
                ]
            }
        },
        {
            "type": "Feature",
            "properties": {
                "highway": "footway",
                "level": "2"
            },
            "geometry": {
                "type": "LineString",
                "coordinates": [
                    [
                        -73.57830676848,
                        45.49670188933
                    ],
                    [
                        -73.57826059077,
                        45.49667907533
                    ],
                    [
                        -73.57824141470,
                        45.49666960143
                    ]
                ]
            }
        },
        {
            "type": "Feature",
            "properties": {
                "ref": "LB-bath-M-2-02",
                "male": "yes",
                "female": "no",
                "indoor": "room",
                "amenity": "toilets",
                "level": "2"
            },
            "geometry": {
                "type": "Polygon",
                "coordinates": [
                    [
                        [
                            -73.57819108510,
                            45.49673135208
                        ],
                        [
                            -73.57823989227,
                            45.49668314412
                        ],
                        [
                            -73.57823183276,
                            45.49667913069
                        ],
                        [
                            -73.57820912591,
                            45.49666782330
                        ],
                        [
                            -73.57816032027,
                            45.49671603109
                        ],
                        [
                            -73.57819108510,
                            45.49673135208
                        ]
                    ]
                ]
            }
        },
        {
            "type": "Feature",
            "properties": {
                "level": "4",
                "ref": "LB-water-4-03",
                "amenity": "drinking_water",
                "name": "Water Fountain",
                "indoor": "yes"
            },
            "geometry": {
                "type": "Point",
                "coordinates": [
                    -73.57794430738,
                    45.49656109638
                ]
            }
        },
        {
            "type": "Feature",
            "properties": {
                "door": "hinged"
            },
            "geometry": {
                "type": "Point",
                "coordinates": [
                    -73.57796818829,
                    45.49657686042
                ]
            }
        },
        {
            "type": "Feature",
            "properties": {
                "door": "hinged"
            },
            "geometry": {
                "type": "Point",
                "coordinates": [
                    -73.57759468473,
                    45.49678873498
                ]
            }
        },
        {
            "type": "Feature",
            "properties": {
                "level": "4",
                "highway": "footway"
            },
            "geometry": {
                "type": "LineString",
                "coordinates": [
                    [
                        -73.57806504107,
                        45.49675321160
                    ],
                    [
                        -73.57815851018,
                        45.49666027834
                    ],
                    [
                        -73.57816403609,
                        45.49666300905
                    ],
                    [
                        -73.57827797862,
                        45.49671931540
                    ],
                    [
                        -73.57818446578,
                        45.49681222694
                    ]
                ]
            }
        },
        {
            "type": "Feature",
            "properties": null,
            "geometry": {
                "type": "LineString",
                "coordinates": [
                    [
                        -73.57773666193,
                        45.49670184795
                    ],
                    [
                        -73.57809285136,
                        45.49687879404
                    ],
                    [
                        -73.57814725673,
                        45.49682480456
                    ],
                    [
                        -73.57779081402,
                        45.49664831705
                    ],
                    [
                        -73.57773666193,
                        45.49670184795
                    ]
                ]
            }
        },
        {
            "type": "Feature",
            "properties": {
                "level": "3",
                "ref": "LB-322"
            },
            "geometry": {
                "type": "Point",
                "coordinates": [
                    -73.57812641299,
                    45.49657480037
                ]
            }
        },
        {
            "type": "Feature",
            "properties": {
                "highway": "footway",
                "level": "3"
            },
            "geometry": {
                "type": "LineString",
                "coordinates": [
                    [
                        -73.57758409186,
                        45.49693319282
                    ],
                    [
                        -73.57761091835,
                        45.49690651395
                    ],
                    [
                        -73.57762721529,
                        45.49689045113
                    ]
                ]
            }
        },
        {
            "type": "Feature",
            "properties": {
                "level": "4",
                "highway": "footway"
            },
            "geometry": {
                "type": "LineString",
                "coordinates": [
                    [
                        -73.57791517017,
                        45.49667915077
                    ],
                    [
                        -73.57800984598,
                        45.49658501760
                    ],
                    [
                        -73.57797653841,
                        45.49656855815
                    ],
                    [
                        -73.57794999503,
                        45.49655544133
                    ],
                    [
                        -73.57792232494,
                        45.49654176772
                    ],
                    [
                        -73.57789062232,
                        45.49652610137
                    ],
                    [
                        -73.57779594651,
                        45.49662023463
                    ]
                ]
            }
        },
        {
            "type": "Feature",
            "properties": {
                "level": "4",
                "highway": "footway"
            },
            "geometry": {
                "type": "LineString",
                "coordinates": [
                    [
                        -73.57783904794,
                        45.49705472208
                    ],
                    [
                        -73.57786295965,
                        45.49703094200
                    ],
                    [
                        -73.57787507930,
                        45.49701829527
                    ]
                ]
            }
        },
        {
            "type": "Feature",
            "properties": {
                "level": "4",
                "highway": "footway"
            },
            "geometry": {
                "type": "LineString",
                "coordinates": [
                    [
                        -73.57797653841,
                        45.49656855815
                    ],
                    [
                        -73.57796818829,
                        45.49657686042
                    ],
                    [
                        -73.57794806073,
                        45.49659687263
                    ]
                ]
            }
        },
        {
            "type": "Feature",
            "properties": {
                "door": "hinged"
            },
            "geometry": {
                "type": "Point",
                "coordinates": [
                    -73.57749295956,
                    45.49682966261
                ]
            }
        },
        {
            "type": "Feature",
            "properties": {
                "highway": "footway",
                "level": "2"
            },
            "geometry": {
                "type": "LineString",
                "coordinates": [
                    [
                        -73.57774943906,
                        45.49695330967
                    ],
                    [
                        -73.57782273529,
                        45.49688041677
                    ],
                    [
                        -73.57789922874,
                        45.49680434413
                    ]
                ]
            }
        },
        {
            "type": "Feature",
            "properties": {
                "ref": "LB-bath-M-4-01",
                "level": "4",
                "male": "yes",
                "female": "no",
                "indoor": "room",
                "amenity": "toilets"
            },
            "geometry": {
                "type": "Polygon",
                "coordinates": [
                    [
                        [
                            -73.57789752351,
                            45.49703892169
                        ],
                        [
                            -73.57783570033,
                            45.49710032265
                        ],
                        [
                            -73.57789879249,
                            45.49713150022
                        ],
                        [
                            -73.57796068916,
                            45.49707013571
                        ],
                        [
                            -73.57792132442,
                            45.49705068318
                        ],
                        [
                            -73.57789752351,
                            45.49703892169
                        ]
                    ]
                ]
            }
        },
        {
            "type": "Feature",
            "properties": {
                "door": "hinged"
            },
            "geometry": {
                "type": "Point",
                "coordinates": [
                    -73.57832968506,
                    45.49661457749
                ]
            }
        },
        {
            "type": "Feature",
            "properties": {
                "highway": "footway",
                "level": "2"
            },
            "geometry": {
                "type": "LineString",
                "coordinates": [
                    [
                        -73.57803082871,
                        45.49656538802
                    ],
                    [
                        -73.57803972280,
                        45.49655654281
                    ],
                    [
                        -73.57807325111,
                        45.49652319877
                    ],
                    [
                        -73.57806279045,
                        45.49651803068
                    ]
                ]
            }
        },
        {
            "type": "Feature",
            "properties": {
                "indoor": "room",
                "ref": "LB-elevator-01",
                "level": "2;3;4;5"
            },
            "geometry": {
                "type": "Polygon",
                "coordinates": [
                    [
                        [
                            -73.57790237395,
                            45.49659991594
                        ],
                        [
                            -73.57788048582,
                            45.49662168467
                        ],
                        [
                            -73.57790738060,
                            45.49663497190
                        ],
                        [
                            -73.57793304570,
                            45.49664765160
                        ],
                        [
                            -73.57795493319,
                            45.49662588351
                        ],
                        [
                            -73.57790237395,
                            45.49659991594
                        ]
                    ]
                ]
            }
        },
        {
            "type": "Feature",
            "properties": {
                "door": "hinged"
            },
            "geometry": {
                "type": "Point",
                "coordinates": [
                    -73.57801998277,
                    45.49700154219
                ]
            }
        },
        {
            "type": "Feature",
            "properties": {
                "level": "5",
                "ref": "LB-562",
                "indoor": "room"
            },
            "geometry": {
                "type": "Polygon",
                "coordinates": [
                    [
                        [
                            -73.57782113783,
                            45.49698857186
                        ],
                        [
                            -73.57786261497,
                            45.49694821737
                        ],
                        [
                            -73.57779100961,
                            45.49691260378
                        ],
                        [
                            -73.57774992976,
                            45.49695294447
                        ],
                        [
                            -73.57782113783,
                            45.49698857186
                        ]
                    ]
                ]
            }
        },
        {
            "type": "Feature",
            "properties": {
                "level": "3",
                "ref": "LB-345"
            },
            "geometry": {
                "type": "Point",
                "coordinates": [
                    -73.57744631039,
                    45.49679929336
                ]
            }
        },
        {
            "type": "Feature",
            "properties": {
                "ref": "LB-bath-M-2-02",
                "level": "2"
            },
            "geometry": {
                "type": "Point",
                "coordinates": [
                    -73.57819840157,
                    45.49669686546
                ]
            }
        },
        {
            "type": "Feature",
            "properties": {
                "building:levels": "4",
                "building:part": "yes"
            },
            "geometry": {
                "type": "LineString",
                "coordinates": [
                    [
                        -73.57761270000,
                        45.49699750000
                    ],
                    [
                        -73.57757840000,
                        45.49703550000
                    ],
                    [
                        -73.57739300000,
                        45.49694570000
                    ],
                    [
                        -73.57730360000,
                        45.49690310000
                    ],
                    [
                        -73.57728060000,
                        45.49689120000
                    ],
                    [
                        -73.57755550000,
                        45.49660920000
                    ],
                    [
                        -73.57757740000,
                        45.49661950000
                    ],
                    [
                        -73.57760450000,
                        45.49663200000
                    ],
                    [
                        -73.57736460000,
                        45.49687910000
                    ],
                    [
                        -73.57755640000,
                        45.49696930000
                    ],
                    [
                        -73.57761270000,
                        45.49699750000
                    ]
                ]
            }
        },
        {
            "type": "Feature",
            "properties": {
                "highway": "footway",
                "level": "4"
            },
            "geometry": {
                "type": "LineString",
                "coordinates": [
                    [
                        -73.57795048215,
                        45.49705551127
                    ],
                    [
                        -73.57794615567,
                        45.49705957704
                    ]
                ]
            }
        },
        {
            "type": "Feature",
            "properties": {
                "door": "hinged"
            },
            "geometry": {
                "type": "Point",
                "coordinates": [
                    -73.57780970798,
                    45.49703487575
                ]
            }
        },
        {
            "type": "Feature",
            "properties": {
                "level": "4",
                "highway": "footway"
            },
            "geometry": {
                "type": "LineString",
                "coordinates": [
                    [
                        -73.57769368272,
                        45.49670950257
                    ],
                    [
                        -73.57754629812,
                        45.49685604190
                    ],
                    [
                        -73.57758771872,
                        45.49687648298
                    ],
                    [
                        -73.57761128900,
                        45.49688811491
                    ],
                    [
                        -73.57762346793,
                        45.49689412521
                    ],
                    [
                        -73.57764989005,
                        45.49690716453
                    ],
                    [
                        -73.57783789094,
                        45.49699994286
                    ],
                    [
                        -73.57787507930,
                        45.49701829527
                    ],
                    [
                        -73.57792775422,
                        45.49704429028
                    ],
                    [
                        -73.57794317043,
                        45.49705189810
                    ],
                    [
                        -73.57809053951,
                        45.49690561448
                    ]
                ]
            }
        },
        {
            "type": "Feature",
            "properties": {
                "level": "5",
                "ref": "LB-518"
            },
            "geometry": {
                "type": "Point",
                "coordinates": [
                    -73.57806454719,
                    45.49670021539
                ]
            }
        },
        {
            "type": "Feature",
            "properties": {
                "highway": "footway",
                "level": "2"
            },
            "geometry": {
                "type": "LineString",
                "coordinates": [
                    [
                        -73.57768449156,
                        45.49651063752
                    ],
                    [
                        -73.57766726678,
                        45.49650212762
                    ],
                    [
                        -73.57764661686,
                        45.49649192553
                    ],
                    [
                        -73.57766590429,
                        45.49647274408
                    ]
                ]
            }
        },
        {
            "type": "Feature",
            "properties": {
                "level": "4",
                "indoor": "room"
            },
            "geometry": {
                "type": "Polygon",
                "coordinates": [
                    [
                        [
                            -73.57748583143,
                            45.49688101821
                        ],
                        [
                            -73.57751739744,
                            45.49684963324
                        ],
                        [
                            -73.57748974093,
                            45.49683590747
                        ],
                        [
                            -73.57745824450,
                            45.49686728869
                        ],
                        [
                            -73.57748583143,
                            45.49688101821
                        ]
                    ]
                ]
            }
        },
        {
            "type": "Feature",
            "properties": {
                "level": "4",
                "male": "yes",
                "female": "no",
                "ref": "LB-bath-M-4-02",
                "indoor": "room",
                "amenity": "toilets"
            },
            "geometry": {
                "type": "Polygon",
                "coordinates": [
                    [
                        [
                            -73.57794319302,
                            45.49656441721
                        ],
                        [
                            -73.57790736510,
                            45.49660001361
                        ],
                        [
                            -73.57795175789,
                            45.49662195098
                        ],
                        [
                            -73.57798765385,
                            45.49658655081
                        ],
                        [
                            -73.57796818829,
                            45.49657686042
                        ],
                        [
                            -73.57794319302,
                            45.49656441721
                        ]
                    ]
                ]
            }
        },
        {
            "type": "Feature",
            "properties": {
                "level": "3",
                "indoor": "room"
            },
            "geometry": {
                "type": "Polygon",
                "coordinates": [
                    [
                        [
                            -73.57813580449,
                            45.49670914899
                        ],
                        [
                            -73.57810610131,
                            45.49669415536
                        ],
                        [
                            -73.57810971065,
                            45.49669064143
                        ],
                        [
                            -73.57812080125,
                            45.49667984402
                        ],
                        [
                            -73.57815040345,
                            45.49669478669
                        ],
                        [
                            -73.57813938904,
                            45.49670562255
                        ],
                        [
                            -73.57813580449,
                            45.49670914899
                        ]
                    ]
                ]
            }
        },
        {
            "type": "Feature",
            "properties": {
                "level": "3"
            },
            "geometry": {
                "type": "Point",
                "coordinates": [
                    -73.57804496159,
                    45.49709596370
                ]
            }
        },
        {
            "type": "Feature",
            "properties": {
                "highway": "footway",
                "level": "5"
            },
            "geometry": {
                "type": "LineString",
                "coordinates": [
                    [
                        -73.57796007677,
                        45.49656144717
                    ],
                    [
                        -73.57795239102,
                        45.49656899469
                    ],
                    [
                        -73.57793494782,
                        45.49658612413
                    ],
                    [
                        -73.57794916517,
                        45.49659323755
                    ]
                ]
            }
        },
        {
            "type": "Feature",
            "properties": {
                "level": "4",
                "ref": "LB-485"
            },
            "geometry": {
                "type": "Point",
                "coordinates": [
                    -73.57803616768,
                    45.49709785371
                ]
            }
        },
        {
            "type": "Feature",
            "properties": {
                "level": "3",
                "ref": "LB-311"
            },
            "geometry": {
                "type": "Point",
                "coordinates": [
                    -73.57827432965,
                    45.49666902373
                ]
            }
        },
        {
            "type": "Feature",
            "properties": {
                "indoor": "room",
                "level": "2"
            },
            "geometry": {
                "type": "Polygon",
                "coordinates": [
                    [
                        [
                            -73.57768332689,
                            45.49652433337
                        ],
                        [
                            -73.57779677219,
                            45.49658043510
                        ],
                        [
                            -73.57784087497,
                            45.49653661021
                        ],
                        [
                            -73.57787459828,
                            45.49650309936
                        ],
                        [
                            -73.57776115297,
                            45.49644699756
                        ],
                        [
                            -73.57768332689,
                            45.49652433337
                        ]
                    ]
                ]
            }
        },
        {
            "type": "Feature",
            "properties": {
                "highway": "footway",
                "level": "3"
            },
            "geometry": {
                "type": "LineString",
                "coordinates": [
                    [
                        -73.57809745955,
                        45.49691303587
                    ],
                    [
                        -73.57811940704,
                        45.49692411453
                    ],
                    [
                        -73.57818680458,
                        45.49695813549
                    ],
                    [
                        -73.57804496159,
                        45.49709596370
                    ]
                ]
            }
        },
        {
            "type": "Feature",
            "properties": {
                "door": "hinged"
            },
            "geometry": {
                "type": "Point",
                "coordinates": [
                    -73.57760197096,
                    45.49680623036
                ]
            }
        },
        {
            "type": "Feature",
            "properties": {
                "highway": "footway",
                "level": "2"
            },
            "geometry": {
                "type": "LineString",
                "coordinates": [
                    [
                        -73.57791941335,
                        45.49703728370
                    ],
                    [
                        -73.57790503381,
                        45.49705158407
                    ],
                    [
                        -73.57788065053,
                        45.49707583312
                    ],
                    [
                        -73.57789659119,
                        45.49708370852
                    ]
                ]
            }
        },
        {
            "type": "Feature",
            "properties": {
                "door": "elevator"
            },
            "geometry": {
                "type": "Point",
                "coordinates": [
                    -73.57790738060,
                    45.49663497190
                ]
            }
        },
        {
            "type": "Feature",
            "properties": {
                "ref": "LB-251",
                "level": "2"
            },
            "geometry": {
                "type": "Point",
                "coordinates": [
                    -73.57774619060,
                    45.49678187625
                ]
            }
        },
        {
            "type": "Feature",
            "properties": {
                "highway": "footway",
                "level": "5"
            },
            "geometry": {
                "type": "LineString",
                "coordinates": [
                    [
                        -73.57766270811,
                        45.49690540106
                    ],
                    [
                        -73.57765035082,
                        45.49689921834
                    ],
                    [
                        -73.57763574378,
                        45.49689191000
                    ],
                    [
                        -73.57764479906,
                        45.49688301765
                    ]
                ]
            }
        },
        {
            "type": "Feature",
            "properties": {
                "ref": "LB-259",
                "level": "2"
            },
            "geometry": {
                "type": "Point",
                "coordinates": [
                    -73.57801048757,
                    45.49691455259
                ]
            }
        },
        {
            "type": "Feature",
            "properties": {
                "highway": "footway",
                "level": "5"
            },
            "geometry": {
                "type": "LineString",
                "coordinates": [
                    [
                        -73.57758409186,
                        45.49693319282
                    ],
                    [
                        -73.57761091835,
                        45.49690651395
                    ],
                    [
                        -73.57761960947,
                        45.49689796877
                    ],
                    [
                        -73.57757671903,
                        45.49687649451
                    ],
                    [
                        -73.57763269592,
                        45.49682215623
                    ],
                    [
                        -73.57764248688,
                        45.49681265188
                    ]
                ]
            }
        },
        {
            "type": "Feature",
            "properties": {
                "highway": "footway",
                "level": "3"
            },
            "geometry": {
                "type": "LineString",
                "coordinates": [
                    [
                        -73.57798446343,
                        45.49656033380
                    ],
                    [
                        -73.57797626499,
                        45.49656831380
                    ],
                    [
                        -73.57795347202,
                        45.49659049946
                    ]
                ]
            }
        },
        {
            "type": "Feature",
            "properties": {
                "highway": "footway",
                "level": "3"
            },
            "geometry": {
                "type": "LineString",
                "coordinates": [
                    [
                        -73.57796536838,
                        45.49705578675
                    ],
                    [
                        -73.57795473785,
                        45.49706613394
                    ]
                ]
            }
        },
        {
            "type": "Feature",
            "properties": {
                "indoor": "room",
                "ref": "LB-207",
                "level": "2"
            },
            "geometry": {
                "type": "Polygon",
                "coordinates": [
                    [
                        [
                            -73.57843999047,
                            45.49665984264
                        ],
                        [
                            -73.57837674616,
                            45.49672273338
                        ],
                        [
                            -73.57846198556,
                            45.49676485219
                        ],
                        [
                            -73.57852523050,
                            45.49670196087
                        ],
                        [
                            -73.57845439694,
                            45.49666696108
                        ],
                        [
                            -73.57843999047,
                            45.49665984264
                        ]
                    ]
                ]
            }
        },
        {
            "type": "Feature",
            "properties": {
                "highway": "footway",
                "level": "5"
            },
            "geometry": {
                "type": "LineString",
                "coordinates": [
                    [
                        -73.57798087246,
                        45.49657185194
                    ],
                    [
                        -73.57797447333,
                        45.49657796065
                    ]
                ]
            }
        },
        {
            "type": "Feature",
            "properties": {
                "door": "hinged"
            },
            "geometry": {
                "type": "Point",
                "coordinates": [
                    -73.57795239102,
                    45.49656899469
                ]
            }
        },
        {
            "type": "Feature",
            "properties": null,
            "geometry": {
                "type": "LineString",
                "coordinates": [
                    [
                        -73.57777987115,
                        45.49703699962
                    ],
                    [
                        -73.57779898280,
                        45.49701838893
                    ],
                    [
                        -73.57764113414,
                        45.49694076727
                    ],
                    [
                        -73.57762167400,
                        45.49695939176
                    ],
                    [
                        -73.57777987115,
                        45.49703699962
                    ]
                ]
            }
        },
        {
            "type": "Feature",
            "properties": {
                "highway": "footway",
                "level": "2"
            },
            "geometry": {
                "type": "LineString",
                "coordinates": [
                    [
                        -73.57843298539,
                        45.49664702975
                    ],
                    [
                        -73.57846068022,
                        45.49666071234
                    ],
                    [
                        -73.57845439694,
                        45.49666696108
                    ],
                    [
                        -73.57842230558,
                        45.49669887598
                    ],
                    [
                        -73.57845377700,
                        45.49671442437
                    ]
                ]
            }
        },
        {
            "type": "Feature",
            "properties": {
                "highway": "footway",
                "level": "3"
            },
            "geometry": {
                "type": "LineString",
                "coordinates": [
                    [
                        -73.57806357998,
                        45.49675251237
                    ],
                    [
                        -73.57808819680,
                        45.49672855152
                    ],
                    [
                        -73.57810410063,
                        45.49671307147
                    ],
                    [
                        -73.57814773689,
                        45.49673509826
                    ]
                ]
            }
        },
        {
            "type": "Feature",
            "properties": {
                "level": "3",
                "ref": "LB-311",
                "indoor": "room"
            },
            "geometry": {
                "type": "Polygon",
                "coordinates": [
                    [
                        [
                            -73.57823347970,
                            45.49667587711
                        ],
                        [
                            -73.57827016978,
                            45.49664007146
                        ],
                        [
                            -73.57832018608,
                            45.49666531882
                        ],
                        [
                            -73.57828343295,
                            45.49670109262
                        ],
                        [
                            -73.57825574293,
                            45.49668711519
                        ],
                        [
                            -73.57823347970,
                            45.49667587711
                        ]
                    ]
                ]
            }
        },
        {
            "type": "Feature",
            "properties": {
                "door": "hinged"
            },
            "geometry": {
                "type": "Point",
                "coordinates": [
                    -73.57810971065,
                    45.49669064143
                ]
            }
        },
        {
            "type": "Feature",
            "properties": {
                "highway": "footway",
                "level": "3"
            },
            "geometry": {
                "type": "LineString",
                "coordinates": [
                    [
                        -73.57801957891,
                        45.49643832565
                    ],
                    [
                        -73.57800666200,
                        45.49645089843
                    ],
                    [
                        -73.57798688868,
                        45.49647014495
                    ]
                ]
            }
        },
        {
            "type": "Feature",
            "properties": {
                "level": "4",
                "ref": "LB-461"
            },
            "geometry": {
                "type": "Point",
                "coordinates": [
                    -73.57767231459,
                    45.49702471897
                ]
            }
        },
        {
            "type": "Feature",
            "properties": {
                "level": "3",
                "ref": "LB-361"
            },
            "geometry": {
                "type": "Point",
                "coordinates": [
                    -73.57767031679,
                    45.49702949242
                ]
            }
        },
        {
            "type": "Feature",
            "properties": {
                "highway": "footway",
                "motor_vehicle": "no",
                "level": "1",
                "indoor": "yes"
            },
            "geometry": {
                "type": "LineString",
                "coordinates": [
                    [
                        -73.57832110000,
                        45.49690520000
                    ],
                    [
                        -73.57824130000,
                        45.49687020000
                    ],
                    [
                        -73.57804970000,
                        45.49677780000
                    ],
                    [
                        -73.57807117177,
                        45.49675580340
                    ],
                    [
                        -73.57809568930,
                        45.49673068658
                    ],
                    [
                        -73.57821256552,
                        45.49661095338
                    ],
                    [
                        -73.57813336552,
                        45.49657065335
                    ],
                    [
                        -73.57818100000,
                        45.49652320000
                    ]
                ]
            }
        },
        {
            "type": "Feature",
            "properties": {
                "door": "hinged"
            },
            "geometry": {
                "type": "Point",
                "coordinates": [
                    -73.57830798091,
                    45.49658527144
                ]
            }
        },
        {
            "type": "Feature",
            "properties": {
                "level": "4",
                "highway": "footway"
            },
            "geometry": {
                "type": "LineString",
                "coordinates": [
                    [
                        -73.57814832350,
                        45.49679436674
                    ],
                    [
                        -73.57816780559,
                        45.49677499637
                    ],
                    [
                        -73.57818304627,
                        45.49675984308
                    ],
                    [
                        -73.57815576239,
                        45.49674636037
                    ]
                ]
            }
        },
        {
            "type": "Feature",
            "properties": {
                "level": "3",
                "ref": "LB-345",
                "indoor": "room"
            },
            "geometry": {
                "type": "Polygon",
                "coordinates": [
                    [
                        [
                            -73.57753321000,
                            45.49681868594
                        ],
                        [
                            -73.57766296469,
                            45.49669371112
                        ],
                        [
                            -73.57768504001,
                            45.49667181610
                        ],
                        [
                            -73.57754417911,
                            45.49660071197
                        ],
                        [
                            -73.57727857739,
                            45.49685990406
                        ],
                        [
                            -73.57751436647,
                            45.49697892568
                        ],
                        [
                            -73.57753801971,
                            45.49695600804
                        ],
                        [
                            -73.57741246986,
                            45.49689263299
                        ],
                        [
                            -73.57748738301,
                            45.49682006240
                        ],
                        [
                            -73.57750413259,
                            45.49680386967
                        ],
                        [
                            -73.57753321000,
                            45.49681868594
                        ]
                    ]
                ]
            }
        },
        {
            "type": "Feature",
            "properties": {
                "highway": "footway",
                "level": "3"
            },
            "geometry": {
                "type": "LineString",
                "coordinates": [
                    [
                        -73.57834302300,
                        45.49660159494
                    ],
                    [
                        -73.57832968506,
                        45.49661457749
                    ],
                    [
                        -73.57831115973,
                        45.49663260921
                    ]
                ]
            }
        },
        {
            "type": "Feature",
            "properties": {
                "level": "4"
            },
            "geometry": {
                "type": "Point",
                "coordinates": [
                    -73.57815576239,
                    45.49674636037
                ]
            }
        },
        {
            "type": "Feature",
            "properties": {
                "ref": "LB-314",
                "level": "3",
                "indoor": "room"
            },
            "geometry": {
                "type": "Polygon",
                "coordinates": [
                    [
                        [
                            -73.57807465629,
                            45.49672174260
                        ],
                        [
                            -73.57794808518,
                            45.49665785189
                        ],
                        [
                            -73.57800983096,
                            45.49659775134
                        ],
                        [
                            -73.57813640206,
                            45.49666164224
                        ],
                        [
                            -73.57807465629,
                            45.49672174260
                        ]
                    ]
                ]
            }
        },
        {
            "type": "Feature",
            "properties": {
                "highway": "footway",
                "level": "3"
            },
            "geometry": {
                "type": "LineString",
                "coordinates": [
                    [
                        -73.57796692214,
                        45.49655147925
                    ],
                    [
                        -73.57796074084,
                        45.49655749586
                    ]
                ]
            }
        },
        {
            "type": "Feature",
            "properties": {
                "level": "5",
                "ref": "LB-562"
            },
            "geometry": {
                "type": "Point",
                "coordinates": [
                    -73.57780310709,
                    45.49695193396
                ]
            }
        },
        {
            "type": "Feature",
            "properties": {
                "level": "3",
                "ref": "LB-328"
            },
            "geometry": {
                "type": "Point",
                "coordinates": [
                    -73.57798688868,
                    45.49647014495
                ]
            }
        },
        {
            "type": "Feature",
            "properties": {
                "door": "hinged"
            },
            "geometry": {
                "type": "Point",
                "coordinates": [
                    -73.57790503381,
                    45.49705158407
                ]
            }
        },
        {
            "type": "Feature",
            "properties": {
                "highway": "footway",
                "level": "5"
            },
            "geometry": {
                "type": "LineString",
                "coordinates": [
                    [
                        -73.57791626278,
                        45.49667822445
                    ],
                    [
                        -73.57800982998,
                        45.49658634035
                    ],
                    [
                        -73.57798087246,
                        45.49657185194
                    ],
                    [
                        -73.57796007677,
                        45.49656144717
                    ],
                    [
                        -73.57793858137,
                        45.49655069231
                    ],
                    [
                        -73.57793099380,
                        45.49655814341
                    ],
                    [
                        -73.57791200269,
                        45.49657679292
                    ],
                    [
                        -73.57789727762,
                        45.49656942548
                    ]
                ]
            }
        },
        {
            "type": "Feature",
            "properties": {
                "ref": "LB-stair-03",
                "stairs": "yes",
                "indoor": "room",
                "level": "2;3;4"
            },
            "geometry": {
                "type": "Polygon",
                "coordinates": [
                    [
                        [
                            -73.57771336564,
                            45.49645626726
                        ],
                        [
                            -73.57770290972,
                            45.49645110308
                        ],
                        [
                            -73.57766389835,
                            45.49643183535
                        ],
                        [
                            -73.57760823315,
                            45.49648721257
                        ],
                        [
                            -73.57765770044,
                            45.49651164446
                        ],
                        [
                            -73.57766726678,
                            45.49650212762
                        ],
                        [
                            -73.57771336564,
                            45.49645626726
                        ]
                    ]
                ]
            }
        },
        {
            "type": "Feature",
            "properties": {
                "level": "5"
            },
            "geometry": {
                "type": "Point",
                "coordinates": [
                    -73.57764479906,
                    45.49688301765
                ]
            }
        },
        {
            "type": "Feature",
            "properties": {
                "indoor": "room",
                "level": "2"
            },
            "geometry": {
                "type": "Polygon",
                "coordinates": [
                    [
                        [
                            -73.57830758709,
                            45.49678857579
                        ],
                        [
                            -73.57835571298,
                            45.49674070778
                        ],
                        [
                            -73.57831022294,
                            45.49671823672
                        ],
                        [
                            -73.57826209703,
                            45.49676610475
                        ],
                        [
                            -73.57830758709,
                            45.49678857579
                        ]
                    ]
                ]
            }
        },
        {
            "type": "Feature",
            "properties": {
                "building:part": "yes",
                "building:levels": "8"
            },
            "geometry": {
                "type": "LineString",
                "coordinates": [
                    [
                        -73.57769120000,
                        45.49660050000
                    ],
                    [
                        -73.57804970000,
                        45.49677780000
                    ],
                    [
                        -73.57832110000,
                        45.49690520000
                    ],
                    [
                        -73.57827830000,
                        45.49696340000
                    ],
                    [
                        -73.57764020000,
                        45.49666150000
                    ],
                    [
                        -73.57764830000,
                        45.49665220000
                    ],
                    [
                        -73.57766830000,
                        45.49663030000
                    ],
                    [
                        -73.57769120000,
                        45.49660050000
                    ]
                ]
            }
        },
        {
            "type": "Feature",
            "properties": {
                "door": "hinged"
            },
            "geometry": {
                "type": "Point",
                "coordinates": [
                    -73.57775587816,
                    45.49685580639
                ]
            }
        },
        {
            "type": "Feature",
            "properties": {
                "level": "5",
                "ref": "LB-560"
            },
            "geometry": {
                "type": "Point",
                "coordinates": [
                    -73.57787552401,
                    45.49699709103
                ]
            }
        },
        {
            "type": "Feature",
            "properties": {
                "door": "hinged"
            },
            "geometry": {
                "type": "Point",
                "coordinates": [
                    -73.57806907822,
                    45.49672537327
                ]
            }
        },
        {
            "type": "Feature",
            "properties": {
                "highway": "footway",
                "level": "3"
            },
            "geometry": {
                "type": "LineString",
                "coordinates": [
                    [
                        -73.57793395708,
                        45.49703993103
                    ],
                    [
                        -73.57791961642,
                        45.49705388947
                    ],
                    [
                        -73.57788847470,
                        45.49708420118
                    ]
                ]
            }
        },
        {
            "type": "Feature",
            "properties": {
                "ref": "LB-555",
                "level": "5"
            },
            "geometry": {
                "type": "Point",
                "coordinates": [
                    -73.57788271611,
                    45.49682396252
                ]
            }
        },
        {
            "type": "Feature",
            "properties": {
                "ref": "LB-water-4-01",
                "level": "4",
                "amenity": "drinking_water",
                "name": "Water Fountain",
                "indoor": "yes"
            },
            "geometry": {
                "type": "Point",
                "coordinates": [
                    -73.57794615567,
                    45.49705957704
                ]
            }
        },
        {
            "type": "Feature",
            "properties": {
                "ref": "LB-547",
                "level": "5"
            },
            "geometry": {
                "type": "Point",
                "coordinates": [
                    -73.57758328572,
                    45.49682457943
                ]
            }
        },
        {
            "type": "Feature",
            "properties": {
                "level": "4",
                "highway": "footway"
            },
            "geometry": {
                "type": "LineString",
                "coordinates": [
                    [
                        -73.57770034229,
                        45.49663860611
                    ],
                    [
                        -73.57772556486,
                        45.49665106729
                    ],
                    [
                        -73.57774361736,
                        45.49665985418
                    ]
                ]
            }
        },
        {
            "type": "Feature",
            "properties": {
                "highway": "footway",
                "level": "2"
            },
            "geometry": {
                "type": "LineString",
                "coordinates": [
                    [
                        -73.57819251751,
                        45.49664536130
                    ],
                    [
                        -73.57818292805,
                        45.49665489804
                    ],
                    [
                        -73.57815955650,
                        45.49667814109
                    ],
                    [
                        -73.57816826797,
                        45.49668244498
                    ]
                ]
            }
        },
        {
            "type": "Feature",
            "properties": {
                "highway": "footway",
                "level": "3"
            },
            "geometry": {
                "type": "LineString",
                "coordinates": [
                    [
                        -73.57800140502,
                        45.49658218729
                    ],
                    [
                        -73.57802323593,
                        45.49659299268
                    ],
                    [
                        -73.57802705093,
                        45.49659513291
                    ],
                    [
                        -73.57803518261,
                        45.49658721789
                    ],
                    [
                        -73.57808689154,
                        45.49661326879
                    ]
                ]
            }
        },
        {
            "type": "Feature",
            "properties": {
                "highway": "footway",
                "level": "2"
            },
            "geometry": {
                "type": "LineString",
                "coordinates": [
                    [
                        -73.57774111150,
                        45.49665874808
                    ],
                    [
                        -73.57772556486,
                        45.49665106729
                    ],
                    [
                        -73.57770034229,
                        45.49663860611
                    ]
                ]
            }
        },
        {
            "type": "Feature",
            "properties": {
                "door": "hinged"
            },
            "geometry": {
                "type": "Point",
                "coordinates": [
                    -73.57823183276,
                    45.49667913069
                ]
            }
        },
        {
            "type": "Feature",
            "properties": {
                "indoor": "room",
                "ref": "LB-elevator-2-02",
                "level": "1;2"
            },
            "geometry": {
                "type": "Polygon",
                "coordinates": [
                    [
                        [
                            -73.57809501368,
                            45.49672765067
                        ],
                        [
                            -73.57806625080,
                            45.49671344364
                        ],
                        [
                            -73.57809417272,
                            45.49668566898
                        ],
                        [
                            -73.57810835307,
                            45.49669267317
                        ],
                        [
                            -73.57812293560,
                            45.49669987602
                        ],
                        [
                            -73.57809501368,
                            45.49672765067
                        ]
                    ]
                ]
            }
        },
        {
            "type": "Feature",
            "properties": {
                "door": "hinged"
            },
            "geometry": {
                "type": "Point",
                "coordinates": [
                    -73.57803972280,
                    45.49655654281
                ]
            }
        },
        {
            "type": "Feature",
            "properties": {
                "indoor": "room",
                "ref": "LB-261",
                "level": "2"
            },
            "geometry": {
                "type": "Polygon",
                "coordinates": [
                    [
                        [
                            -73.57781489803,
                            45.49703743772
                        ],
                        [
                            -73.57780970798,
                            45.49703487575
                        ],
                        [
                            -73.57779303535,
                            45.49702664561
                        ],
                        [
                            -73.57777111310,
                            45.49704846413
                        ],
                        [
                            -73.57761203326,
                            45.49696993816
                        ],
                        [
                            -73.57763392897,
                            45.49694814605
                        ],
                        [
                            -73.57761951360,
                            45.49694103076
                        ],
                        [
                            -73.57761205582,
                            45.49693734968
                        ],
                        [
                            -73.57757584782,
                            45.49697338659
                        ],
                        [
                            -73.57759770426,
                            45.49698417563
                        ],
                        [
                            -73.57756072147,
                            45.49702098321
                        ],
                        [
                            -73.57771582418,
                            45.49709754561
                        ],
                        [
                            -73.57775277033,
                            45.49706077452
                        ],
                        [
                            -73.57777862540,
                            45.49707353767
                        ],
                        [
                            -73.57781489803,
                            45.49703743772
                        ]
                    ]
                ]
            }
        },
        {
            "type": "Feature",
            "properties": {
                "ref": "LB-201.01",
                "level": "2"
            },
            "geometry": {
                "type": "Point",
                "coordinates": [
                    -73.57804574763,
                    45.49674941800
                ]
            }
        },
        {
            "type": "Feature",
            "properties": {
                "door": "hinged"
            },
            "geometry": {
                "type": "Point",
                "coordinates": [
                    -73.57811165433,
                    45.49691156052
                ]
            }
        },
        {
            "type": "Feature",
            "properties": {
                "door": "hinged"
            },
            "geometry": {
                "type": "Point",
                "coordinates": [
                    -73.57776600001,
                    45.49704967747
                ]
            }
        },
        {
            "type": "Feature",
            "properties": {
                "level": "4",
                "ref": "LB-bath-W-4-01"
            },
            "geometry": {
                "type": "Point",
                "coordinates": [
                    -73.57751468619,
                    45.49688747251
                ]
            }
        },
        {
            "type": "Feature",
            "properties": {
                "door": "staircase"
            },
            "geometry": {
                "type": "Point",
                "coordinates": [
                    -73.57810835307,
                    45.49669267317
                ]
            }
        },
        {
            "type": "Feature",
            "properties": {
                "level": "3",
                "ref": "LB-331",
                "indoor": "room"
            },
            "geometry": {
                "type": "Polygon",
                "coordinates": [
                    [
                        [
                            -73.57778306052,
                            45.49643832920
                        ],
                        [
                            -73.57772174004,
                            45.49649801595
                        ],
                        [
                            -73.57775158136,
                            45.49651311018
                        ],
                        [
                            -73.57776915110,
                            45.49652199725
                        ],
                        [
                            -73.57776274452,
                            45.49652827157
                        ],
                        [
                            -73.57780897188,
                            45.49655178320
                        ],
                        [
                            -73.57797809035,
                            45.49638724092
                        ],
                        [
                            -73.57779027533,
                            45.49629243467
                        ],
                        [
                            -73.57768929879,
                            45.49639072117
                        ],
                        [
                            -73.57774063860,
                            45.49641678925
                        ],
                        [
                            -73.57778306052,
                            45.49643832920
                        ]
                    ]
                ]
            }
        },
        {
            "type": "Feature",
            "properties": {
                "highway": "footway",
                "level": "5"
            },
            "geometry": {
                "type": "LineString",
                "coordinates": [
                    [
                        -73.57816216932,
                        45.49680179649
                    ],
                    [
                        -73.57818157491,
                        45.49678254451
                    ],
                    [
                        -73.57819716542,
                        45.49676707741
                    ],
                    [
                        -73.57816437286,
                        45.49675067027
                    ]
                ]
            }
        },
        {
            "type": "Feature",
            "properties": {
                "door": "hinged"
            },
            "geometry": {
                "type": "Point",
                "coordinates": [
                    -73.57785466828,
                    45.49699654483
                ]
            }
        },
        {
            "type": "Feature",
            "properties": {
                "indoor": "room",
                "level": "2"
            },
            "geometry": {
                "type": "Polygon",
                "coordinates": [
                    [
                        [
                            -73.57799148591,
                            45.49658956222
                        ],
                        [
                            -73.57801054838,
                            45.49657051746
                        ],
                        [
                            -73.57787581628,
                            45.49650430026
                        ],
                        [
                            -73.57785675288,
                            45.49652334458
                        ],
                        [
                            -73.57799148591,
                            45.49658956222
                        ]
                    ]
                ]
            }
        },
        {
            "type": "Feature",
            "properties": {
                "ref": "LB-445",
                "level": "4"
            },
            "geometry": {
                "type": "Point",
                "coordinates": [
                    -73.57743248458,
                    45.49679975388
                ]
            }
        },
        {
            "type": "Feature",
            "properties": {
                "level": "5",
                "amenity": "drinking_water",
                "name": "Water Fountain",
                "indoor": "yes"
            },
            "geometry": {
                "type": "Point",
                "coordinates": [
                    -73.57797447333,
                    45.49657796065
                ]
            }
        },
        {
            "type": "Feature",
            "properties": {
                "highway": "footway",
                "indoor": "yes",
                "level": "1",
                "motor_vehicle": "no"
            },
            "geometry": {
                "type": "LineString",
                "coordinates": [
                    [
                        -73.57809568930,
                        45.49673068658
                    ],
                    [
                        -73.57807713367,
                        45.49672234056
                    ],
                    [
                        -73.57809479969,
                        45.49670615201
                    ]
                ]
            }
        },
        {
            "type": "Feature",
            "properties": {
                "indoor": "room",
                "ref": "LB-201.01",
                "level": "2"
            },
            "geometry": {
                "type": "Polygon",
                "coordinates": [
                    [
                        [
                            -73.57802062612,
                            45.49675157294
                        ],
                        [
                            -73.57805532059,
                            45.49676870978
                        ],
                        [
                            -73.57806812095,
                            45.49675597696
                        ],
                        [
                            -73.57803864125,
                            45.49673350865
                        ],
                        [
                            -73.57802616642,
                            45.49674601752
                        ],
                        [
                            -73.57802062612,
                            45.49675157294
                        ]
                    ]
                ]
            }
        },
        {
            "type": "Feature",
            "properties": {
                "door": "hinged"
            },
            "geometry": {
                "type": "Point",
                "coordinates": [
                    -73.57802323593,
                    45.49659299268
                ]
            }
        },
        {
            "type": "Feature",
            "properties": {
                "level": "4",
                "indoor": "room"
            },
            "geometry": {
                "type": "Polygon",
                "coordinates": [
                    [
                        [
                            -73.57770340585,
                            45.49644127998
                        ],
                        [
                            -73.57772421073,
                            45.49642059427
                        ],
                        [
                            -73.57768655906,
                            45.49640198806
                        ],
                        [
                            -73.57766575418,
                            45.49642267378
                        ],
                        [
                            -73.57770340585,
                            45.49644127998
                        ]
                    ]
                ]
            }
        },
        {
            "type": "Feature",
            "properties": {
                "level": "3",
                "indoor": "room"
            },
            "geometry": {
                "type": "Polygon",
                "coordinates": [
                    [
                        [
                            -73.57812227103,
                            45.49667841341
                        ],
                        [
                            -73.57812679943,
                            45.49667400570
                        ],
                        [
                            -73.57814726384,
                            45.49665408667
                        ],
                        [
                            -73.57817686604,
                            45.49666902934
                        ],
                        [
                            -73.57815187331,
                            45.49669335611
                        ],
                        [
                            -73.57812227103,
                            45.49667841341
                        ]
                    ]
                ]
            }
        },
        {
            "type": "Feature",
            "properties": {
                "door": "hinged"
            },
            "geometry": {
                "type": "Point",
                "coordinates": [
                    -73.57768940156,
                    45.49669572221
                ]
            }
        },
        {
            "type": "Feature",
            "properties": {
                "highway": "footway",
                "level": "2"
            },
            "geometry": {
                "type": "LineString",
                "coordinates": [
                    [
                        -73.57796543151,
                        45.49667563882
                    ],
                    [
                        -73.57789745247,
                        45.49664389680
                    ],
                    [
                        -73.57780122540,
                        45.49659896466
                    ]
                ]
            }
        },
        {
            "type": "Feature",
            "properties": {
                "level": "4",
                "highway": "footway"
            },
            "geometry": {
                "type": "LineString",
                "coordinates": [
                    [
                        -73.57754629812,
                        45.49685604190
                    ],
                    [
                        -73.57754125195,
                        45.49686105913
                    ],
                    [
                        -73.57751468619,
                        45.49688747251
                    ]
                ]
            }
        },
        {
            "type": "Feature",
            "properties": {
                "door": "hinged"
            },
            "geometry": {
                "type": "Point",
                "coordinates": [
                    -73.57754125195,
                    45.49686105913
                ]
            }
        },
        {
            "type": "Feature",
            "properties": {
                "highway": "footway",
                "level": "2"
            },
            "geometry": {
                "type": "LineString",
                "coordinates": [
                    [
                        -73.57795288807,
                        45.49705382272
                    ],
                    [
                        -73.57794182831,
                        45.49706537840
                    ]
                ]
            }
        },
        {
            "type": "Feature",
            "properties": {
                "door": "hinged"
            },
            "geometry": {
                "type": "Point",
                "coordinates": [
                    -73.57836753123,
                    45.49673190904
                ]
            }
        },
        {
            "type": "Feature",
            "properties": {
                "highway": "footway",
                "level": "2"
            },
            "geometry": {
                "type": "LineString",
                "coordinates": [
                    [
                        -73.57835423974,
                        45.49672534241
                    ],
                    [
                        -73.57836753123,
                        45.49673190904
                    ],
                    [
                        -73.57841025885,
                        45.49675301853
                    ],
                    [
                        -73.57838275334,
                        45.49678037276
                    ]
                ]
            }
        },
        {
            "type": "Feature",
            "properties": {
                "indoor": "room",
                "ref": "LB-285",
                "level": "2"
            },
            "geometry": {
                "type": "Polygon",
                "coordinates": [
                    [
                        [
                            -73.57789452615,
                            45.49713191564
                        ],
                        [
                            -73.57780182594,
                            45.49708600003
                        ],
                        [
                            -73.57777085576,
                            45.49711673189
                        ],
                        [
                            -73.57799589313,
                            45.49722819558
                        ],
                        [
                            -73.57823542014,
                            45.49699050633
                        ],
                        [
                            -73.57820068796,
                            45.49697330293
                        ],
                        [
                            -73.57823243699,
                            45.49694179759
                        ],
                        [
                            -73.57813483263,
                            45.49689345197
                        ],
                        [
                            -73.57810726594,
                            45.49692080731
                        ],
                        [
                            -73.57796646381,
                            45.49706052975
                        ],
                        [
                            -73.57789452615,
                            45.49713191564
                        ]
                    ]
                ]
            }
        },
        {
            "type": "Feature",
            "properties": {
                "addr:housenumber": "1455",
                "addr:street": "Boulevard De Maisonneuve Ouest",
                "automatic_door": "yes",
                "door": "hinged",
                "entrance": "yes",
                "wheelchair": "yes"
            },
            "geometry": {
                "type": "Point",
                "coordinates": [
                    -73.57785600000,
                    45.49717000000
                ]
            }
        },
        {
            "type": "Feature",
            "properties": {
                "level": "3",
                "amenity": "drinking_water",
                "ref": "LB-water-3-03",
                "name": "Water Fountain",
                "indoor": "yes"
            },
            "geometry": {
                "type": "Point",
                "coordinates": [
                    -73.57796074084,
                    45.49655749586
                ]
            }
        },
        {
            "type": "Feature",
            "properties": {
                "highway": "footway",
                "level": "2"
            },
            "geometry": {
                "type": "LineString",
                "coordinates": [
                    [
                        -73.57830328669,
                        45.49663661416
                    ],
                    [
                        -73.57833377452,
                        45.49660629393
                    ],
                    [
                        -73.57833933642,
                        45.49660076260
                    ]
                ]
            }
        },
        {
            "type": "Feature",
            "properties": {
                "door": "hinged"
            },
            "geometry": {
                "type": "Point",
                "coordinates": [
                    -73.57808819680,
                    45.49672855152
                ]
            }
        },
        {
            "type": "Feature",
            "properties": {
                "level": "3",
                "ref": "LB-327",
                "indoor": "room"
            },
            "geometry": {
                "type": "Polygon",
                "coordinates": [
                    [
                        [
                            -73.57790984440,
                            45.49651251139
                        ],
                        [
                            -73.57794659749,
                            45.49647673752
                        ],
                        [
                            -73.57799661392,
                            45.49650198501
                        ],
                        [
                            -73.57795986083,
                            45.49653775887
                        ],
                        [
                            -73.57793115058,
                            45.49652326641
                        ],
                        [
                            -73.57790984440,
                            45.49651251139
                        ]
                    ]
                ]
            }
        },
        {
            "type": "Feature",
            "properties": {
                "level": "5",
                "indoor": "room",
                "ref": "LB-560"
            },
            "geometry": {
                "type": "Polygon",
                "coordinates": [
                    [
                        [
                            -73.57785048290,
                            45.49700314522
                        ],
                        [
                            -73.57787478872,
                            45.49701541622
                        ],
                        [
                            -73.57789900202,
                            45.49699178566
                        ],
                        [
                            -73.57787461571,
                            45.49697958446
                        ],
                        [
                            -73.57785048290,
                            45.49700314522
                        ]
                    ]
                ]
            }
        },
        {
            "type": "Feature",
            "properties": {
                "level": "4",
                "highway": "footway"
            },
            "geometry": {
                "type": "LineString",
                "coordinates": [
                    [
                        -73.57792232494,
                        45.49654176772
                    ],
                    [
                        -73.57791410770,
                        45.49654993788
                    ],
                    [
                        -73.57789259824,
                        45.49657132408
                    ]
                ]
            }
        },
        {
            "type": "Feature",
            "properties": {
                "door": "hinged"
            },
            "geometry": {
                "type": "Point",
                "coordinates": [
                    -73.57799221160,
                    45.49700105552
                ]
            }
        },
        {
            "type": "Feature",
            "properties": {
                "level": "3",
                "ref": "LB-bath-W-3-01"
            },
            "geometry": {
                "type": "Point",
                "coordinates": [
                    -73.57750263481,
                    45.49688760363
                ]
            }
        },
        {
            "type": "Feature",
            "properties": {
                "highway": "footway",
                "level": "2"
            },
            "geometry": {
                "type": "LineString",
                "coordinates": [
                    [
                        -73.57757924175,
                        45.49686922434
                    ],
                    [
                        -73.57756468170,
                        45.49688370428
                    ],
                    [
                        -73.57753681835,
                        45.49691141432
                    ],
                    [
                        -73.57752028643,
                        45.49690324679
                    ]
                ]
            }
        },
        {
            "type": "Feature",
            "properties": {
                "level": "5",
                "ref": "LB-585"
            },
            "geometry": {
                "type": "Point",
                "coordinates": [
                    -73.57807274582,
                    45.49702799114
                ]
            }
        },
        {
            "type": "Feature",
            "properties": {
                "level": "4",
                "indoor": "room",
                "ref": "LB-461"
            },
            "geometry": {
                "type": "Polygon",
                "coordinates": [
                    [
                        [
                            -73.57761969013,
                            45.49693004823
                        ],
                        [
                            -73.57758631736,
                            45.49696322953
                        ],
                        [
                            -73.57760684081,
                            45.49697331831
                        ],
                        [
                            -73.57757177198,
                            45.49700837804
                        ],
                        [
                            -73.57773051981,
                            45.49708682507
                        ],
                        [
                            -73.57776567286,
                            45.49705187378
                        ],
                        [
                            -73.57779009559,
                            45.49706394255
                        ],
                        [
                            -73.57782381469,
                            45.49703040621
                        ],
                        [
                            -73.57781274700,
                            45.49702494252
                        ],
                        [
                            -73.57780142686,
                            45.49701935421
                        ],
                        [
                            -73.57778062190,
                            45.49704003977
                        ],
                        [
                            -73.57761825668,
                            45.49695939812
                        ],
                        [
                            -73.57763875862,
                            45.49693950373
                        ],
                        [
                            -73.57762447532,
                            45.49693243347
                        ],
                        [
                            -73.57761969013,
                            45.49693004823
                        ]
                    ]
                ]
            }
        },
        {
            "type": "Feature",
            "properties": {
                "highway": "footway",
                "motor_vehicle": "no",
                "level": "1",
                "indoor": "yes"
            },
            "geometry": {
                "type": "LineString",
                "coordinates": [
                    [
                        -73.57804970000,
                        45.49677780000
                    ],
                    [
                        -73.57799419008,
                        45.49682876590
                    ],
                    [
                        -73.57827830000,
                        45.49696340000
                    ]
                ]
            }
        },
        {
            "type": "Feature",
            "properties": {
                "door": "hinged"
            },
            "geometry": {
                "type": "Point",
                "coordinates": [
                    -73.57767383496,
                    45.49689447442
                ]
            }
        },
        {
            "type": "Feature",
            "properties": {
                "door": "hinged"
            },
            "geometry": {
                "type": "Point",
                "coordinates": [
                    -73.57761951360,
                    45.49694103076
                ]
            }
        },
        {
            "type": "Feature",
            "properties": {
                "level": "4",
                "ref": "LB-bath-M-4-02"
            },
            "geometry": {
                "type": "Point",
                "coordinates": [
                    -73.57794806073,
                    45.49659687263
                ]
            }
        },
        {
            "type": "Feature",
            "properties": {
                "level": "5",
                "indoor": "room"
            },
            "geometry": {
                "type": "Polygon",
                "coordinates": [
                    [
                        [
                            -73.57822895861,
                            45.49676269013
                        ],
                        [
                            -73.57819957135,
                            45.49679154870
                        ],
                        [
                            -73.57818157491,
                            45.49678254451
                        ],
                        [
                            -73.57809936963,
                            45.49674141463
                        ],
                        [
                            -73.57812893662,
                            45.49671237955
                        ],
                        [
                            -73.57822895861,
                            45.49676269013
                        ]
                    ]
                ]
            }
        },
        {
            "type": "Feature",
            "properties": {
                "note": "encompasses sub-rooms 231 through 231.25",
                "ref": "LB-231",
                "level": "2"
            },
            "geometry": {
                "type": "Point",
                "coordinates": [
                    -73.57781696434,
                    45.49637889258
                ]
            }
        },
        {
            "type": "Feature",
            "properties": {
                "level": "5",
                "ref": "LB-564"
            },
            "geometry": {
                "type": "Point",
                "coordinates": [
                    -73.57772967457,
                    45.49691465625
                ]
            }
        },
        {
            "type": "Feature",
            "properties": {
                "level": "4",
                "indoor": "room"
            },
            "geometry": {
                "type": "Polygon",
                "coordinates": [
                    [
                        [
                            -73.57812337169,
                            45.49671183538
                        ],
                        [
                            -73.57821552844,
                            45.49675682047
                        ],
                        [
                            -73.57825292555,
                            45.49671924050
                        ],
                        [
                            -73.57816144449,
                            45.49667413392
                        ],
                        [
                            -73.57812337169,
                            45.49671183538
                        ]
                    ]
                ]
            }
        },
        {
            "type": "Feature",
            "properties": {
                "door": "hinged"
            },
            "geometry": {
                "type": "Point",
                "coordinates": [
                    -73.57818157491,
                    45.49678254451
                ]
            }
        },
        {
            "type": "Feature",
            "properties": {
                "level": "5",
                "indoor": "room",
                "ref": "LB-527"
            },
            "geometry": {
                "type": "Polygon",
                "coordinates": [
                    [
                        [
                            -73.57778079962,
                            45.49658138711
                        ],
                        [
                            -73.57782653152,
                            45.49660371490
                        ],
                        [
                            -73.57789422805,
                            45.49653798694
                        ],
                        [
                            -73.57792249739,
                            45.49655213103
                        ],
                        [
                            -73.57793851158,
                            45.49653640488
                        ],
                        [
                            -73.57796972592,
                            45.49655202245
                        ],
                        [
                            -73.57803865634,
                            45.49648433183
                        ],
                        [
                            -73.57785136971,
                            45.49639062591
                        ],
                        [
                            -73.57778870556,
                            45.49645216308
                        ],
                        [
                            -73.57769896401,
                            45.49640726230
                        ],
                        [
                            -73.57762933721,
                            45.49647563688
                        ],
                        [
                            -73.57771907880,
                            45.49652053711
                        ],
                        [
                            -73.57765780720,
                            45.49658070665
                        ],
                        [
                            -73.57773974507,
                            45.49662170285
                        ],
                        [
                            -73.57777163446,
                            45.49659038742
                        ],
                        [
                            -73.57778079962,
                            45.49658138711
                        ]
                    ]
                ]
            }
        },
        {
            "type": "Feature",
            "properties": {
                "stairs": "yes",
                "ref": "LB-stair-01",
                "level": "2;3;4;5",
                "indoor": "area"
            },
            "geometry": {
                "type": "Polygon",
                "coordinates": [
                    [
                        [
                            -73.57774810002,
                            45.49662858094
                        ],
                        [
                            -73.57769374517,
                            45.49660183090
                        ],
                        [
                            -73.57764604597,
                            45.49664942812
                        ],
                        [
                            -73.57770039994,
                            45.49667617771
                        ],
                        [
                            -73.57772556486,
                            45.49665106729
                        ],
                        [
                            -73.57774810002,
                            45.49662858094
                        ]
                    ]
                ]
            }
        },
        {
            "type": "Feature",
            "properties": {
                "ref": "LB-547",
                "level": "5",
                "indoor": "room"
            },
            "geometry": {
                "type": "Polygon",
                "coordinates": [
                    [
                        [
                            -73.57758725666,
                            45.49679885863
                        ],
                        [
                            -73.57755354466,
                            45.49683202685
                        ],
                        [
                            -73.57758913867,
                            45.49684994446
                        ],
                        [
                            -73.57762284466,
                            45.49681668793
                        ],
                        [
                            -73.57760197096,
                            45.49680623036
                        ],
                        [
                            -73.57758725666,
                            45.49679885863
                        ]
                    ]
                ]
            }
        },
        {
            "type": "Feature",
            "properties": {
                "door": "hinged"
            },
            "geometry": {
                "type": "Point",
                "coordinates": [
                    -73.57826961953,
                    45.49667009621
                ]
            }
        },
        {
            "type": "Feature",
            "properties": {
                "level": "3",
                "ref": "LB-water-3-02",
                "amenity": "drinking_water",
                "name": "Water Fountain",
                "indoor": "yes"
            },
            "geometry": {
                "type": "Point",
                "coordinates": [
                    -73.57757798375,
                    45.49687828615
                ]
            }
        },
        {
            "type": "Feature",
            "properties": {
                "level": "3",
                "ref": "LB-322",
                "indoor": "room"
            },
            "geometry": {
                "type": "Polygon",
                "coordinates": [
                    [
                        [
                            -73.57813307562,
                            45.49665705817
                        ],
                        [
                            -73.57801740185,
                            45.49659862570
                        ],
                        [
                            -73.57802323593,
                            45.49659299268
                        ],
                        [
                            -73.57811419665,
                            45.49650516665
                        ],
                        [
                            -73.57822944591,
                            45.49656292643
                        ],
                        [
                            -73.57814732221,
                            45.49664314252
                        ],
                        [
                            -73.57813307562,
                            45.49665705817
                        ]
                    ]
                ]
            }
        },
        {
            "type": "Feature",
            "properties": {
                "parking": "underground",
                "fee": "yes",
                "entrance": "garage",
                "amenity": "parking",
                "layer": "-1",
                "access": "customers"
            },
            "geometry": {
                "type": "Point",
                "coordinates": [
                    -73.57774000000,
                    45.49626820000
                ]
            }
        },
        {
            "type": "Feature",
            "properties": {
                "highway": "footway",
                "level": "3"
            },
            "geometry": {
                "type": "LineString",
                "coordinates": [
                    [
                        -73.57790740811,
                        45.49667367963
                    ],
                    [
                        -73.57788037199,
                        45.49666003228
                    ],
                    [
                        -73.57778418988,
                        45.49661148122
                    ],
                    [
                        -73.57769633467,
                        45.49656713340
                    ],
                    [
                        -73.57764978077,
                        45.49654363377
                    ],
                    [
                        -73.57768397319,
                        45.49651035236
                    ],
                    [
                        -73.57775725964,
                        45.49643901844
                    ],
                    [
                        -73.57773127607,
                        45.49642590234
                    ],
                    [
                        -73.57774063860,
                        45.49641678925
                    ],
                    [
                        -73.57780222494,
                        45.49635684363
                    ],
                    [
                        -73.57787422108,
                        45.49639318621
                    ]
                ]
            }
        },
        {
            "type": "Feature",
            "properties": {
                "level": "4",
                "highway": "footway"
            },
            "geometry": {
                "type": "LineString",
                "coordinates": [
                    [
                        -73.57783789765,
                        45.49678076839
                    ],
                    [
                        -73.57781930260,
                        45.49679925681
                    ],
                    [
                        -73.57780117644,
                        45.49681727902
                    ]
                ]
            }
        },
        {
            "type": "Feature",
            "properties": {
                "ref": "LB-545",
                "level": "5"
            },
            "geometry": {
                "type": "Point",
                "coordinates": [
                    -73.57753887333,
                    45.49676081078
                ]
            }
        },
        {
            "type": "Feature",
            "properties": {
                "highway": "footway",
                "motor_vehicle": "no",
                "indoor": "yes",
                "level": "1"
            },
            "geometry": {
                "type": "LineString",
                "coordinates": [
                    [
                        -73.57809215022,
                        45.49661245602
                    ],
                    [
                        -73.57805652426,
                        45.49664659166
                    ],
                    [
                        -73.57798856628,
                        45.49671314333
                    ],
                    [
                        -73.57807117177,
                        45.49675580340
                    ]
                ]
            }
        },
        {
            "type": "Feature",
            "properties": {
                "indoor": "room",
                "ref": "LB-231",
                "level": "2"
            },
            "geometry": {
                "type": "Polygon",
                "coordinates": [
                    [
                        [
                            -73.57802107494,
                            45.49654963946
                        ],
                        [
                            -73.57800027219,
                            45.49653937360
                        ],
                        [
                            -73.57806744034,
                            45.49647250610
                        ],
                        [
                            -73.57811725759,
                            45.49649708923
                        ],
                        [
                            -73.57814849254,
                            45.49646599485
                        ],
                        [
                            -73.57775186204,
                            45.49627026500
                        ],
                        [
                            -73.57751137872,
                            45.49650967222
                        ],
                        [
                            -73.57761043774,
                            45.49655855512
                        ],
                        [
                            -73.57764658850,
                            45.49652256641
                        ],
                        [
                            -73.57765611064,
                            45.49651308695
                        ],
                        [
                            -73.57760550600,
                            45.49648811489
                        ],
                        [
                            -73.57766433169,
                            45.49642955251
                        ],
                        [
                            -73.57771703912,
                            45.49645556229
                        ],
                        [
                            -73.57768531717,
                            45.49648714240
                        ],
                        [
                            -73.57770055540,
                            45.49649466195
                        ],
                        [
                            -73.57770721016,
                            45.49649794585
                        ],
                        [
                            -73.57776075281,
                            45.49644464268
                        ],
                        [
                            -73.57800531437,
                            45.49656532902
                        ],
                        [
                            -73.57801372780,
                            45.49655695350
                        ],
                        [
                            -73.57802107494,
                            45.49654963946
                        ]
                    ]
                ]
            }
        },
        {
            "type": "Feature",
            "properties": {
                "addr:housenumber": "1455",
                "automatic_door": "yes",
                "door": "hinged",
                "entrance": "yes",
                "addr:street": "Boulevard de Maisonneuve",
                "wheelchair": "yes"
            },
            "geometry": {
                "type": "Point",
                "coordinates": [
                    -73.57818100000,
                    45.49652320000
                ]
            }
        },
        {
            "type": "Feature",
            "properties": {
                "building:levels": "6",
                "building:part": "yes"
            },
            "geometry": {
                "type": "LineString",
                "coordinates": [
                    [
                        -73.57764020000,
                        45.49666150000
                    ],
                    [
                        -73.57764830000,
                        45.49665220000
                    ],
                    [
                        -73.57760450000,
                        45.49663200000
                    ],
                    [
                        -73.57736460000,
                        45.49687910000
                    ],
                    [
                        -73.57755640000,
                        45.49696930000
                    ],
                    [
                        -73.57758460000,
                        45.49693690000
                    ],
                    [
                        -73.57753760000,
                        45.49691430000
                    ],
                    [
                        -73.57767710000,
                        45.49677150000
                    ],
                    [
                        -73.57807140000,
                        45.49696090000
                    ],
                    [
                        -73.57793260000,
                        45.49710330000
                    ],
                    [
                        -73.57788360000,
                        45.49708120000
                    ],
                    [
                        -73.57785210000,
                        45.49711360000
                    ],
                    [
                        -73.57804320000,
                        45.49720340000
                    ],
                    [
                        -73.57827830000,
                        45.49696340000
                    ],
                    [
                        -73.57764020000,
                        45.49666150000
                    ]
                ]
            }
        },
        {
            "type": "Feature",
            "properties": {
                "door": "hinged"
            },
            "geometry": {
                "type": "Point",
                "coordinates": [
                    -73.57823393820,
                    45.49676368957
                ]
            }
        },
        {
            "type": "Feature",
            "properties": {
                "highway": "footway",
                "level": "2"
            },
            "geometry": {
                "type": "LineString",
                "coordinates": [
                    [
                        -73.57804797465,
                        45.49687727181
                    ],
                    [
                        -73.57800769553,
                        45.49685737205
                    ],
                    [
                        -73.57798668011,
                        45.49687827186
                    ],
                    [
                        -73.57796973793,
                        45.49689512082
                    ],
                    [
                        -73.57797830556,
                        45.49689935363
                    ]
                ]
            }
        },
        {
            "type": "Feature",
            "properties": {
                "door": "hinged"
            },
            "geometry": {
                "type": "Point",
                "coordinates": [
                    -73.57772210486,
                    45.49675138828
                ]
            }
        },
        {
            "type": "Feature",
            "properties": {
                "highway": "footway",
                "level": "3"
            },
            "geometry": {
                "type": "LineString",
                "coordinates": [
                    [
                        -73.57768933670,
                        45.49701097943
                    ],
                    [
                        -73.57760435786,
                        45.49696808386
                    ],
                    [
                        -73.57758751881,
                        45.49695958385
                    ],
                    [
                        -73.57762610991,
                        45.49692202124
                    ],
                    [
                        -73.57764788630,
                        45.49690082519
                    ],
                    [
                        -73.57762721529,
                        45.49689045113
                    ],
                    [
                        -73.57760665339,
                        45.49688013183
                    ],
                    [
                        -73.57758604618,
                        45.49686978977
                    ],
                    [
                        -73.57754308662,
                        45.49684822983
                    ],
                    [
                        -73.57768865691,
                        45.49670668009
                    ],
                    [
                        -73.57766296469,
                        45.49669371112
                    ],
                    [
                        -73.57759172704,
                        45.49665775162
                    ],
                    [
                        -73.57744631039,
                        45.49679929336
                    ],
                    [
                        -73.57748738301,
                        45.49682006240
                    ],
                    [
                        -73.57754308662,
                        45.49684822983
                    ],
                    [
                        -73.57753247735,
                        45.49685855638
                    ],
                    [
                        -73.57750263481,
                        45.49688760363
                    ]
                ]
            }
        },
        {
            "type": "Feature",
            "properties": {
                "level": "3",
                "indoor": "room",
                "ref": "LB-328"
            },
            "geometry": {
                "type": "Polygon",
                "coordinates": [
                    [
                        [
                            -73.57803478241,
                            45.49646483260
                        ],
                        [
                            -73.57799808423,
                            45.49650055303
                        ],
                        [
                            -73.57794803358,
                            45.49647528827
                        ],
                        [
                            -73.57798496548,
                            45.49644014742
                        ],
                        [
                            -73.57800666200,
                            45.49645089843
                        ],
                        [
                            -73.57803478241,
                            45.49646483260
                        ]
                    ]
                ]
            }
        },
        {
            "type": "Feature",
            "properties": {
                "door": "hinged"
            },
            "geometry": {
                "type": "Point",
                "coordinates": [
                    -73.57775972689,
                    45.49695991054
                ]
            }
        },
        {
            "type": "Feature",
            "properties": {
                "male": "yes",
                "female": "no",
                "ref": "LB-bath-M-2-01",
                "indoor": "room",
                "amenity": "toilets",
                "level": "2"
            },
            "geometry": {
                "type": "Polygon",
                "coordinates": [
                    [
                        [
                            -73.57794965226,
                            45.49707355210
                        ],
                        [
                            -73.57790503381,
                            45.49705158407
                        ],
                        [
                            -73.57788892672,
                            45.49704365369
                        ],
                        [
                            -73.57783307628,
                            45.49709936407
                        ],
                        [
                            -73.57789380157,
                            45.49712926135
                        ],
                        [
                            -73.57794965226,
                            45.49707355210
                        ]
                    ]
                ]
            }
        },
        {
            "type": "Feature",
            "properties": {
                "highway": "footway",
                "level": "4"
            },
            "geometry": {
                "type": "LineString",
                "coordinates": [
                    [
                        -73.57794999503,
                        45.49655544133
                    ],
                    [
                        -73.57794430738,
                        45.49656109638
                    ]
                ]
            }
        },
        {
            "type": "Feature",
            "properties": {
                "door": "hinged"
            },
            "geometry": {
                "type": "Point",
                "coordinates": [
                    -73.57796419636,
                    45.49698731972
                ]
            }
        },
        {
            "type": "Feature",
            "properties": {
                "highway": "footway",
                "level": "5"
            },
            "geometry": {
                "type": "LineString",
                "coordinates": [
                    [
                        -73.57818397483,
                        45.49681275407
                    ],
                    [
                        -73.57823393820,
                        45.49676368957
                    ],
                    [
                        -73.57825990423,
                        45.49673819067
                    ]
                ]
            }
        },
        {
            "type": "Feature",
            "properties": {
                "level": "4",
                "highway": "footway"
            },
            "geometry": {
                "type": "LineString",
                "coordinates": [
                    [
                        -73.57764989005,
                        45.49690716453
                    ],
                    [
                        -73.57762447532,
                        45.49693243347
                    ],
                    [
                        -73.57759743289,
                        45.49695932075
                    ],
                    [
                        -73.57769139151,
                        45.49700575151
                    ],
                    [
                        -73.57778535008,
                        45.49705218221
                    ],
                    [
                        -73.57781274700,
                        45.49702494252
                    ],
                    [
                        -73.57783789094,
                        45.49699994286
                    ]
                ]
            }
        },
        {
            "type": "Feature",
            "properties": {
                "door": "staircase"
            },
            "geometry": {
                "type": "Point",
                "coordinates": [
                    -73.57761091835,
                    45.49690651395
                ]
            }
        },
        {
            "type": "Feature",
            "properties": {
                "ref": "LB-water-2-01",
                "amenity": "drinking_water",
                "level": "2",
                "indoor": "yes"
            },
            "geometry": {
                "type": "Point",
                "coordinates": [
                    -73.57794182831,
                    45.49706537840
                ]
            }
        },
        {
            "type": "Feature",
            "properties": {
                "highway": "footway",
                "level": "5"
            },
            "geometry": {
                "type": "LineString",
                "coordinates": [
                    [
                        -73.57794497233,
                        45.49696399451
                    ],
                    [
                        -73.57793621378,
                        45.49697259545
                    ],
                    [
                        -73.57791109742,
                        45.49699725987
                    ]
                ]
            }
        },
        {
            "type": "Feature",
            "properties": {
                "door": "hinged"
            },
            "geometry": {
                "type": "Point",
                "coordinates": [
                    -73.57753052888,
                    45.49684516032
                ]
            }
        },
        {
            "type": "Feature",
            "properties": {
                "door": "no"
            },
            "geometry": {
                "type": "Point",
                "coordinates": [
                    -73.57772556486,
                    45.49665106729
                ]
            }
        },
        {
            "type": "Feature",
            "properties": null,
            "geometry": {
                "type": "LineString",
                "coordinates": [
                    [
                        -73.57815977704,
                        45.49682446971
                    ],
                    [
                        -73.57779027303,
                        45.49663795083
                    ],
                    [
                        -73.57773073247,
                        45.49669590487
                    ],
                    [
                        -73.57810023657,
                        45.49688242361
                    ],
                    [
                        -73.57815977704,
                        45.49682446971
                    ]
                ]
            }
        },
        {
            "type": "Feature",
            "properties": {
                "door": "hinged"
            },
            "geometry": {
                "type": "Point",
                "coordinates": [
                    -73.57781274700,
                    45.49702494252
                ]
            }
        },
        {
            "type": "Feature",
            "properties": {
                "highway": "footway",
                "level": "5"
            },
            "geometry": {
                "type": "LineString",
                "coordinates": [
                    [
                        -73.57798860469,
                        45.49671457746
                    ],
                    [
                        -73.57800849978,
                        45.49669504026
                    ],
                    [
                        -73.57802163074,
                        45.49668214551
                    ]
                ]
            }
        },
        {
            "type": "Feature",
            "properties": {
                "highway": "footway",
                "level": "2"
            },
            "geometry": {
                "type": "LineString",
                "coordinates": [
                    [
                        -73.57789745247,
                        45.49664389680
                    ],
                    [
                        -73.57790738060,
                        45.49663497190
                    ],
                    [
                        -73.57791736623,
                        45.49662599530
                    ]
                ]
            }
        },
        {
            "type": "Feature",
            "properties": {
                "highway": "footway",
                "level": "5"
            },
            "geometry": {
                "type": "LineString",
                "coordinates": [
                    [
                        -73.57806972343,
                        45.49675534094
                    ],
                    [
                        -73.57811951870,
                        45.49670644136
                    ],
                    [
                        -73.57814548438,
                        45.49668094277
                    ]
                ]
            }
        },
        {
            "type": "Feature",
            "properties": {
                "door": "hinged"
            },
            "geometry": {
                "type": "Point",
                "coordinates": [
                    -73.57765249307,
                    45.49683088153
                ]
            }
        },
        {
            "type": "Feature",
            "properties": {
                "level": "5",
                "ref": "LB-520"
            },
            "geometry": {
                "type": "Point",
                "coordinates": [
                    -73.57802163074,
                    45.49668214551
                ]
            }
        },
        {
            "type": "Feature",
            "properties": {
                "highway": "footway",
                "level": "2"
            },
            "geometry": {
                "type": "LineString",
                "coordinates": [
                    [
                        -73.57762545598,
                        45.49689205631
                    ],
                    [
                        -73.57761091835,
                        45.49690651395
                    ],
                    [
                        -73.57758409186,
                        45.49693319282
                    ]
                ]
            }
        },
        {
            "type": "Feature",
            "properties": {
                "highway": "footway",
                "level": "2"
            },
            "geometry": {
                "type": "LineString",
                "coordinates": [
                    [
                        -73.57769537149,
                        45.49670423659
                    ],
                    [
                        -73.57778148176,
                        45.49674677919
                    ],
                    [
                        -73.57776106714,
                        45.49676708153
                    ],
                    [
                        -73.57774619060,
                        45.49678187625
                    ]
                ]
            }
        },
        {
            "type": "Feature",
            "properties": {
                "door": "hinged"
            },
            "geometry": {
                "type": "Point",
                "coordinates": [
                    -73.57819479620,
                    45.49663286777
                ]
            }
        },
        {
            "type": "Feature",
            "properties": {
                "addr:housenumber": "1455",
                "addr:street": "Boulevard De Maisonneuve Ouest",
                "door": "hinged",
                "entrance": "yes",
                "wheelchair": "yes",
                "level": "1"
            },
            "geometry": {
                "type": "Point",
                "coordinates": [
                    -73.57827830000,
                    45.49696340000
                ]
            }
        },
        {
            "type": "Feature",
            "properties": {
                "level": "3",
                "indoor": "room"
            },
            "geometry": {
                "type": "Polygon",
                "coordinates": [
                    [
                        [
                            -73.57807671577,
                            45.49672277823
                        ],
                        [
                            -73.57810537876,
                            45.49669485854
                        ],
                        [
                            -73.57822595515,
                            45.49675628538
                        ],
                        [
                            -73.57819791518,
                            45.49678372397
                        ],
                        [
                            -73.57808819680,
                            45.49672855152
                        ],
                        [
                            -73.57807671577,
                            45.49672277823
                        ]
                    ]
                ]
            }
        },
        {
            "type": "Feature",
            "properties": null,
            "geometry": {
                "type": "LineString",
                "coordinates": [
                    [
                        -73.57784043043,
                        45.49698954627
                    ],
                    [
                        -73.57785466828,
                        45.49699654483
                    ],
                    [
                        -73.57786893760,
                        45.49700355892
                    ],
                    [
                        -73.57787552401,
                        45.49699709103
                    ]
                ]
            }
        },
        {
            "type": "Feature",
            "properties": {
                "highway": "footway",
                "level": "5"
            },
            "geometry": {
                "type": "LineString",
                "coordinates": [
                    [
                        -73.57824068421,
                        45.49660148287
                    ],
                    [
                        -73.57823261729,
                        45.49659746254
                    ],
                    [
                        -73.57819479620,
                        45.49663286777
                    ],
                    [
                        -73.57814548438,
                        45.49668094277
                    ]
                ]
            }
        },
        {
            "type": "Feature",
            "properties": {
                "level": "3",
                "indoor": "room"
            },
            "geometry": {
                "type": "Polygon",
                "coordinates": [
                    [
                        [
                            -73.57785245677,
                            45.49697574120
                        ],
                        [
                            -73.57782084846,
                            45.49700650710
                        ],
                        [
                            -73.57779430839,
                            45.49699311023
                        ],
                        [
                            -73.57782591670,
                            45.49696234432
                        ],
                        [
                            -73.57785245677,
                            45.49697574120
                        ]
                    ]
                ]
            }
        },
        {
            "type": "Feature",
            "properties": {
                "door": "hinged"
            },
            "geometry": {
                "type": "Point",
                "coordinates": [
                    -73.57767044491,
                    45.49669801928
                ]
            }
        },
        {
            "type": "Feature",
            "properties": {
                "ref": "LB-211",
                "level": "2"
            },
            "geometry": {
                "type": "Point",
                "coordinates": [
                    -73.57833822492,
                    45.49665387534
                ]
            }
        },
        {
            "type": "Feature",
            "properties": {
                "building:part": "yes",
                "building:levels": "8"
            },
            "geometry": {
                "type": "LineString",
                "coordinates": [
                    [
                        -73.57755640000,
                        45.49696930000
                    ],
                    [
                        -73.57761270000,
                        45.49699750000
                    ],
                    [
                        -73.57757840000,
                        45.49703550000
                    ],
                    [
                        -73.57775730000,
                        45.49712220000
                    ],
                    [
                        -73.57779380000,
                        45.49708540000
                    ],
                    [
                        -73.57785210000,
                        45.49711360000
                    ],
                    [
                        -73.57788360000,
                        45.49708120000
                    ],
                    [
                        -73.57793260000,
                        45.49710330000
                    ],
                    [
                        -73.57807140000,
                        45.49696090000
                    ],
                    [
                        -73.57767710000,
                        45.49677150000
                    ],
                    [
                        -73.57753760000,
                        45.49691430000
                    ],
                    [
                        -73.57758460000,
                        45.49693690000
                    ],
                    [
                        -73.57755640000,
                        45.49696930000
                    ]
                ]
            }
        },
        {
            "type": "Feature",
            "properties": {
                "level": "4",
                "ref": "LB-485",
                "indoor": "room"
            },
            "geometry": {
                "type": "Polygon",
                "coordinates": [
                    [
                        [
                            -73.57789837524,
                            45.49713342971
                        ],
                        [
                            -73.57780577224,
                            45.49708766905
                        ],
                        [
                            -73.57778642234,
                            45.49710697532
                        ],
                        [
                            -73.57801640879,
                            45.49722062548
                        ],
                        [
                            -73.57827274801,
                            45.49696499198
                        ],
                        [
                            -73.57813638983,
                            45.49689760568
                        ],
                        [
                            -73.57811574974,
                            45.49691805901
                        ],
                        [
                            -73.57796820452,
                            45.49706426897
                        ],
                        [
                            -73.57789837524,
                            45.49713342971
                        ]
                    ]
                ]
            }
        },
        {
            "type": "Feature",
            "properties": {
                "level": "2",
                "ref": "LB-bath-W-2-02"
            },
            "geometry": {
                "type": "Point",
                "coordinates": [
                    -73.57816826797,
                    45.49668244498
                ]
            }
        },
        {
            "type": "Feature",
            "properties": {
                "indoor": "room",
                "ref": "LB-251",
                "level": "2"
            },
            "geometry": {
                "type": "Polygon",
                "coordinates": [
                    [
                        [
                            -73.57774192395,
                            45.49675771608
                        ],
                        [
                            -73.57770751863,
                            45.49679222290
                        ],
                        [
                            -73.57774391729,
                            45.49681003027
                        ],
                        [
                            -73.57777832262,
                            45.49677552346
                        ],
                        [
                            -73.57776106714,
                            45.49676708153
                        ],
                        [
                            -73.57774192395,
                            45.49675771608
                        ]
                    ]
                ]
            }
        },
        {
            "type": "Feature",
            "properties": {
                "building:levels": "4",
                "building:part": "yes"
            },
            "geometry": {
                "type": "LineString",
                "coordinates": [
                    [
                        -73.57764380000,
                        45.49657850000
                    ],
                    [
                        -73.57762440000,
                        45.49656950000
                    ],
                    [
                        -73.57745330000,
                        45.49648540000
                    ],
                    [
                        -73.57747750000,
                        45.49646010000
                    ],
                    [
                        -73.57768840000,
                        45.49624380000
                    ],
                    [
                        -73.57774000000,
                        45.49626820000
                    ],
                    [
                        -73.57852500000,
                        45.49669320000
                    ],
                    [
                        -73.57784720000,
                        45.49636610000
                    ],
                    [
                        -73.57778170000,
                        45.49643260000
                    ],
                    [
                        -73.57768580000,
                        45.49638740000
                    ],
                    [
                        -73.57761180000,
                        45.49646560000
                    ],
                    [
                        -73.57770830000,
                        45.49651210000
                    ],
                    [
                        -73.57764380000,
                        45.49657850000
                    ]
                ]
            }
        },
        {
            "type": "Feature",
            "properties": {
                "level": "4",
                "indoor": "room"
            },
            "geometry": {
                "type": "Polygon",
                "coordinates": [
                    [
                        [
                            -73.57745440563,
                            45.49691254558
                        ],
                        [
                            -73.57748439663,
                            45.49688244478
                        ],
                        [
                            -73.57745676564,
                            45.49686872331
                        ],
                        [
                            -73.57742601696,
                            45.49689841930
                        ],
                        [
                            -73.57745440563,
                            45.49691254558
                        ]
                    ]
                ]
            }
        },
        {
            "type": "Feature",
            "properties": {
                "highway": "footway",
                "level": "2"
            },
            "geometry": {
                "type": "LineString",
                "coordinates": [
                    [
                        -73.57754599002,
                        45.49685279643
                    ],
                    [
                        -73.57753052888,
                        45.49684516032
                    ],
                    [
                        -73.57745554267,
                        45.49680812531
                    ],
                    [
                        -73.57748231523,
                        45.49678148000
                    ],
                    [
                        -73.57758792809,
                        45.49667644801
                    ],
                    [
                        -73.57766290287,
                        45.49671348916
                    ],
                    [
                        -73.57767837936,
                        45.49672113529
                    ]
                ]
            }
        },
        {
            "type": "Feature",
            "properties": {
                "ref": "LB-545",
                "level": "5",
                "indoor": "room"
            },
            "geometry": {
                "type": "Polygon",
                "coordinates": [
                    [
                        [
                            -73.57770364084,
                            45.49667997058
                        ],
                        [
                            -73.57760544195,
                            45.49663083850
                        ],
                        [
                            -73.57738597406,
                            45.49684620384
                        ],
                        [
                            -73.57752338269,
                            45.49691442334
                        ],
                        [
                            -73.57758796505,
                            45.49685142445
                        ],
                        [
                            -73.57755023248,
                            45.49683238737
                        ],
                        [
                            -73.57759468473,
                            45.49678873498
                        ],
                        [
                            -73.57768940156,
                            45.49669572221
                        ],
                        [
                            -73.57770364084,
                            45.49667997058
                        ]
                    ]
                ]
            }
        },
        {
            "type": "Feature",
            "properties": {
                "door": "hinged"
            },
            "geometry": {
                "type": "Point",
                "coordinates": [
                    -73.57811951870,
                    45.49670644136
                ]
            }
        },
        {
            "type": "Feature",
            "properties": {
                "highway": "footway",
                "level": "2"
            },
            "geometry": {
                "type": "LineString",
                "coordinates": [
                    [
                        -73.57802361389,
                        45.49661775928
                    ],
                    [
                        -73.57786239895,
                        45.49653812742
                    ],
                    [
                        -73.57785627441,
                        45.49654421829
                    ],
                    [
                        -73.57780122540,
                        45.49659896466
                    ],
                    [
                        -73.57774111150,
                        45.49665874808
                    ],
                    [
                        -73.57769537149,
                        45.49670423659
                    ],
                    [
                        -73.57767837936,
                        45.49672113529
                    ],
                    [
                        -73.57754599002,
                        45.49685279643
                    ],
                    [
                        -73.57757924175,
                        45.49686922434
                    ],
                    [
                        -73.57759502459,
                        45.49687702179
                    ],
                    [
                        -73.57762545598,
                        45.49689205631
                    ],
                    [
                        -73.57765438679,
                        45.49690634947
                    ],
                    [
                        -73.57774943906,
                        45.49695330967
                    ],
                    [
                        -73.57784450292,
                        45.49700027233
                    ],
                    [
                        -73.57787743707,
                        45.49701654427
                    ],
                    [
                        -73.57791941335,
                        45.49703728370
                    ],
                    [
                        -73.57795288807,
                        45.49705382272
                    ],
                    [
                        -73.57809351787,
                        45.49691396692
                    ],
                    [
                        -73.57810305379,
                        45.49690448346
                    ],
                    [
                        -73.57814949899,
                        45.49685829381
                    ],
                    [
                        -73.57821130231,
                        45.49679683047
                    ],
                    [
                        -73.57804804322,
                        45.49671617271
                    ]
                ]
            }
        },
        {
            "type": "Feature",
            "properties": {
                "ref": "LB-211",
                "indoor": "room",
                "level": "2"
            },
            "geometry": {
                "type": "Polygon",
                "coordinates": [
                    [
                        [
                            -73.57835270937,
                            45.49671113732
                        ],
                        [
                            -73.57841685468,
                            45.49664733030
                        ],
                        [
                            -73.57833377452,
                            45.49660629393
                        ],
                        [
                            -73.57832440842,
                            45.49660166766
                        ],
                        [
                            -73.57826026311,
                            45.49666547473
                        ],
                        [
                            -73.57826961953,
                            45.49667009621
                        ],
                        [
                            -73.57835270937,
                            45.49671113732
                        ]
                    ]
                ]
            }
        },
        {
            "type": "Feature",
            "properties": {
                "door": "hinged"
            },
            "geometry": {
                "type": "Point",
                "coordinates": [
                    -73.57748738301,
                    45.49682006240
                ]
            }
        },
        {
            "type": "Feature",
            "properties": {
                "highway": "footway",
                "level": "3"
            },
            "geometry": {
                "type": "LineString",
                "coordinates": [
                    [
                        -73.57788377711,
                        45.49650950900
                    ],
                    [
                        -73.57778418988,
                        45.49661148122
                    ],
                    [
                        -73.57773826224,
                        45.49665724826
                    ],
                    [
                        -73.57768865691,
                        45.49670668009
                    ],
                    [
                        -73.57809745955,
                        45.49691303587
                    ],
                    [
                        -73.57795577521,
                        45.49705094432
                    ],
                    [
                        -73.57793395708,
                        45.49703993103
                    ],
                    [
                        -73.57788079017,
                        45.49701309349
                    ],
                    [
                        -73.57784553623,
                        45.49699529803
                    ],
                    [
                        -73.57782017638,
                        45.49701998199
                    ],
                    [
                        -73.57778158526,
                        45.49705754457
                    ],
                    [
                        -73.57776600001,
                        45.49704967747
                    ],
                    [
                        -73.57768933670,
                        45.49701097943
                    ],
                    [
                        -73.57767031679,
                        45.49702949242
                    ]
                ]
            }
        },
        {
            "type": "Feature",
            "properties": {
                "level": "5",
                "ref": "LB-bath-W-5-02"
            },
            "geometry": {
                "type": "Point",
                "coordinates": [
                    -73.57789727762,
                    45.49656942548
                ]
            }
        },
        {
            "type": "Feature",
            "properties": {
                "level": "3",
                "male": "yes",
                "female": "no",
                "ref": "LB-bath-M-3-02",
                "indoor": "room",
                "amenity": "toilets"
            },
            "geometry": {
                "type": "Polygon",
                "coordinates": [
                    [
                        [
                            -73.57799327611,
                            45.49657690073
                        ],
                        [
                            -73.57794710364,
                            45.49662264053
                        ],
                        [
                            -73.57791328227,
                            45.49660497297
                        ],
                        [
                            -73.57796030942,
                            45.49656025969
                        ],
                        [
                            -73.57797626499,
                            45.49656831380
                        ],
                        [
                            -73.57799327611,
                            45.49657690073
                        ]
                    ]
                ]
            }
        },
        {
            "type": "Feature",
            "properties": {
                "level": "4",
                "highway": "footway"
            },
            "geometry": {
                "type": "LineString",
                "coordinates": [
                    [
                        -73.57794317043,
                        45.49705189810
                    ],
                    [
                        -73.57795048215,
                        45.49705551127
                    ],
                    [
                        -73.57796820452,
                        45.49706426897
                    ],
                    [
                        -73.57803616768,
                        45.49709785371
                    ],
                    [
                        -73.57818347149,
                        45.49695148849
                    ],
                    [
                        -73.57811574974,
                        45.49691805901
                    ],
                    [
                        -73.57809053951,
                        45.49690561448
                    ]
                ]
            }
        },
        {
            "type": "Feature",
            "properties": {
                "door": "hinged"
            },
            "geometry": {
                "type": "Point",
                "coordinates": [
                    -73.57812679943,
                    45.49667400570
                ]
            }
        },
        {
            "type": "Feature",
            "properties": {
                "highway": "footway",
                "level": "5"
            },
            "geometry": {
                "type": "LineString",
                "coordinates": [
                    [
                        -73.57758328572,
                        45.49682457943
                    ],
                    [
                        -73.57760197096,
                        45.49680623036
                    ],
                    [
                        -73.57761131420,
                        45.49679705521
                    ],
                    [
                        -73.57759468473,
                        45.49678873498
                    ],
                    [
                        -73.57753887333,
                        45.49676081078
                    ],
                    [
                        -73.57763359008,
                        45.49666779794
                    ],
                    [
                        -73.57768940156,
                        45.49669572221
                    ],
                    [
                        -73.57770603103,
                        45.49670404246
                    ]
                ]
            }
        },
        {
            "type": "Feature",
            "properties": {
                "highway": "footway",
                "level": "4"
            },
            "geometry": {
                "type": "LineString",
                "coordinates": [
                    [
                        -73.57791736623,
                        45.49662599530
                    ],
                    [
                        -73.57790738060,
                        45.49663497190
                    ],
                    [
                        -73.57787911017,
                        45.49666133119
                    ]
                ]
            }
        },
        {
            "type": "Feature",
            "properties": {
                "door": "staircase"
            },
            "geometry": {
                "type": "Point",
                "coordinates": [
                    -73.57766726678,
                    45.49650212762
                ]
            }
        }
    ]
}