{
    "type": "FeatureCollection",
    "generator": "JOSM",
    "bbox": [
        -73.63954420000,
        45.45859730000,
        -73.63768820000,
        45.45953610000
    ],
    "features": [
        {
            "type": "Feature",
            "properties": {
                "highway": "footway",
                "level": "3"
            },
            "geometry": {
                "type": "LineString",
                "coordinates": [
                    [
                        -73.63841956732,
                        45.45903473521
                    ],
                    [
                        -73.63845187451,
                        45.45904731358
                    ],
                    [
                        -73.63845797268,
                        45.45904968782
                    ]
                ]
            }
        },
        {
            "type": "Feature",
            "properties": {
                "level": "2",
                "ref": "VE-202.1"
            },
            "geometry": {
                "type": "Point",
                "coordinates": [
                    -73.63840860820,
                    45.45877176380
                ]
            }
        },
        {
            "type": "Feature",
            "properties": {
                "highway": "footway",
                "level": "2"
            },
            "geometry": {
                "type": "LineString",
                "coordinates": [
                    [
                        -73.63879113397,
                        45.45896330593
                    ],
                    [
                        -73.63878586695,
                        45.45896115774
                    ],
                    [
                        -73.63876563982,
                        45.45895290713
                    ]
                ]
            }
        },
        {
            "type": "Feature",
            "properties": {
                "highway": "footway",
                "level": "3"
            },
            "geometry": {
                "type": "LineString",
                "coordinates": [
                    [
                        -73.63819147290,
                        45.45900593089
                    ],
                    [
                        -73.63820413139,
                        45.45899052164
                    ],
                    [
                        -73.63819995743,
                        45.45898901246
                    ],
                    [
                        -73.63819433652,
                        45.45898689963
                    ],
                    [
                        -73.63818619850,
                        45.45899755466
                    ],
                    [
                        -73.63818217305,
                        45.45900250993
                    ]
                ]
            }
        },
        {
            "type": "Feature",
            "properties": {
                "highway": "footway",
                "level": "1"
            },
            "geometry": {
                "type": "LineString",
                "coordinates": [
                    [
                        -73.63819483814,
                        45.45898696646
                    ],
                    [
                        -73.63818664837,
                        45.45899700087
                    ],
                    [
                        -73.63818619850,
                        45.45899755466
                    ],
                    [
                        -73.63818217305,
                        45.45900250993
                    ]
                ]
            }
        },
        {
            "type": "Feature",
            "properties": {
                "level": "1",
                "ref": "VE-101"
            },
            "geometry": {
                "type": "Point",
                "coordinates": [
                    -73.63885665070,
                    45.45885855530
                ]
            }
        },
        {
            "type": "Feature",
            "properties": {
                "door": "hinged"
            },
            "geometry": {
                "type": "Point",
                "coordinates": [
                    -73.63842106418,
                    45.45911526300
                ]
            }
        },
        {
            "type": "Feature",
            "properties": {
                "door": "hinged"
            },
            "geometry": {
                "type": "Point",
                "coordinates": [
                    -73.63865867210,
                    45.45875780338
                ]
            }
        },
        {
            "type": "Feature",
            "properties": {
                "highway": "footway",
                "level": "1"
            },
            "geometry": {
                "type": "LineString",
                "coordinates": [
                    [
                        -73.63835767853,
                        45.45899741144
                    ],
                    [
                        -73.63835234021,
                        45.45900398277
                    ],
                    [
                        -73.63834502487,
                        45.45900105904
                    ],
                    [
                        -73.63829458901,
                        45.45898090128
                    ],
                    [
                        -73.63828423485,
                        45.45899383544
                    ]
                ]
            }
        },
        {
            "type": "Feature",
            "properties": {
                "door": "hinged"
            },
            "geometry": {
                "type": "Point",
                "coordinates": [
                    -73.63862270663,
                    45.45876946996
                ]
            }
        },
        {
            "type": "Feature",
            "properties": {
                "highway": "footway",
                "level": "1"
            },
            "geometry": {
                "type": "LineString",
                "coordinates": [
                    [
                        -73.63843319289,
                        45.45893998560
                    ],
                    [
                        -73.63843614214,
                        45.45893635512
                    ],
                    [
                        -73.63844256722,
                        45.45892844592
                    ]
                ]
            }
        },
        {
            "type": "Feature",
            "properties": {
                "level": "2",
                "ref": "VE-227"
            },
            "geometry": {
                "type": "Point",
                "coordinates": [
                    -73.63860722513,
                    45.45875173111
                ]
            }
        },
        {
            "type": "Feature",
            "properties": {
                "indoor": "yes",
                "level": "1"
            },
            "geometry": {
                "type": "LineString",
                "coordinates": [
                    [
                        -73.63830329983,
                        45.45903995362
                    ],
                    [
                        -73.63830032858,
                        45.45904837064
                    ],
                    [
                        -73.63829886808,
                        45.45905572175
                    ],
                    [
                        -73.63829838379,
                        45.45906092547
                    ],
                    [
                        -73.63829834115,
                        45.45906290037
                    ]
                ]
            }
        },
        {
            "type": "Feature",
            "properties": {
                "highway": "footway",
                "level": "1"
            },
            "geometry": {
                "type": "LineString",
                "coordinates": [
                    [
                        -73.63894156863,
                        45.45889400815
                    ],
                    [
                        -73.63894987811,
                        45.45888435905
                    ],
                    [
                        -73.63895519885,
                        45.45887847241
                    ]
                ]
            }
        },
        {
            "type": "Feature",
            "properties": {
                "ref": "VL-122.1",
                "level": "1"
            },
            "geometry": {
                "type": "Point",
                "coordinates": [
                    -73.63822408758,
                    45.45897963906
                ]
            }
        },
        {
            "type": "Feature",
            "properties": {
                "door": "hinged"
            },
            "geometry": {
                "type": "Point",
                "coordinates": [
                    -73.63830627195,
                    45.45901209093
                ]
            }
        },
        {
            "type": "Feature",
            "properties": {
                "door": "hinged"
            },
            "geometry": {
                "type": "Point",
                "coordinates": [
                    -73.63884623844,
                    45.45880127387
                ]
            }
        },
        {
            "type": "Feature",
            "properties": {
                "door": "hinged"
            },
            "geometry": {
                "type": "Point",
                "coordinates": [
                    -73.63845833415,
                    45.45897336825
                ]
            }
        },
        {
            "type": "Feature",
            "properties": {
                "ref": "VL-bath-M-1",
                "male": "yes",
                "female": "no",
                "indoor": "room",
                "amenity": "toilets",
                "level": "1"
            },
            "geometry": {
                "type": "Polygon",
                "coordinates": [
                    [
                        [
                            -73.63846046858,
                            45.45897076144
                        ],
                        [
                            -73.63845833415,
                            45.45897336825
                        ],
                        [
                            -73.63844719538,
                            45.45898697219
                        ],
                        [
                            -73.63845583291,
                            45.45899045169
                        ],
                        [
                            -73.63845033563,
                            45.45899716559
                        ],
                        [
                            -73.63847181299,
                            45.45900581745
                        ],
                        [
                            -73.63849058346,
                            45.45898289280
                        ],
                        [
                            -73.63848287472,
                            45.45897979489
                        ],
                        [
                            -73.63846046858,
                            45.45897076144
                        ]
                    ]
                ]
            }
        },
        {
            "type": "Feature",
            "properties": {
                "door": "hinged"
            },
            "geometry": {
                "type": "Point",
                "coordinates": [
                    -73.63860549381,
                    45.45872022632
                ]
            }
        },
        {
            "type": "Feature",
            "properties": {
                "level": "2",
                "ref": "VE-bath-M-2"
            },
            "geometry": {
                "type": "Point",
                "coordinates": [
                    -73.63847828960,
                    45.45868219856
                ]
            }
        },
        {
            "type": "Feature",
            "properties": {
                "highway": "footway",
                "level": "2"
            },
            "geometry": {
                "type": "LineString",
                "coordinates": [
                    [
                        -73.63845012276,
                        45.45877208256
                    ],
                    [
                        -73.63845499242,
                        45.45877406890
                    ],
                    [
                        -73.63847282946,
                        45.45878134461
                    ]
                ]
            }
        },
        {
            "type": "Feature",
            "properties": {
                "indoor": "room",
                "ref": "VL-102.2",
                "level": "1"
            },
            "geometry": {
                "type": "Polygon",
                "coordinates": [
                    [
                        [
                            -73.63812313812,
                            45.45899617153
                        ],
                        [
                            -73.63811251998,
                            45.45900913962
                        ],
                        [
                            -73.63810112996,
                            45.45900455131
                        ],
                        [
                            -73.63809544138,
                            45.45901149886
                        ],
                        [
                            -73.63813786528,
                            45.45902858873
                        ],
                        [
                            -73.63815417201,
                            45.45900867309
                        ],
                        [
                            -73.63814382997,
                            45.45900450695
                        ],
                        [
                            -73.63813551846,
                            45.45900115877
                        ],
                        [
                            -73.63812313812,
                            45.45899617153
                        ]
                    ]
                ]
            }
        },
        {
            "type": "Feature",
            "properties": {
                "door": "no"
            },
            "geometry": {
                "type": "Point",
                "coordinates": [
                    -73.63846382534,
                    45.45896666091
                ]
            }
        },
        {
            "type": "Feature",
            "properties": {
                "door": "hinged"
            },
            "geometry": {
                "type": "Point",
                "coordinates": [
                    -73.63840492516,
                    45.45910876164
                ]
            }
        },
        {
            "type": "Feature",
            "properties": {
                "highway": "footway",
                "level": "2"
            },
            "geometry": {
                "type": "LineString",
                "coordinates": [
                    [
                        -73.63847904312,
                        45.45904462066
                    ],
                    [
                        -73.63847546378,
                        45.45904888769
                    ],
                    [
                        -73.63846104289,
                        45.45906619976
                    ],
                    [
                        -73.63845641293,
                        45.45906430238
                    ]
                ]
            }
        },
        {
            "type": "Feature",
            "properties": {
                "door": "staircase"
            },
            "geometry": {
                "type": "Point",
                "coordinates": [
                    -73.63836535825,
                    45.45917361702
                ]
            }
        },
        {
            "type": "Feature",
            "properties": {
                "highway": "footway",
                "level": "3"
            },
            "geometry": {
                "type": "LineString",
                "coordinates": [
                    [
                        -73.63836413607,
                        45.45918684723
                    ],
                    [
                        -73.63837273767,
                        45.45917625882
                    ],
                    [
                        -73.63837642951,
                        45.45917171423
                    ],
                    [
                        -73.63832750844,
                        45.45915203857
                    ],
                    [
                        -73.63836772488,
                        45.45910034077
                    ],
                    [
                        -73.63833313332,
                        45.45908675319
                    ],
                    [
                        -73.63827590170,
                        45.45906398908
                    ],
                    [
                        -73.63824940067,
                        45.45909578488
                    ]
                ]
            }
        },
        {
            "type": "Feature",
            "properties": {
                "level": "2",
                "ref": "VE-207"
            },
            "geometry": {
                "type": "Point",
                "coordinates": [
                    -73.63856757903,
                    45.45878733518
                ]
            }
        },
        {
            "type": "Feature",
            "properties": {
                "highway": "footway",
                "level": "1"
            },
            "geometry": {
                "type": "LineString",
                "coordinates": [
                    [
                        -73.63830801407,
                        45.45911505013
                    ],
                    [
                        -73.63831221920,
                        45.45911673079
                    ],
                    [
                        -73.63832418488,
                        45.45912151312
                    ],
                    [
                        -73.63831760352,
                        45.45912961467
                    ]
                ]
            }
        },
        {
            "type": "Feature",
            "properties": {
                "highway": "footway",
                "level": "3"
            },
            "geometry": {
                "type": "LineString",
                "coordinates": [
                    [
                        -73.63841980577,
                        45.45898158039
                    ],
                    [
                        -73.63847080336,
                        45.45900143563
                    ],
                    [
                        -73.63848480172,
                        45.45900662731
                    ]
                ]
            }
        },
        {
            "type": "Feature",
            "properties": {
                "door": "hinged"
            },
            "geometry": {
                "type": "Point",
                "coordinates": [
                    -73.63838513680,
                    45.45906558567
                ]
            }
        },
        {
            "type": "Feature",
            "properties": {
                "ref": "VL-bath-W-1",
                "level": "1"
            },
            "geometry": {
                "type": "Point",
                "coordinates": [
                    -73.63844831590,
                    45.45901014565
                ]
            }
        },
        {
            "type": "Feature",
            "properties": {
                "door": "hinged"
            },
            "geometry": {
                "type": "Point",
                "coordinates": [
                    -73.63814382997,
                    45.45900450695
                ]
            }
        },
        {
            "type": "Feature",
            "properties": {
                "door": "hinged"
            },
            "geometry": {
                "type": "Point",
                "coordinates": [
                    -73.63803365817,
                    45.45907837529
                ]
            }
        },
        {
            "type": "Feature",
            "properties": {
                "indoor": "room",
                "level": "2",
                "ref": "VE-217"
            },
            "geometry": {
                "type": "Polygon",
                "coordinates": [
                    [
                        [
                            -73.63877173845,
                            45.45880030678
                        ],
                        [
                            -73.63880552044,
                            45.45881382699
                        ],
                        [
                            -73.63878784174,
                            45.45883556066
                        ],
                        [
                            -73.63876967708,
                            45.45882829042
                        ],
                        [
                            -73.63875405930,
                            45.45882203988
                        ],
                        [
                            -73.63877173845,
                            45.45880030678
                        ]
                    ]
                ]
            }
        },
        {
            "type": "Feature",
            "properties": {
                "ref": "VL-121.1",
                "indoor": "room",
                "level": "1"
            },
            "geometry": {
                "type": "Polygon",
                "coordinates": [
                    [
                        [
                            -73.63844002243,
                            45.45892027992
                        ],
                        [
                            -73.63845519672,
                            45.45892639268
                        ],
                        [
                            -73.63844433670,
                            45.45893965619
                        ],
                        [
                            -73.63843614214,
                            45.45893635512
                        ],
                        [
                            -73.63842916241,
                            45.45893354343
                        ],
                        [
                            -73.63844002243,
                            45.45892027992
                        ]
                    ]
                ]
            }
        },
        {
            "type": "Feature",
            "properties": {
                "door": "hinged"
            },
            "geometry": {
                "type": "Point",
                "coordinates": [
                    -73.63894987811,
                    45.45888435905
                ]
            }
        },
        {
            "type": "Feature",
            "properties": {
                "highway": "footway",
                "level": "2"
            },
            "geometry": {
                "type": "LineString",
                "coordinates": [
                    [
                        -73.63850529914,
                        45.45873193505
                    ],
                    [
                        -73.63851127229,
                        45.45872487171
                    ],
                    [
                        -73.63852717477,
                        45.45870569070
                    ]
                ]
            }
        },
        {
            "type": "Feature",
            "properties": {
                "highway": "footway",
                "level": "1"
            },
            "geometry": {
                "type": "LineString",
                "coordinates": [
                    [
                        -73.63836279824,
                        45.45891200424
                    ],
                    [
                        -73.63837489150,
                        45.45889711759
                    ],
                    [
                        -73.63837677346,
                        45.45889480092
                    ],
                    [
                        -73.63838412187,
                        45.45888575512
                    ]
                ]
            }
        },
        {
            "type": "Feature",
            "properties": {
                "ref": "VL-121.1",
                "level": "1"
            },
            "geometry": {
                "type": "Point",
                "coordinates": [
                    -73.63844256722,
                    45.45892844592
                ]
            }
        },
        {
            "type": "Feature",
            "properties": {
                "door": "hinged"
            },
            "geometry": {
                "type": "Point",
                "coordinates": [
                    -73.63844264760,
                    45.45906797905
                ]
            }
        },
        {
            "type": "Feature",
            "properties": {
                "ref": "VL-104",
                "indoor": "room",
                "level": "1"
            },
            "geometry": {
                "type": "Polygon",
                "coordinates": [
                    [
                        [
                            -73.63833659317,
                            45.45912342490
                        ],
                        [
                            -73.63831820105,
                            45.45914588740
                        ],
                        [
                            -73.63831805262,
                            45.45914606867
                        ],
                        [
                            -73.63830701400,
                            45.45915954984
                        ],
                        [
                            -73.63833111475,
                            45.45916925846
                        ],
                        [
                            -73.63832972994,
                            45.45917094975
                        ],
                        [
                            -73.63831768794,
                            45.45918565738
                        ],
                        [
                            -73.63834376987,
                            45.45919616407
                        ],
                        [
                            -73.63836321055,
                            45.45917242096
                        ],
                        [
                            -73.63836672099,
                            45.45916813363
                        ],
                        [
                            -73.63836819419,
                            45.45916633439
                        ],
                        [
                            -73.63835663897,
                            45.45916167955
                        ],
                        [
                            -73.63837522072,
                            45.45913898546
                        ],
                        [
                            -73.63833659317,
                            45.45912342490
                        ]
                    ]
                ]
            }
        },
        {
            "type": "Feature",
            "properties": {
                "door": "staircase"
            },
            "geometry": {
                "type": "Point",
                "coordinates": [
                    -73.63820085530,
                    45.45898788793
                ]
            }
        },
        {
            "type": "Feature",
            "properties": {
                "ref": "VL-197.1",
                "indoor": "room",
                "level": "1"
            },
            "geometry": {
                "type": "Polygon",
                "coordinates": [
                    [
                        [
                            -73.63841607190,
                            45.45913788837
                        ],
                        [
                            -73.63840167600,
                            45.45915547047
                        ],
                        [
                            -73.63841713562,
                            45.45916169814
                        ],
                        [
                            -73.63840976151,
                            45.45917070423
                        ],
                        [
                            -73.63840709104,
                            45.45917396569
                        ],
                        [
                            -73.63840238739,
                            45.45917971031
                        ],
                        [
                            -73.63841416471,
                            45.45918445457
                        ],
                        [
                            -73.63843963752,
                            45.45915334437
                        ],
                        [
                            -73.63844330910,
                            45.45914886023
                        ],
                        [
                            -73.63841607190,
                            45.45913788837
                        ]
                    ]
                ]
            }
        },
        {
            "type": "Feature",
            "properties": {
                "level": "2",
                "ref": "VE-219"
            },
            "geometry": {
                "type": "Point",
                "coordinates": [
                    -73.63875080820,
                    45.45876835886
                ]
            }
        },
        {
            "type": "Feature",
            "properties": {
                "amenity": "toilets",
                "female": "no",
                "indoor": "room",
                "level": "2",
                "male": "yes",
                "ref": "VE-bath-M-2"
            },
            "geometry": {
                "type": "Polygon",
                "coordinates": [
                    [
                        [
                            -73.63846817150,
                            45.45866428633
                        ],
                        [
                            -73.63849604071,
                            45.45867544016
                        ],
                        [
                            -73.63848555977,
                            45.45868832448
                        ],
                        [
                            -73.63846944680,
                            45.45870813231
                        ],
                        [
                            -73.63845994232,
                            45.45870432842
                        ],
                        [
                            -73.63844157759,
                            45.45869697848
                        ],
                        [
                            -73.63846817150,
                            45.45866428633
                        ]
                    ]
                ]
            }
        },
        {
            "type": "Feature",
            "properties": {
                "highway": "footway",
                "level": "1"
            },
            "geometry": {
                "type": "LineString",
                "coordinates": [
                    [
                        -73.63821242664,
                        45.45899399351
                    ],
                    [
                        -73.63820636033,
                        45.45899157021
                    ],
                    [
                        -73.63819995743,
                        45.45898901246
                    ],
                    [
                        -73.63819483814,
                        45.45898696646
                    ],
                    [
                        -73.63819018917,
                        45.45898510840
                    ],
                    [
                        -73.63816707425,
                        45.45897587003
                    ],
                    [
                        -73.63815853161,
                        45.45898640944
                    ],
                    [
                        -73.63815050365,
                        45.45899629175
                    ],
                    [
                        -73.63816436394,
                        45.45900183131
                    ],
                    [
                        -73.63816041512,
                        45.45900669225
                    ]
                ]
            }
        },
        {
            "type": "Feature",
            "properties": {
                "ref": "VL-297.1",
                "level": "2"
            },
            "geometry": {
                "type": "Point",
                "coordinates": [
                    -73.63842201258,
                    45.45915257308
                ]
            }
        },
        {
            "type": "Feature",
            "properties": {
                "door": "hinged"
            },
            "geometry": {
                "type": "Point",
                "coordinates": [
                    -73.63861296290,
                    45.45874481042
                ]
            }
        },
        {
            "type": "Feature",
            "properties": {
                "door": "hinged"
            },
            "geometry": {
                "type": "Point",
                "coordinates": [
                    -73.63803133553,
                    45.45907523722
                ]
            }
        },
        {
            "type": "Feature",
            "properties": {
                "ref": "VL-124",
                "level": "1"
            },
            "geometry": {
                "type": "Point",
                "coordinates": [
                    -73.63823519903,
                    45.45896360398
                ]
            }
        },
        {
            "type": "Feature",
            "properties": {
                "highway": "footway",
                "level": "3"
            },
            "geometry": {
                "type": "LineString",
                "coordinates": [
                    [
                        -73.63840821117,
                        45.45904908550
                    ],
                    [
                        -73.63837760738,
                        45.45903717033
                    ],
                    [
                        -73.63837630670,
                        45.45903666392
                    ],
                    [
                        -73.63836370403,
                        45.45903175725
                    ]
                ]
            }
        },
        {
            "type": "Feature",
            "properties": {
                "door": "staircase"
            },
            "geometry": {
                "type": "Point",
                "coordinates": [
                    -73.63821644540,
                    45.45894092960
                ]
            }
        },
        {
            "type": "Feature",
            "properties": {
                "indoor": "room",
                "level": "2",
                "ref": "VE-212"
            },
            "geometry": {
                "type": "Polygon",
                "coordinates": [
                    [
                        [
                            -73.63879950051,
                            45.45889210152
                        ],
                        [
                            -73.63883159360,
                            45.45890494578
                        ],
                        [
                            -73.63881216451,
                            45.45892883004
                        ],
                        [
                            -73.63880316241,
                            45.45893989637
                        ],
                        [
                            -73.63877106931,
                            45.45892705212
                        ],
                        [
                            -73.63879950051,
                            45.45889210152
                        ]
                    ]
                ]
            }
        },
        {
            "type": "Feature",
            "properties": {
                "highway": "footway",
                "level": "2"
            },
            "geometry": {
                "type": "LineString",
                "coordinates": [
                    [
                        -73.63846246383,
                        45.45903782637
                    ],
                    [
                        -73.63860770782,
                        45.45886599833
                    ],
                    [
                        -73.63866489265,
                        45.45879702412
                    ]
                ]
            }
        },
        {
            "type": "Feature",
            "properties": {
                "highway": "footway",
                "level": "1"
            },
            "geometry": {
                "type": "LineString",
                "coordinates": [
                    [
                        -73.63808051756,
                        45.45902970706
                    ],
                    [
                        -73.63807523574,
                        45.45902759606
                    ],
                    [
                        -73.63806527124,
                        45.45902361354
                    ],
                    [
                        -73.63808054001,
                        45.45900481792
                    ]
                ]
            }
        },
        {
            "type": "Feature",
            "properties": {
                "level": "2",
                "ref": "VE-201"
            },
            "geometry": {
                "type": "Point",
                "coordinates": [
                    -73.63844165836,
                    45.45873472377
                ]
            }
        },
        {
            "type": "Feature",
            "properties": {
                "highway": "footway",
                "level": "2"
            },
            "geometry": {
                "type": "LineString",
                "coordinates": [
                    [
                        -73.63860566963,
                        45.45877287045
                    ],
                    [
                        -73.63858980444,
                        45.45879200646
                    ],
                    [
                        -73.63858564300,
                        45.45879702584
                    ]
                ]
            }
        },
        {
            "type": "Feature",
            "properties": {
                "ref": "VL-stair-1-6",
                "level": "1;2;3",
                "stairs": "yes",
                "indoor": "room"
            },
            "geometry": {
                "type": "Polygon",
                "coordinates": [
                    [
                        [
                            -73.63821327627,
                            45.45893085796
                        ],
                        [
                            -73.63820038311,
                            45.45894660457
                        ],
                        [
                            -73.63820632592,
                            45.45894899856
                        ],
                        [
                            -73.63820480890,
                            45.45895085132
                        ],
                        [
                            -73.63820745035,
                            45.45895191539
                        ],
                        [
                            -73.63821875357,
                            45.45893811060
                        ],
                        [
                            -73.63822186054,
                            45.45893431601
                        ],
                        [
                            -73.63821327627,
                            45.45893085796
                        ]
                    ]
                ]
            }
        },
        {
            "type": "Feature",
            "properties": {
                "level": "3",
                "ref": "VL-301.22"
            },
            "geometry": {
                "type": "Point",
                "coordinates": [
                    -73.63830542730,
                    45.45898881434
                ]
            }
        },
        {
            "type": "Feature",
            "properties": {
                "indoor": "room",
                "level": "1",
                "ref": "VE-101"
            },
            "geometry": {
                "type": "Polygon",
                "coordinates": [
                    [
                        [
                            -73.63880504219,
                            45.45892879450
                        ],
                        [
                            -73.63886255006,
                            45.45886104114
                        ],
                        [
                            -73.63887131475,
                            45.45885071494
                        ],
                        [
                            -73.63884202449,
                            45.45883848351
                        ],
                        [
                            -73.63881745469,
                            45.45886743063
                        ],
                        [
                            -73.63881173080,
                            45.45886504037
                        ],
                        [
                            -73.63877002803,
                            45.45891417283
                        ],
                        [
                            -73.63877575192,
                            45.45891656309
                        ],
                        [
                            -73.63880504219,
                            45.45892879450
                        ]
                    ]
                ]
            }
        },
        {
            "type": "Feature",
            "properties": {
                "level": "3",
                "ref": "VL-301.24"
            },
            "geometry": {
                "type": "Point",
                "coordinates": [
                    -73.63827115980,
                    45.45899473841
                ]
            }
        },
        {
            "type": "Feature",
            "properties": {
                "level": "2",
                "ref": "VE-216.2"
            },
            "geometry": {
                "type": "Point",
                "coordinates": [
                    -73.63886834727,
                    45.45881029204
                ]
            }
        },
        {
            "type": "Feature",
            "properties": {
                "ref": "VL-121.2",
                "indoor": "room",
                "level": "1"
            },
            "geometry": {
                "type": "Polygon",
                "coordinates": [
                    [
                        [
                            -73.63844710935,
                            45.45889987062
                        ],
                        [
                            -73.63846952061,
                            45.45890889869
                        ],
                        [
                            -73.63845519672,
                            45.45892639268
                        ],
                        [
                            -73.63844002243,
                            45.45892027992
                        ],
                        [
                            -73.63843416453,
                            45.45891792015
                        ],
                        [
                            -73.63843278547,
                            45.45891736461
                        ],
                        [
                            -73.63844028707,
                            45.45890820278
                        ],
                        [
                            -73.63844710935,
                            45.45889987062
                        ]
                    ]
                ]
            }
        },
        {
            "type": "Feature",
            "properties": {
                "ref": "VL-121.2",
                "level": "1"
            },
            "geometry": {
                "type": "Point",
                "coordinates": [
                    -73.63845111326,
                    45.45891252970
                ]
            }
        },
        {
            "type": "Feature",
            "properties": {
                "indoor": "room",
                "level": "2",
                "ref": "VE-225"
            },
            "geometry": {
                "type": "Polygon",
                "coordinates": [
                    [
                        [
                            -73.63863669051,
                            45.45873271186
                        ],
                        [
                            -73.63866266062,
                            45.45874310562
                        ],
                        [
                            -73.63863666860,
                            45.45877505782
                        ],
                        [
                            -73.63862270663,
                            45.45876946996
                        ],
                        [
                            -73.63861069849,
                            45.45876466406
                        ],
                        [
                            -73.63862343832,
                            45.45874900289
                        ],
                        [
                            -73.63863669051,
                            45.45873271186
                        ]
                    ]
                ]
            }
        },
        {
            "type": "Feature",
            "properties": {
                "door": "hinged"
            },
            "geometry": {
                "type": "Point",
                "coordinates": [
                    -73.63838909922,
                    45.45902287287
                ]
            }
        },
        {
            "type": "Feature",
            "properties": {
                "indoor": "room",
                "ref": "VL-103.1",
                "level": "1"
            },
            "geometry": {
                "type": "Polygon",
                "coordinates": [
                    [
                        [
                            -73.63840119732,
                            45.45910725993
                        ],
                        [
                            -73.63837522072,
                            45.45913898546
                        ],
                        [
                            -73.63835663897,
                            45.45916167955
                        ],
                        [
                            -73.63836819419,
                            45.45916633439
                        ],
                        [
                            -73.63837226018,
                            45.45916797232
                        ],
                        [
                            -73.63838309711,
                            45.45915473705
                        ],
                        [
                            -73.63839080120,
                            45.45915784053
                        ],
                        [
                            -73.63842452261,
                            45.45911665618
                        ],
                        [
                            -73.63842106418,
                            45.45911526300
                        ],
                        [
                            -73.63840492516,
                            45.45910876164
                        ],
                        [
                            -73.63840119732,
                            45.45910725993
                        ]
                    ]
                ]
            }
        },
        {
            "type": "Feature",
            "properties": {
                "ref": "VL-106.1",
                "indoor": "room",
                "level": "1"
            },
            "geometry": {
                "type": "Polygon",
                "coordinates": [
                    [
                        [
                            -73.63844873714,
                            45.45906054182
                        ],
                        [
                            -73.63847179670,
                            45.45906983103
                        ],
                        [
                            -73.63845838927,
                            45.45908620569
                        ],
                        [
                            -73.63843532971,
                            45.45907691648
                        ],
                        [
                            -73.63844264760,
                            45.45906797905
                        ],
                        [
                            -73.63844873714,
                            45.45906054182
                        ]
                    ]
                ]
            }
        },
        {
            "type": "Feature",
            "properties": {
                "door": "hinged"
            },
            "geometry": {
                "type": "Point",
                "coordinates": [
                    -73.63879366007,
                    45.45883788927
                ]
            }
        },
        {
            "type": "Feature",
            "properties": {
                "level": "3",
                "ref": "VL-301.13"
            },
            "geometry": {
                "type": "Point",
                "coordinates": [
                    -73.63836370403,
                    45.45903175725
                ]
            }
        },
        {
            "type": "Feature",
            "properties": {
                "level": "3",
                "indoor": "room",
                "ref": "VL-301.21"
            },
            "geometry": {
                "type": "Polygon",
                "coordinates": [
                    [
                        [
                            -73.63832185755,
                            45.45902790429
                        ],
                        [
                            -73.63834651729,
                            45.45903799232
                        ],
                        [
                            -73.63835876343,
                            45.45902294468
                        ],
                        [
                            -73.63833385819,
                            45.45901297281
                        ],
                        [
                            -73.63832782324,
                            45.45902048163
                        ],
                        [
                            -73.63832185755,
                            45.45902790429
                        ]
                    ]
                ]
            }
        },
        {
            "type": "Feature",
            "properties": {
                "door": "hinged"
            },
            "geometry": {
                "type": "Point",
                "coordinates": [
                    -73.63839120391,
                    45.45916826210
                ]
            }
        },
        {
            "type": "Feature",
            "properties": {
                "door": "hinged"
            },
            "geometry": {
                "type": "Point",
                "coordinates": [
                    -73.63845579324,
                    45.45905192411
                ]
            }
        },
        {
            "type": "Feature",
            "properties": {
                "level": "3",
                "ref": "VL-301.10"
            },
            "geometry": {
                "type": "Point",
                "coordinates": [
                    -73.63845797268,
                    45.45904968782
                ]
            }
        },
        {
            "type": "Feature",
            "properties": {
                "door": "hinged"
            },
            "geometry": {
                "type": "Point",
                "coordinates": [
                    -73.63846057132,
                    45.45874243836
                ]
            }
        },
        {
            "type": "Feature",
            "properties": {
                "highway": "footway",
                "level": "1"
            },
            "geometry": {
                "type": "LineString",
                "coordinates": [
                    [
                        -73.63841074933,
                        45.45910159219
                    ],
                    [
                        -73.63842812414,
                        45.45908020409
                    ]
                ]
            }
        },
        {
            "type": "Feature",
            "properties": {
                "level": "2",
                "ref": "VE-232"
            },
            "geometry": {
                "type": "Point",
                "coordinates": [
                    -73.63853191890,
                    45.45867436254
                ]
            }
        },
        {
            "type": "Feature",
            "properties": {
                "highway": "footway",
                "level": "2"
            },
            "geometry": {
                "type": "LineString",
                "coordinates": [
                    [
                        -73.63850690934,
                        45.45870452823
                    ],
                    [
                        -73.63851167732,
                        45.45869877726
                    ],
                    [
                        -73.63853191890,
                        45.45867436254
                    ]
                ]
            }
        },
        {
            "type": "Feature",
            "properties": {
                "highway": "footway",
                "level": "1"
            },
            "geometry": {
                "type": "LineString",
                "coordinates": [
                    [
                        -73.63845201750,
                        45.45905041506
                    ],
                    [
                        -73.63845224851,
                        45.45905050739
                    ],
                    [
                        -73.63845579324,
                        45.45905192411
                    ],
                    [
                        -73.63846795684,
                        45.45905678555
                    ]
                ]
            }
        },
        {
            "type": "Feature",
            "properties": {
                "ref": "VL-122",
                "level": "1"
            },
            "geometry": {
                "type": "Point",
                "coordinates": [
                    -73.63828423485,
                    45.45899383544
                ]
            }
        },
        {
            "type": "Feature",
            "properties": {
                "highway": "footway",
                "level": "2"
            },
            "geometry": {
                "type": "LineString",
                "coordinates": [
                    [
                        -73.63822816669,
                        45.45899908032
                    ],
                    [
                        -73.63838099375,
                        45.45906170739
                    ]
                ]
            }
        },
        {
            "type": "Feature",
            "properties": {
                "door": "staircase"
            },
            "geometry": {
                "type": "Point",
                "coordinates": [
                    -73.63801040979,
                    45.45910396590
                ]
            }
        },
        {
            "type": "Feature",
            "properties": {
                "highway": "footway",
                "level": "3"
            },
            "geometry": {
                "type": "LineString",
                "coordinates": [
                    [
                        -73.63841956732,
                        45.45903473521
                    ],
                    [
                        -73.63838909922,
                        45.45902287287
                    ],
                    [
                        -73.63838627292,
                        45.45902177249
                    ],
                    [
                        -73.63837434235,
                        45.45901712748
                    ]
                ]
            }
        },
        {
            "type": "Feature",
            "properties": {
                "indoor": "room",
                "ref": "VL-127.2",
                "level": "1"
            },
            "geometry": {
                "type": "Polygon",
                "coordinates": [
                    [
                        [
                            -73.63842376429,
                            45.45889046636
                        ],
                        [
                            -73.63844710935,
                            45.45889987062
                        ],
                        [
                            -73.63844028707,
                            45.45890820278
                        ],
                        [
                            -73.63843278547,
                            45.45891736461
                        ],
                        [
                            -73.63841807807,
                            45.45891143993
                        ],
                        [
                            -73.63841366263,
                            45.45890966123
                        ],
                        [
                            -73.63840944040,
                            45.45890796036
                        ],
                        [
                            -73.63842376429,
                            45.45889046636
                        ]
                    ]
                ]
            }
        },
        {
            "type": "Feature",
            "properties": {
                "highway": "footway",
                "level": "1"
            },
            "geometry": {
                "type": "LineString",
                "coordinates": [
                    [
                        -73.63840012026,
                        45.45917117967
                    ],
                    [
                        -73.63840709104,
                        45.45917396569
                    ],
                    [
                        -73.63841305653,
                        45.45917634991
                    ],
                    [
                        -73.63843148435,
                        45.45915366560
                    ],
                    [
                        -73.63842316818,
                        45.45915034187
                    ]
                ]
            }
        },
        {
            "type": "Feature",
            "properties": {
                "door": "hinged"
            },
            "geometry": {
                "type": "Point",
                "coordinates": [
                    -73.63828980149,
                    45.45914410979
                ]
            }
        },
        {
            "type": "Feature",
            "properties": {
                "door": "hinged"
            },
            "geometry": {
                "type": "Point",
                "coordinates": [
                    -73.63836973335,
                    45.45889503098
                ]
            }
        },
        {
            "type": "Feature",
            "properties": {
                "indoor": "room",
                "ref": "VL-140",
                "level": "1"
            },
            "geometry": {
                "type": "Polygon",
                "coordinates": [
                    [
                        [
                            -73.63838697971,
                            45.45917350351
                        ],
                        [
                            -73.63839545798,
                            45.45917691885
                        ],
                        [
                            -73.63840238739,
                            45.45917971031
                        ],
                        [
                            -73.63841416471,
                            45.45918445457
                        ],
                        [
                            -73.63838949512,
                            45.45921458377
                        ],
                        [
                            -73.63836231013,
                            45.45920363272
                        ],
                        [
                            -73.63838175081,
                            45.45917988962
                        ],
                        [
                            -73.63838697971,
                            45.45917350351
                        ]
                    ]
                ]
            }
        },
        {
            "type": "Feature",
            "properties": {
                "indoor": "room",
                "level": "2",
                "ref": "VE-214.2"
            },
            "geometry": {
                "type": "Polygon",
                "coordinates": [
                    [
                        [
                            -73.63889344286,
                            45.45884783738
                        ],
                        [
                            -73.63890592054,
                            45.45885283119
                        ],
                        [
                            -73.63892220179,
                            45.45885934689
                        ],
                        [
                            -73.63891397009,
                            45.45886946619
                        ],
                        [
                            -73.63890379960,
                            45.45888196884
                        ],
                        [
                            -73.63888725344,
                            45.45887534675
                        ],
                        [
                            -73.63887504089,
                            45.45887045905
                        ],
                        [
                            -73.63888994867,
                            45.45885213206
                        ],
                        [
                            -73.63889344286,
                            45.45884783738
                        ]
                    ]
                ]
            }
        },
        {
            "type": "Feature",
            "properties": {
                "door": "hinged"
            },
            "geometry": {
                "type": "Point",
                "coordinates": [
                    -73.63806835028,
                    45.45903600537
                ]
            }
        },
        {
            "type": "Feature",
            "properties": {
                "highway": "footway",
                "level": "2"
            },
            "geometry": {
                "type": "LineString",
                "coordinates": [
                    [
                        -73.63857292121,
                        45.45875951424
                    ],
                    [
                        -73.63857912732,
                        45.45875202865
                    ],
                    [
                        -73.63859191390,
                        45.45873660593
                    ],
                    [
                        -73.63860549381,
                        45.45872022632
                    ],
                    [
                        -73.63861518938,
                        45.45870853186
                    ]
                ]
            }
        },
        {
            "type": "Feature",
            "properties": {
                "highway": "footway",
                "level": "2"
            },
            "geometry": {
                "type": "LineString",
                "coordinates": [
                    [
                        -73.63837960292,
                        45.45906331785
                    ],
                    [
                        -73.63838513680,
                        45.45906558567
                    ],
                    [
                        -73.63839673378,
                        45.45907033818
                    ]
                ]
            }
        },
        {
            "type": "Feature",
            "properties": {
                "door": "hinged"
            },
            "geometry": {
                "type": "Point",
                "coordinates": [
                    -73.63845852686,
                    45.45897369061
                ]
            }
        },
        {
            "type": "Feature",
            "properties": {
                "level": "2",
                "highway": "footway"
            },
            "geometry": {
                "type": "LineString",
                "coordinates": [
                    [
                        -73.63843153305,
                        45.45898625970
                    ],
                    [
                        -73.63844879755,
                        45.45899287138
                    ]
                ]
            }
        },
        {
            "type": "Feature",
            "properties": {
                "highway": "footway",
                "level": "1"
            },
            "geometry": {
                "type": "LineString",
                "coordinates": [
                    [
                        -73.63842142459,
                        45.45912612001
                    ],
                    [
                        -73.63842466198,
                        45.45912739721
                    ],
                    [
                        -73.63843764718,
                        45.45913251848
                    ]
                ]
            }
        },
        {
            "type": "Feature",
            "properties": {
                "highway": "footway",
                "level": "2"
            },
            "geometry": {
                "type": "LineString",
                "coordinates": [
                    [
                        -73.63844627250,
                        45.45896866869
                    ],
                    [
                        -73.63845852686,
                        45.45897369061
                    ],
                    [
                        -73.63847617967,
                        45.45898092485
                    ],
                    [
                        -73.63846941700,
                        45.45898904371
                    ]
                ]
            }
        },
        {
            "type": "Feature",
            "properties": {
                "ref": "VL-stair-1-7",
                "stairs": "yes",
                "indoor": "room",
                "level": "1"
            },
            "geometry": {
                "type": "Polygon",
                "coordinates": [
                    [
                        [
                            -73.63827043957,
                            45.45886211608
                        ],
                        [
                            -73.63827946167,
                            45.45886575052
                        ],
                        [
                            -73.63826580999,
                            45.45888242354
                        ],
                        [
                            -73.63825678789,
                            45.45887878911
                        ],
                        [
                            -73.63827043957,
                            45.45886211608
                        ]
                    ]
                ]
            }
        },
        {
            "type": "Feature",
            "properties": {
                "ref": "VL-106.2",
                "level": "1"
            },
            "geometry": {
                "type": "Point",
                "coordinates": [
                    -73.63846795684,
                    45.45905678555
                ]
            }
        },
        {
            "type": "Feature",
            "properties": {
                "level": "2",
                "ref": "VE-225"
            },
            "geometry": {
                "type": "Point",
                "coordinates": [
                    -73.63863672471,
                    45.45875256184
                ]
            }
        },
        {
            "type": "Feature",
            "properties": {
                "indoor": "room",
                "level": "2",
                "ref": "VE-232"
            },
            "geometry": {
                "type": "Polygon",
                "coordinates": [
                    [
                        [
                            -73.63852949021,
                            45.45865737182
                        ],
                        [
                            -73.63849970584,
                            45.45869398603
                        ],
                        [
                            -73.63851167732,
                            45.45869877726
                        ],
                        [
                            -73.63851469613,
                            45.45869998545
                        ],
                        [
                            -73.63852529727,
                            45.45868695337
                        ],
                        [
                            -73.63855358941,
                            45.45869827646
                        ],
                        [
                            -73.63857277264,
                            45.45867469434
                        ],
                        [
                            -73.63852949021,
                            45.45865737182
                        ]
                    ]
                ]
            }
        },
        {
            "type": "Feature",
            "properties": {
                "indoor": "room",
                "ref": "VL-101.1",
                "level": "1"
            },
            "geometry": {
                "type": "Polygon",
                "coordinates": [
                    [
                        [
                            -73.63831414303,
                            45.45911438119
                        ],
                        [
                            -73.63833659317,
                            45.45912342490
                        ],
                        [
                            -73.63831820105,
                            45.45914588740
                        ],
                        [
                            -73.63829575091,
                            45.45913684370
                        ],
                        [
                            -73.63831221920,
                            45.45911673079
                        ],
                        [
                            -73.63831414303,
                            45.45911438119
                        ]
                    ]
                ]
            }
        },
        {
            "type": "Feature",
            "properties": {
                "door": "hinged"
            },
            "geometry": {
                "type": "Point",
                "coordinates": [
                    -73.63881216451,
                    45.45892883004
                ]
            }
        },
        {
            "type": "Feature",
            "properties": {
                "indoor": "room",
                "level": "2",
                "ref": "VE-208"
            },
            "geometry": {
                "type": "Polygon",
                "coordinates": [
                    [
                        [
                            -73.63854388190,
                            45.45877362735
                        ],
                        [
                            -73.63855690062,
                            45.45877883770
                        ],
                        [
                            -73.63856134958,
                            45.45878061826
                        ],
                        [
                            -73.63855455843,
                            45.45878896630
                        ],
                        [
                            -73.63855223467,
                            45.45879182328
                        ],
                        [
                            -73.63853476699,
                            45.45878483237
                        ],
                        [
                            -73.63854388190,
                            45.45877362735
                        ]
                    ]
                ]
            }
        },
        {
            "type": "Feature",
            "properties": {
                "highway": "footway",
                "level": "2"
            },
            "geometry": {
                "type": "LineString",
                "coordinates": [
                    [
                        -73.63867395295,
                        45.45877061605
                    ],
                    [
                        -73.63867812192,
                        45.45876558759
                    ],
                    [
                        -73.63869714380,
                        45.45874264408
                    ]
                ]
            }
        },
        {
            "type": "Feature",
            "properties": {
                "highway": "footway",
                "level": "3"
            },
            "geometry": {
                "type": "LineString",
                "coordinates": [
                    [
                        -73.63834091304,
                        45.45898698721
                    ],
                    [
                        -73.63829120145,
                        45.45896763265
                    ],
                    [
                        -73.63828742754,
                        45.45897240159
                    ],
                    [
                        -73.63828114033,
                        45.45898034649
                    ]
                ]
            }
        },
        {
            "type": "Feature",
            "properties": {
                "door": "hinged"
            },
            "geometry": {
                "type": "Point",
                "coordinates": [
                    -73.63842971319,
                    45.45878037250
                ]
            }
        },
        {
            "type": "Feature",
            "properties": {
                "level": "3",
                "indoor": "room",
                "ref": "VL-301.12"
            },
            "geometry": {
                "type": "Polygon",
                "coordinates": [
                    [
                        [
                            -73.63837356631,
                            45.45900716305
                        ],
                        [
                            -73.63836103812,
                            45.45902250883
                        ],
                        [
                            -73.63838246820,
                            45.45903108928
                        ],
                        [
                            -73.63838909922,
                            45.45902287287
                        ],
                        [
                            -73.63839485989,
                            45.45901573487
                        ],
                        [
                            -73.63837356631,
                            45.45900716305
                        ]
                    ]
                ]
            }
        },
        {
            "type": "Feature",
            "properties": {
                "ref": "VL-130",
                "level": "1"
            },
            "geometry": {
                "type": "Point",
                "coordinates": [
                    -73.63829478010,
                    45.45890156117
                ]
            }
        },
        {
            "type": "Feature",
            "properties": {
                "door": "hinged"
            },
            "geometry": {
                "type": "Point",
                "coordinates": [
                    -73.63845994232,
                    45.45870432842
                ]
            }
        },
        {
            "type": "Feature",
            "properties": {
                "level": "2",
                "ref": "VE-208"
            },
            "geometry": {
                "type": "Point",
                "coordinates": [
                    -73.63855323428,
                    45.45878325991
                ]
            }
        },
        {
            "type": "Feature",
            "properties": {
                "level": "3",
                "ref": "VL-301.25",
                "indoor": "room"
            },
            "geometry": {
                "type": "Polygon",
                "coordinates": [
                    [
                        [
                            -73.63827108482,
                            45.45896602410
                        ],
                        [
                            -73.63825837134,
                            45.45898113248
                        ],
                        [
                            -73.63828503970,
                            45.45899181032
                        ],
                        [
                            -73.63829760335,
                            45.45897637254
                        ],
                        [
                            -73.63828742754,
                            45.45897240159
                        ],
                        [
                            -73.63827108482,
                            45.45896602410
                        ]
                    ]
                ]
            }
        },
        {
            "type": "Feature",
            "properties": {
                "level": "2",
                "ref": "VE-214.2"
            },
            "geometry": {
                "type": "Point",
                "coordinates": [
                    -73.63889620416,
                    45.45886455072
                ]
            }
        },
        {
            "type": "Feature",
            "properties": {
                "indoor": "room",
                "level": "2",
                "ref": "VE-221"
            },
            "geometry": {
                "type": "Polygon",
                "coordinates": [
                    [
                        [
                            -73.63869306254,
                            45.45875527365
                        ],
                        [
                            -73.63871903242,
                            45.45876566731
                        ],
                        [
                            -73.63869304075,
                            45.45879761907
                        ],
                        [
                            -73.63867754634,
                            45.45879141790
                        ],
                        [
                            -73.63866707087,
                            45.45878722541
                        ],
                        [
                            -73.63869306254,
                            45.45875527365
                        ]
                    ]
                ]
            }
        },
        {
            "type": "Feature",
            "properties": {
                "door": "hinged"
            },
            "geometry": {
                "type": "Point",
                "coordinates": [
                    -73.63815853161,
                    45.45898640944
                ]
            }
        },
        {
            "type": "Feature",
            "properties": {
                "door": "staircase"
            },
            "geometry": {
                "type": "Point",
                "coordinates": [
                    -73.63821875357,
                    45.45893811060
                ]
            }
        },
        {
            "type": "Feature",
            "properties": {
                "ref": "VL-120",
                "level": "1"
            },
            "geometry": {
                "type": "Point",
                "coordinates": [
                    -73.63848109088,
                    45.45904513801
                ]
            }
        },
        {
            "type": "Feature",
            "properties": {
                "highway": "footway",
                "level": "1"
            },
            "geometry": {
                "type": "LineString",
                "coordinates": [
                    [
                        -73.63831327964,
                        45.45910856908
                    ],
                    [
                        -73.63816081646,
                        45.45904763403
                    ]
                ]
            }
        },
        {
            "type": "Feature",
            "properties": {
                "ref": "VL-101.4",
                "level": "1"
            },
            "geometry": {
                "type": "Point",
                "coordinates": [
                    -73.63811984334,
                    45.45915231442
                ]
            }
        },
        {
            "type": "Feature",
            "properties": {
                "indoor": "room",
                "level": "2",
                "ref": "VE-205"
            },
            "geometry": {
                "type": "Polygon",
                "coordinates": [
                    [
                        [
                            -73.63848590491,
                            45.45873606793
                        ],
                        [
                            -73.63851504128,
                            45.45874772889
                        ],
                        [
                            -73.63849944051,
                            45.45876690702
                        ],
                        [
                            -73.63849377803,
                            45.45877386796
                        ],
                        [
                            -73.63846464166,
                            45.45876220701
                        ],
                        [
                            -73.63847570218,
                            45.45874861023
                        ],
                        [
                            -73.63848590491,
                            45.45873606793
                        ]
                    ]
                ]
            }
        },
        {
            "type": "Feature",
            "properties": {
                "ref": "VL-127.2",
                "level": "1"
            },
            "geometry": {
                "type": "Point",
                "coordinates": [
                    -73.63842939881,
                    45.45890385104
                ]
            }
        },
        {
            "type": "Feature",
            "properties": {
                "level": "2",
                "ref": "VE-230"
            },
            "geometry": {
                "type": "Point",
                "coordinates": [
                    -73.63855916260,
                    45.45872748165
                ]
            }
        },
        {
            "type": "Feature",
            "properties": {
                "highway": "footway",
                "level": "2"
            },
            "geometry": {
                "type": "LineString",
                "coordinates": [
                    [
                        -73.63878644098,
                        45.45884659668
                    ],
                    [
                        -73.63879366007,
                        45.45883788927
                    ],
                    [
                        -73.63882963270,
                        45.45879450041
                    ],
                    [
                        -73.63884623844,
                        45.45880127387
                    ],
                    [
                        -73.63886834727,
                        45.45881029204
                    ]
                ]
            }
        },
        {
            "type": "Feature",
            "properties": {
                "highway": "footway",
                "level": "2"
            },
            "geometry": {
                "type": "LineString",
                "coordinates": [
                    [
                        -73.63847370389,
                        45.45897066651
                    ],
                    [
                        -73.63846382534,
                        45.45896666091
                    ],
                    [
                        -73.63845181911,
                        45.45896193625
                    ],
                    [
                        -73.63844627250,
                        45.45896866869
                    ],
                    [
                        -73.63843349992,
                        45.45898391231
                    ],
                    [
                        -73.63843153305,
                        45.45898625970
                    ],
                    [
                        -73.63841401396,
                        45.45900716810
                    ],
                    [
                        -73.63840725952,
                        45.45901520331
                    ],
                    [
                        -73.63826406140,
                        45.45895651980
                    ],
                    [
                        -73.63822816669,
                        45.45899908032
                    ],
                    [
                        -73.63820501688,
                        45.45898959338
                    ],
                    [
                        -73.63817661366,
                        45.45902369260
                    ],
                    [
                        -73.63811179418,
                        45.45899712918
                    ],
                    [
                        -73.63810773658,
                        45.45900200050
                    ],
                    [
                        -73.63809847665,
                        45.45899820572
                    ],
                    [
                        -73.63808765638,
                        45.45901119590
                    ],
                    [
                        -73.63804843288,
                        45.45905828529
                    ],
                    [
                        -73.63803355500,
                        45.45907614677
                    ],
                    [
                        -73.63801326699,
                        45.45910050332
                    ],
                    [
                        -73.63802021194,
                        45.45910334940
                    ],
                    [
                        -73.63801209673,
                        45.45911309202
                    ],
                    [
                        -73.63812090085,
                        45.45915768053
                    ],
                    [
                        -73.63816418195,
                        45.45910571992
                    ],
                    [
                        -73.63834706546,
                        45.45918066655
                    ],
                    [
                        -73.63835923827,
                        45.45916605263
                    ],
                    [
                        -73.63836600094,
                        45.45915793379
                    ],
                    [
                        -73.63837411615,
                        45.45914819118
                    ],
                    [
                        -73.63832550154,
                        45.45912826866
                    ],
                    [
                        -73.63833766538,
                        45.45911366550
                    ],
                    [
                        -73.63835255223,
                        45.45909579326
                    ],
                    [
                        -73.63837960292,
                        45.45906331785
                    ],
                    [
                        -73.63838099375,
                        45.45906170739
                    ],
                    [
                        -73.63839071737,
                        45.45905044824
                    ],
                    [
                        -73.63841693187,
                        45.45901916710
                    ],
                    [
                        -73.63843043661,
                        45.45902470142
                    ],
                    [
                        -73.63844661420,
                        45.45903133110
                    ],
                    [
                        -73.63846246383,
                        45.45903782637
                    ],
                    [
                        -73.63847904312,
                        45.45904462066
                    ],
                    [
                        -73.63848246179,
                        45.45904048552
                    ],
                    [
                        -73.63850702906,
                        45.45901099152
                    ],
                    [
                        -73.63852554891,
                        45.45901858107
                    ]
                ]
            }
        },
        {
            "type": "Feature",
            "properties": {
                "ref": "VL-127.4",
                "level": "1"
            },
            "geometry": {
                "type": "Point",
                "coordinates": [
                    -73.63838412187,
                    45.45888575512
                ]
            }
        },
        {
            "type": "Feature",
            "properties": {
                "door": "hinged"
            },
            "geometry": {
                "type": "Point",
                "coordinates": [
                    -73.63847950132,
                    45.45901789184
                ]
            }
        },
        {
            "type": "Feature",
            "properties": {
                "door": "hinged"
            },
            "geometry": {
                "type": "Point",
                "coordinates": [
                    -73.63833313332,
                    45.45908675319
                ]
            }
        },
        {
            "type": "Feature",
            "properties": {
                "highway": "footway",
                "level": "3"
            },
            "geometry": {
                "type": "LineString",
                "coordinates": [
                    [
                        -73.63838354495,
                        45.45910696867
                    ],
                    [
                        -73.63836772488,
                        45.45910034077
                    ],
                    [
                        -73.63838392203,
                        45.45908105654
                    ],
                    [
                        -73.63840422657,
                        45.45905412068
                    ],
                    [
                        -73.63840821117,
                        45.45904908550
                    ],
                    [
                        -73.63841956732,
                        45.45903473521
                    ],
                    [
                        -73.63843012652,
                        45.45902139199
                    ],
                    [
                        -73.63844914974,
                        45.45902879843
                    ],
                    [
                        -73.63846289664,
                        45.45901142703
                    ],
                    [
                        -73.63847080336,
                        45.45900143563
                    ],
                    [
                        -73.63848222200,
                        45.45898700635
                    ]
                ]
            }
        },
        {
            "type": "Feature",
            "properties": {
                "highway": "footway",
                "level": "2"
            },
            "geometry": {
                "type": "LineString",
                "coordinates": [
                    [
                        -73.63884410678,
                        45.45889925739
                    ],
                    [
                        -73.63883817891,
                        45.45889685042
                    ],
                    [
                        -73.63881479384,
                        45.45888731169
                    ]
                ]
            }
        },
        {
            "type": "Feature",
            "properties": {
                "ref": "VL-122",
                "indoor": "room",
                "level": "1"
            },
            "geometry": {
                "type": "Polygon",
                "coordinates": [
                    [
                        [
                            -73.63825492685,
                            45.45896149394
                        ],
                        [
                            -73.63834703845,
                            45.45899859982
                        ],
                        [
                            -73.63834502487,
                            45.45900105904
                        ],
                        [
                            -73.63832144114,
                            45.45902986217
                        ],
                        [
                            -73.63822932954,
                            45.45899275631
                        ],
                        [
                            -73.63825492685,
                            45.45896149394
                        ]
                    ]
                ]
            }
        },
        {
            "type": "Feature",
            "properties": {
                "indoor": "room",
                "ref": "VL-120",
                "level": "1"
            },
            "geometry": {
                "type": "Polygon",
                "coordinates": [
                    [
                        [
                            -73.63847670593,
                            45.45903794748
                        ],
                        [
                            -73.63848792214,
                            45.45904246578
                        ],
                        [
                            -73.63849264525,
                            45.45904436841
                        ],
                        [
                            -73.63848426561,
                            45.45905460258
                        ],
                        [
                            -73.63846832628,
                            45.45904818165
                        ],
                        [
                            -73.63847335118,
                            45.45904204468
                        ],
                        [
                            -73.63847670593,
                            45.45903794748
                        ]
                    ]
                ]
            }
        },
        {
            "type": "Feature",
            "properties": {
                "level": "3",
                "ref": "VL-301.25"
            },
            "geometry": {
                "type": "Point",
                "coordinates": [
                    -73.63828114033,
                    45.45898034649
                ]
            }
        },
        {
            "type": "Feature",
            "properties": {
                "door": "hinged"
            },
            "geometry": {
                "type": "Point",
                "coordinates": [
                    -73.63840267241,
                    45.45915423077
                ]
            }
        },
        {
            "type": "Feature",
            "properties": {
                "ref": "VL-101.3",
                "level": "1"
            },
            "geometry": {
                "type": "Point",
                "coordinates": [
                    -73.63813616513,
                    45.45913222259
                ]
            }
        },
        {
            "type": "Feature",
            "properties": {
                "indoor": "room",
                "ref": "VL-101.3",
                "level": "1"
            },
            "geometry": {
                "type": "Polygon",
                "coordinates": [
                    [
                        [
                            -73.63812901935,
                            45.45911741130
                        ],
                        [
                            -73.63815543152,
                            45.45912805105
                        ],
                        [
                            -73.63813988353,
                            45.45914703998
                        ],
                        [
                            -73.63811347136,
                            45.45913640023
                        ],
                        [
                            -73.63811634747,
                            45.45913288760
                        ],
                        [
                            -73.63812901935,
                            45.45911741130
                        ]
                    ]
                ]
            }
        },
        {
            "type": "Feature",
            "properties": {
                "ref": "VL-bath-M-3",
                "level": "3"
            },
            "geometry": {
                "type": "Point",
                "coordinates": [
                    -73.63851229158,
                    45.45899856819
                ]
            }
        },
        {
            "type": "Feature",
            "properties": {
                "indoor": "room",
                "ref": "VL-102.1",
                "level": "1"
            },
            "geometry": {
                "type": "Polygon",
                "coordinates": [
                    [
                        [
                            -73.63804479247,
                            45.45901973508
                        ],
                        [
                            -73.63807252500,
                            45.45903090673
                        ],
                        [
                            -73.63806835028,
                            45.45903600537
                        ],
                        [
                            -73.63806332885,
                            45.45904213810
                        ],
                        [
                            -73.63803559633,
                            45.45903096645
                        ],
                        [
                            -73.63803937913,
                            45.45902634647
                        ],
                        [
                            -73.63804479247,
                            45.45901973508
                        ]
                    ]
                ]
            }
        },
        {
            "type": "Feature",
            "properties": {
                "door": "hinged"
            },
            "geometry": {
                "type": "Point",
                "coordinates": [
                    -73.63833545807,
                    45.45890799063
                ]
            }
        },
        {
            "type": "Feature",
            "properties": {
                "level": "2",
                "ref": "VE-226"
            },
            "geometry": {
                "type": "Point",
                "coordinates": [
                    -73.63862034404,
                    45.45873590755
                ]
            }
        },
        {
            "type": "Feature",
            "properties": {
                "highway": "footway",
                "level": "1"
            },
            "geometry": {
                "type": "LineString",
                "coordinates": [
                    [
                        -73.63837642951,
                        45.45917171423
                    ],
                    [
                        -73.63836672099,
                        45.45916813363
                    ],
                    [
                        -73.63834067104,
                        45.45915772224
                    ],
                    [
                        -73.63834225057,
                        45.45915577787
                    ]
                ]
            }
        },
        {
            "type": "Feature",
            "properties": {
                "door": "hinged"
            },
            "geometry": {
                "type": "Point",
                "coordinates": [
                    -73.63842652504,
                    45.45901221717
                ]
            }
        },
        {
            "type": "Feature",
            "properties": {
                "highway": "footway",
                "level": "1"
            },
            "geometry": {
                "type": "LineString",
                "coordinates": [
                    [
                        -73.63892191701,
                        45.45888581536
                    ],
                    [
                        -73.63893020170,
                        45.45887614230
                    ],
                    [
                        -73.63893743989,
                        45.45886769109
                    ]
                ]
            }
        },
        {
            "type": "Feature",
            "properties": {
                "ref": "VL-bath-M-1",
                "level": "1"
            },
            "geometry": {
                "type": "Point",
                "coordinates": [
                    -73.63846674373,
                    45.45898746127
                ]
            }
        },
        {
            "type": "Feature",
            "properties": {
                "highway": "footway",
                "level": "1"
            },
            "geometry": {
                "type": "LineString",
                "coordinates": [
                    [
                        -73.63838365348,
                        45.45892023382
                    ],
                    [
                        -73.63839438211,
                        45.45890702700
                    ],
                    [
                        -73.63839752362,
                        45.45890315985
                    ],
                    [
                        -73.63840491230,
                        45.45889406447
                    ]
                ]
            }
        },
        {
            "type": "Feature",
            "properties": {
                "door": "hinged"
            },
            "geometry": {
                "type": "Point",
                "coordinates": [
                    -73.63857912732,
                    45.45875202865
                ]
            }
        },
        {
            "type": "Feature",
            "properties": {
                "highway": "footway",
                "level": "2"
            },
            "geometry": {
                "type": "LineString",
                "coordinates": [
                    [
                        -73.63843982887,
                        45.45878449868
                    ],
                    [
                        -73.63842971319,
                        45.45878037250
                    ],
                    [
                        -73.63840860820,
                        45.45877176380
                    ]
                ]
            }
        },
        {
            "type": "Feature",
            "properties": {
                "highway": "footway",
                "level": "2"
            },
            "geometry": {
                "type": "LineString",
                "coordinates": [
                    [
                        -73.63836600094,
                        45.45915793379
                    ],
                    [
                        -73.63839120391,
                        45.45916826210
                    ],
                    [
                        -73.63839933667,
                        45.45917159495
                    ],
                    [
                        -73.63839798414,
                        45.45917321871
                    ]
                ]
            }
        },
        {
            "type": "Feature",
            "properties": {
                "indoor": "room",
                "ref": "VL-127.5",
                "level": "1"
            },
            "geometry": {
                "type": "Polygon",
                "coordinates": [
                    [
                        [
                            -73.63831544286,
                            45.45884683050
                        ],
                        [
                            -73.63829052703,
                            45.45887726062
                        ],
                        [
                            -73.63836102921,
                            45.45890566149
                        ],
                        [
                            -73.63836973335,
                            45.45889503098
                        ],
                        [
                            -73.63837162091,
                            45.45889272567
                        ],
                        [
                            -73.63836321716,
                            45.45888933994
                        ],
                        [
                            -73.63837754104,
                            45.45887184594
                        ],
                        [
                            -73.63831544286,
                            45.45884683050
                        ]
                    ]
                ]
            }
        },
        {
            "type": "Feature",
            "properties": {
                "highway": "footway",
                "level": "2"
            },
            "geometry": {
                "type": "LineString",
                "coordinates": [
                    [
                        -73.63833766538,
                        45.45911366550
                    ],
                    [
                        -73.63808765638,
                        45.45901119590
                    ]
                ]
            }
        },
        {
            "type": "Feature",
            "properties": {
                "door": "hinged"
            },
            "geometry": {
                "type": "Point",
                "coordinates": [
                    -73.63836672099,
                    45.45916813363
                ]
            }
        },
        {
            "type": "Feature",
            "properties": {
                "door": "hinged"
            },
            "geometry": {
                "type": "Point",
                "coordinates": [
                    -73.63839551615,
                    45.45905241481
                ]
            }
        },
        {
            "type": "Feature",
            "properties": {
                "highway": "footway",
                "level": "2"
            },
            "geometry": {
                "type": "LineString",
                "coordinates": [
                    [
                        -73.63842863315,
                        45.45905291806
                    ],
                    [
                        -73.63843789308,
                        45.45905671283
                    ],
                    [
                        -73.63842797949,
                        45.45906861449
                    ],
                    [
                        -73.63839731705,
                        45.45910542595
                    ]
                ]
            }
        },
        {
            "type": "Feature",
            "properties": {
                "door": "hinged"
            },
            "geometry": {
                "type": "Point",
                "coordinates": [
                    -73.63828742754,
                    45.45897240159
                ]
            }
        },
        {
            "type": "Feature",
            "properties": {
                "ref": "VL-103.1",
                "level": "1"
            },
            "geometry": {
                "type": "Point",
                "coordinates": [
                    -73.63839121976,
                    45.45913542666
                ]
            }
        },
        {
            "type": "Feature",
            "properties": {
                "level": "2",
                "ref": "VE-223"
            },
            "geometry": {
                "type": "Point",
                "coordinates": [
                    -73.63867804043,
                    45.45873444199
                ]
            }
        },
        {
            "type": "Feature",
            "properties": {
                "ref": "VL-elevator-1",
                "level": "1;2;3",
                "indoor": "room"
            },
            "geometry": {
                "type": "Polygon",
                "coordinates": [
                    [
                        [
                            -73.63817853565,
                            45.45899446779
                        ],
                        [
                            -73.63818619850,
                            45.45899755466
                        ],
                        [
                            -73.63819128534,
                            45.45899960382
                        ],
                        [
                            -73.63818275313,
                            45.45901002433
                        ],
                        [
                            -73.63817000344,
                            45.45900488830
                        ],
                        [
                            -73.63817853565,
                            45.45899446779
                        ]
                    ]
                ]
            }
        },
        {
            "type": "Feature",
            "properties": {
                "door": "hinged"
            },
            "geometry": {
                "type": "Point",
                "coordinates": [
                    -73.63819995743,
                    45.45898901246
                ]
            }
        },
        {
            "type": "Feature",
            "properties": {
                "ref": "VL-201.1",
                "level": "2"
            },
            "geometry": {
                "type": "Point",
                "coordinates": [
                    -73.63839673378,
                    45.45907033818
                ]
            }
        },
        {
            "type": "Feature",
            "properties": {
                "door": "hinged"
            },
            "geometry": {
                "type": "Point",
                "coordinates": [
                    -73.63854885578,
                    45.45873991338
                ]
            }
        },
        {
            "type": "Feature",
            "properties": {
                "indoor": "room",
                "level": "2",
                "ref": "VE-218"
            },
            "geometry": {
                "type": "Polygon",
                "coordinates": [
                    [
                        [
                            -73.63871071991,
                            45.45877588595
                        ],
                        [
                            -73.63873613474,
                            45.45878605747
                        ],
                        [
                            -73.63875400298,
                            45.45879320869
                        ],
                        [
                            -73.63877173845,
                            45.45880030678
                        ],
                        [
                            -73.63875405930,
                            45.45882203988
                        ],
                        [
                            -73.63871820088,
                            45.45880768864
                        ],
                        [
                            -73.63869304075,
                            45.45879761907
                        ],
                        [
                            -73.63871071991,
                            45.45877588595
                        ]
                    ]
                ]
            }
        },
        {
            "type": "Feature",
            "properties": {
                "level": "3",
                "indoor": "room",
                "ref": "VL-301.10"
            },
            "geometry": {
                "type": "Polygon",
                "coordinates": [
                    [
                        [
                            -73.63845439356,
                            45.45904423592
                        ],
                        [
                            -73.63845187451,
                            45.45904731358
                        ],
                        [
                            -73.63844159034,
                            45.45905987835
                        ],
                        [
                            -73.63846939154,
                            45.45907100974
                        ],
                        [
                            -73.63848229778,
                            45.45905515101
                        ],
                        [
                            -73.63845439356,
                            45.45904423592
                        ]
                    ]
                ]
            }
        },
        {
            "type": "Feature",
            "properties": {
                "highway": "footway",
                "level": "2"
            },
            "geometry": {
                "type": "LineString",
                "coordinates": [
                    [
                        -73.63871133794,
                        45.45881596648
                    ],
                    [
                        -73.63871820088,
                        45.45880768864
                    ],
                    [
                        -73.63872981795,
                        45.45879367655
                    ],
                    [
                        -73.63873613474,
                        45.45878605747
                    ],
                    [
                        -73.63875080820,
                        45.45876835886
                    ]
                ]
            }
        },
        {
            "type": "Feature",
            "properties": {
                "highway": "footway",
                "level": "1"
            },
            "geometry": {
                "type": "LineString",
                "coordinates": [
                    [
                        -73.63824450337,
                        45.45895215053
                    ],
                    [
                        -73.63824135461,
                        45.45895602655
                    ],
                    [
                        -73.63823519903,
                        45.45896360398
                    ]
                ]
            }
        },
        {
            "type": "Feature",
            "properties": {
                "door": "hinged"
            },
            "geometry": {
                "type": "Point",
                "coordinates": [
                    -73.63837928204,
                    45.45914198934
                ]
            }
        },
        {
            "type": "Feature",
            "properties": {
                "ref": "VL-202.2",
                "level": "2"
            },
            "geometry": {
                "type": "Point",
                "coordinates": [
                    -73.63801642415,
                    45.45906912644
                ]
            }
        },
        {
            "type": "Feature",
            "properties": {
                "highway": "footway",
                "level": "1"
            },
            "geometry": {
                "type": "LineString",
                "coordinates": [
                    [
                        -73.63844543132,
                        45.45911540257
                    ],
                    [
                        -73.63843384981,
                        45.45911082477
                    ],
                    [
                        -73.63842142459,
                        45.45912612001
                    ],
                    [
                        -73.63838857002,
                        45.45916656339
                    ],
                    [
                        -73.63840012026,
                        45.45917117967
                    ],
                    [
                        -73.63839545798,
                        45.45917691885
                    ],
                    [
                        -73.63838353522,
                        45.45919159555
                    ],
                    [
                        -73.63838815531,
                        45.45919344206
                    ]
                ]
            }
        },
        {
            "type": "Feature",
            "properties": {
                "level": "2",
                "ref": "VE-202.2"
            },
            "geometry": {
                "type": "Point",
                "coordinates": [
                    -73.63840900704,
                    45.45882167483
                ]
            }
        },
        {
            "type": "Feature",
            "properties": {
                "level": "3",
                "indoor": "room"
            },
            "geometry": {
                "type": "Polygon",
                "coordinates": [
                    [
                        [
                            -73.63806860035,
                            45.45899819581
                        ],
                        [
                            -73.63800932173,
                            45.45907328287
                        ],
                        [
                            -73.63799676861,
                            45.45906826892
                        ],
                        [
                            -73.63805726767,
                            45.45899354873
                        ],
                        [
                            -73.63806860035,
                            45.45899819581
                        ]
                    ]
                ]
            }
        },
        {
            "type": "Feature",
            "properties": {
                "door": "hinged"
            },
            "geometry": {
                "type": "Point",
                "coordinates": [
                    -73.63842039077,
                    45.45893000990
                ]
            }
        },
        {
            "type": "Feature",
            "properties": {
                "ref": "VL-102",
                "indoor": "room",
                "level": "1"
            },
            "geometry": {
                "type": "Polygon",
                "coordinates": [
                    [
                        [
                            -73.63808929758,
                            45.45898253934
                        ],
                        [
                            -73.63807299085,
                            45.45900245498
                        ],
                        [
                            -73.63806242595,
                            45.45899819906
                        ],
                        [
                            -73.63804479247,
                            45.45901973508
                        ],
                        [
                            -73.63807252500,
                            45.45903090673
                        ],
                        [
                            -73.63807523574,
                            45.45902759606
                        ],
                        [
                            -73.63809015848,
                            45.45900937072
                        ],
                        [
                            -73.63809544138,
                            45.45901149886
                        ],
                        [
                            -73.63811174811,
                            45.45899158322
                        ],
                        [
                            -73.63808929758,
                            45.45898253934
                        ]
                    ]
                ]
            }
        },
        {
            "type": "Feature",
            "properties": {
                "amenity": "toilets",
                "female": "yes",
                "indoor": "room",
                "level": "2",
                "male": "no",
                "ref": "VE-bath-W-2"
            },
            "geometry": {
                "type": "Polygon",
                "coordinates": [
                    [
                        [
                            -73.63852529727,
                            45.45868695337
                        ],
                        [
                            -73.63855358941,
                            45.45869827646
                        ],
                        [
                            -73.63852687589,
                            45.45873111659
                        ],
                        [
                            -73.63851127229,
                            45.45872487171
                        ],
                        [
                            -73.63849858317,
                            45.45871979327
                        ],
                        [
                            -73.63851469613,
                            45.45869998545
                        ],
                        [
                            -73.63852529727,
                            45.45868695337
                        ]
                    ]
                ]
            }
        },
        {
            "type": "Feature",
            "properties": {
                "door": "staircase"
            },
            "geometry": {
                "type": "Point",
                "coordinates": [
                    -73.63842466198,
                    45.45912739721
                ]
            }
        },
        {
            "type": "Feature",
            "properties": {
                "highway": "footway",
                "level": "1"
            },
            "geometry": {
                "type": "LineString",
                "coordinates": [
                    [
                        -73.63819018917,
                        45.45898510840
                    ],
                    [
                        -73.63820124587,
                        45.45897149777
                    ]
                ]
            }
        },
        {
            "type": "Feature",
            "properties": {
                "indoor": "room",
                "level": "2",
                "ref": "VE-202.1"
            },
            "geometry": {
                "type": "Polygon",
                "coordinates": [
                    [
                        [
                            -73.63840034630,
                            45.45874766446
                        ],
                        [
                            -73.63844257264,
                            45.45876456428
                        ],
                        [
                            -73.63842971319,
                            45.45878037250
                        ],
                        [
                            -73.63841390048,
                            45.45879981118
                        ],
                        [
                            -73.63837167395,
                            45.45878291160
                        ],
                        [
                            -73.63840034630,
                            45.45874766446
                        ]
                    ]
                ]
            }
        },
        {
            "type": "Feature",
            "properties": {
                "highway": "footway",
                "level": "2"
            },
            "geometry": {
                "type": "LineString",
                "coordinates": [
                    [
                        -73.63848893968,
                        45.45872526296
                    ],
                    [
                        -73.63847112947,
                        45.45874674502
                    ],
                    [
                        -73.63845012276,
                        45.45877208256
                    ],
                    [
                        -73.63843982887,
                        45.45878449868
                    ],
                    [
                        -73.63843085164,
                        45.45879532668
                    ],
                    [
                        -73.63842383651,
                        45.45880378808
                    ],
                    [
                        -73.63840900704,
                        45.45882167483
                    ]
                ]
            }
        },
        {
            "type": "Feature",
            "properties": {
                "indoor": "room",
                "ref": "VL-101.2",
                "level": "1"
            },
            "geometry": {
                "type": "Polygon",
                "coordinates": [
                    [
                        [
                            -73.63829575091,
                            45.45913684370
                        ],
                        [
                            -73.63831805262,
                            45.45914606867
                        ],
                        [
                            -73.63830701400,
                            45.45915954984
                        ],
                        [
                            -73.63829403831,
                            45.45917539759
                        ],
                        [
                            -73.63829358708,
                            45.45917594870
                        ],
                        [
                            -73.63827113694,
                            45.45916690500
                        ],
                        [
                            -73.63828980149,
                            45.45914410979
                        ],
                        [
                            -73.63829575091,
                            45.45913684370
                        ]
                    ]
                ]
            }
        },
        {
            "type": "Feature",
            "properties": {
                "ref": "VL-101.6",
                "level": "1"
            },
            "geometry": {
                "type": "Point",
                "coordinates": [
                    -73.63803070987,
                    45.45906088440
                ]
            }
        },
        {
            "type": "Feature",
            "properties": {
                "door": "hinged"
            },
            "geometry": {
                "type": "Point",
                "coordinates": [
                    -73.63805749244,
                    45.45904926618
                ]
            }
        },
        {
            "type": "Feature",
            "properties": {
                "door": "hinged"
            },
            "geometry": {
                "type": "Point",
                "coordinates": [
                    -73.63851127229,
                    45.45872487171
                ]
            }
        },
        {
            "type": "Feature",
            "properties": {
                "door": "hinged"
            },
            "geometry": {
                "type": "Point",
                "coordinates": [
                    -73.63840709104,
                    45.45917396569
                ]
            }
        },
        {
            "type": "Feature",
            "properties": {
                "highway": "footway",
                "level": "1"
            },
            "geometry": {
                "type": "LineString",
                "coordinates": [
                    [
                        -73.63837268298,
                        45.45905804589
                    ],
                    [
                        -73.63821242664,
                        45.45899399351
                    ],
                    [
                        -73.63821735147,
                        45.45898793111
                    ],
                    [
                        -73.63822408758,
                        45.45897963906
                    ]
                ]
            }
        },
        {
            "type": "Feature",
            "properties": {
                "door": "hinged"
            },
            "geometry": {
                "type": "Point",
                "coordinates": [
                    -73.63859155747,
                    45.45885941063
                ]
            }
        },
        {
            "type": "Feature",
            "properties": {
                "highway": "footway",
                "level": "2"
            },
            "geometry": {
                "type": "LineString",
                "coordinates": [
                    [
                        -73.63860770782,
                        45.45886599833
                    ],
                    [
                        -73.63859155747,
                        45.45885941063
                    ],
                    [
                        -73.63852912958,
                        45.45883394638
                    ]
                ]
            }
        },
        {
            "type": "Feature",
            "properties": {
                "indoor": "room",
                "level": "1"
            },
            "geometry": {
                "type": "Polygon",
                "coordinates": [
                    [
                        [
                            -73.63848911576,
                            45.45898515143
                        ],
                        [
                            -73.63852818901,
                            45.45900079364
                        ],
                        [
                            -73.63849264525,
                            45.45904436841
                        ],
                        [
                            -73.63848792214,
                            45.45904246578
                        ],
                        [
                            -73.63845324369,
                            45.45902849640
                        ],
                        [
                            -73.63848911576,
                            45.45898515143
                        ]
                    ]
                ]
            }
        },
        {
            "type": "Feature",
            "properties": {
                "ref": "VL-stair-1-5",
                "level": "1;2;3",
                "access": "emergency",
                "highway": "steps"
            },
            "geometry": {
                "type": "Point",
                "coordinates": [
                    -73.63836413607,
                    45.45918684723
                ]
            }
        },
        {
            "type": "Feature",
            "properties": {
                "highway": "footway",
                "level": "1"
            },
            "geometry": {
                "type": "LineString",
                "coordinates": [
                    [
                        -73.63838857002,
                        45.45916656339
                    ],
                    [
                        -73.63838256389,
                        45.45916416292
                    ],
                    [
                        -73.63837642951,
                        45.45917171423
                    ],
                    [
                        -73.63837273767,
                        45.45917625882
                    ],
                    [
                        -73.63836413607,
                        45.45918684723
                    ]
                ]
            }
        },
        {
            "type": "Feature",
            "properties": {
                "indoor": "room",
                "level": "2",
                "ref": "VE-226"
            },
            "geometry": {
                "type": "Polygon",
                "coordinates": [
                    [
                        [
                            -73.63861536447,
                            45.45872417675
                        ],
                        [
                            -73.63863669051,
                            45.45873271186
                        ],
                        [
                            -73.63862343832,
                            45.45874900289
                        ],
                        [
                            -73.63861296290,
                            45.45874481042
                        ],
                        [
                            -73.63860211228,
                            45.45874046778
                        ],
                        [
                            -73.63861536447,
                            45.45872417675
                        ]
                    ]
                ]
            }
        },
        {
            "type": "Feature",
            "properties": {
                "level": "3",
                "indoor": "room",
                "ref": "VL-301.11"
            },
            "geometry": {
                "type": "Polygon",
                "coordinates": [
                    [
                        [
                            -73.63842902651,
                            45.45907531594
                        ],
                        [
                            -73.63845682777,
                            45.45908644735
                        ],
                        [
                            -73.63846873014,
                            45.45907182214
                        ],
                        [
                            -73.63844092912,
                            45.45906069083
                        ],
                        [
                            -73.63843615831,
                            45.45906655287
                        ],
                        [
                            -73.63842902651,
                            45.45907531594
                        ]
                    ]
                ]
            }
        },
        {
            "type": "Feature",
            "properties": {
                "ref": "VL-205",
                "indoor": "room",
                "level": "2"
            },
            "geometry": {
                "type": "Polygon",
                "coordinates": [
                    [
                        [
                            -73.63852388584,
                            45.45898384088
                        ],
                        [
                            -73.63847859300,
                            45.45903892032
                        ],
                        [
                            -73.63848246179,
                            45.45904048552
                        ],
                        [
                            -73.63850892979,
                            45.45905119372
                        ],
                        [
                            -73.63851438144,
                            45.45904456412
                        ],
                        [
                            -73.63852581571,
                            45.45904919010
                        ],
                        [
                            -73.63856081111,
                            45.45900663313
                        ],
                        [
                            -73.63854937683,
                            45.45900200714
                        ],
                        [
                            -73.63855422263,
                            45.45899611429
                        ],
                        [
                            -73.63852388584,
                            45.45898384088
                        ]
                    ]
                ]
            }
        },
        {
            "type": "Feature",
            "properties": {
                "ref": "VL-102.3",
                "level": "1"
            },
            "geometry": {
                "type": "Point",
                "coordinates": [
                    -73.63816041512,
                    45.45900669225
                ]
            }
        },
        {
            "type": "Feature",
            "properties": {
                "ref": "VL-124",
                "indoor": "room",
                "level": "1"
            },
            "geometry": {
                "type": "Polygon",
                "coordinates": [
                    [
                        [
                            -73.63823053476,
                            45.45895166792
                        ],
                        [
                            -73.63824135461,
                            45.45895602655
                        ],
                        [
                            -73.63825492685,
                            45.45896149394
                        ],
                        [
                            -73.63824203338,
                            45.45897724091
                        ],
                        [
                            -73.63821764130,
                            45.45896741490
                        ],
                        [
                            -73.63822343289,
                            45.45896034154
                        ],
                        [
                            -73.63822465679,
                            45.45895884677
                        ],
                        [
                            -73.63823053476,
                            45.45895166792
                        ]
                    ]
                ]
            }
        },
        {
            "type": "Feature",
            "properties": {
                "ref": "VL-203.1",
                "level": "2"
            },
            "geometry": {
                "type": "Point",
                "coordinates": [
                    -73.63840706118,
                    45.45905274259
                ]
            }
        },
        {
            "type": "Feature",
            "properties": {
                "level": "3",
                "ref": "VL-301.12"
            },
            "geometry": {
                "type": "Point",
                "coordinates": [
                    -73.63837434235,
                    45.45901712748
                ]
            }
        },
        {
            "type": "Feature",
            "properties": {
                "ref": "VL-204",
                "indoor": "room",
                "level": "2"
            },
            "geometry": {
                "type": "Polygon",
                "coordinates": [
                    [
                        [
                            -73.63845124304,
                            45.45903908867
                        ],
                        [
                            -73.63844212347,
                            45.45905017874
                        ],
                        [
                            -73.63844644054,
                            45.45905192530
                        ],
                        [
                            -73.63843153412,
                            45.45907005259
                        ],
                        [
                            -73.63842810147,
                            45.45907422695
                        ],
                        [
                            -73.63845838591,
                            45.45908647916
                        ],
                        [
                            -73.63848584456,
                            45.45905308746
                        ],
                        [
                            -73.63847772888,
                            45.45904980409
                        ],
                        [
                            -73.63847546378,
                            45.45904888769
                        ],
                        [
                            -73.63845124304,
                            45.45903908867
                        ]
                    ]
                ]
            }
        },
        {
            "type": "Feature",
            "properties": {
                "level": "3",
                "ref": "VL-301.21"
            },
            "geometry": {
                "type": "Point",
                "coordinates": [
                    -73.63834197424,
                    45.45902599114
                ]
            }
        },
        {
            "type": "Feature",
            "properties": {
                "door": "staircase"
            },
            "geometry": {
                "type": "Point",
                "coordinates": [
                    -73.63800868074,
                    45.45910355174
                ]
            }
        },
        {
            "type": "Feature",
            "properties": {
                "highway": "footway",
                "level": "2"
            },
            "geometry": {
                "type": "LineString",
                "coordinates": [
                    [
                        -73.63848857085,
                        45.45869704797
                    ],
                    [
                        -73.63849325117,
                        45.45869140274
                    ],
                    [
                        -73.63851250316,
                        45.45866818164
                    ]
                ]
            }
        },
        {
            "type": "Feature",
            "properties": {
                "door": "staircase"
            },
            "geometry": {
                "type": "Point",
                "coordinates": [
                    -73.63827157453,
                    45.45887538388
                ]
            }
        },
        {
            "type": "Feature",
            "properties": {
                "level": "3",
                "indoor": "room"
            },
            "geometry": {
                "type": "Polygon",
                "coordinates": [
                    [
                        [
                            -73.63852464896,
                            45.45907105023
                        ],
                        [
                            -73.63854144553,
                            45.45907777546
                        ],
                        [
                            -73.63855268668,
                            45.45906396272
                        ],
                        [
                            -73.63853589001,
                            45.45905723774
                        ],
                        [
                            -73.63852464896,
                            45.45907105023
                        ]
                    ]
                ]
            }
        },
        {
            "type": "Feature",
            "properties": {
                "ref": "VL-297.1",
                "indoor": "room",
                "level": "2"
            },
            "geometry": {
                "type": "Polygon",
                "coordinates": [
                    [
                        [
                            -73.63841590321,
                            45.45913814117
                        ],
                        [
                            -73.63840438677,
                            45.45915214598
                        ],
                        [
                            -73.63840267241,
                            45.45915423077
                        ],
                        [
                            -73.63840145066,
                            45.45915571649
                        ],
                        [
                            -73.63841690422,
                            45.45916196855
                        ],
                        [
                            -73.63840950123,
                            45.45917097110
                        ],
                        [
                            -73.63840209825,
                            45.45917997364
                        ],
                        [
                            -73.63841387092,
                            45.45918473652
                        ],
                        [
                            -73.63842867689,
                            45.45916673142
                        ],
                        [
                            -73.63844312944,
                            45.45914915610
                        ],
                        [
                            -73.63841590321,
                            45.45913814117
                        ]
                    ]
                ]
            }
        },
        {
            "type": "Feature",
            "properties": {
                "ref": "VL-101.7",
                "level": "1"
            },
            "geometry": {
                "type": "Point",
                "coordinates": [
                    -73.63804439911,
                    45.45904403316
                ]
            }
        },
        {
            "type": "Feature",
            "properties": {
                "ref": "VL-126",
                "indoor": "room",
                "level": "1"
            },
            "geometry": {
                "type": "Polygon",
                "coordinates": [
                    [
                        [
                            -73.63835372010,
                            45.45891534691
                        ],
                        [
                            -73.63837926417,
                            45.45892563699
                        ],
                        [
                            -73.63842235460,
                            45.45894299539
                        ],
                        [
                            -73.63841940018,
                            45.45894660365
                        ],
                        [
                            -73.63837920292,
                            45.45899569716
                        ],
                        [
                            -73.63837690342,
                            45.45899850560
                        ],
                        [
                            -73.63830826892,
                            45.45897085715
                        ],
                        [
                            -73.63835372010,
                            45.45891534691
                        ]
                    ]
                ]
            }
        },
        {
            "type": "Feature",
            "properties": {
                "ref": "VL-121.3",
                "level": "1"
            },
            "geometry": {
                "type": "Point",
                "coordinates": [
                    -73.63854056015,
                    45.45895686465
                ]
            }
        },
        {
            "type": "Feature",
            "properties": {
                "level": "2",
                "ref": "VE-213"
            },
            "geometry": {
                "type": "Point",
                "coordinates": [
                    -73.63876563982,
                    45.45895290713
                ]
            }
        },
        {
            "type": "Feature",
            "properties": {
                "highway": "footway",
                "level": "3"
            },
            "geometry": {
                "type": "LineString",
                "coordinates": [
                    [
                        -73.63831756709,
                        45.45901648854
                    ],
                    [
                        -73.63830627195,
                        45.45901209093
                    ],
                    [
                        -73.63829351889,
                        45.45900712569
                    ]
                ]
            }
        },
        {
            "type": "Feature",
            "properties": {
                "door": "hinged"
            },
            "geometry": {
                "type": "Point",
                "coordinates": [
                    -73.63841366263,
                    45.45890966123
                ]
            }
        },
        {
            "type": "Feature",
            "properties": {
                "level": "2",
                "ref": "VE-229"
            },
            "geometry": {
                "type": "Point",
                "coordinates": [
                    -73.63859191390,
                    45.45873660593
                ]
            }
        },
        {
            "type": "Feature",
            "properties": {
                "highway": "footway",
                "level": "1"
            },
            "geometry": {
                "type": "LineString",
                "coordinates": [
                    [
                        -73.63833972278,
                        45.45890274095
                    ],
                    [
                        -73.63833545807,
                        45.45890799063
                    ],
                    [
                        -73.63830705418,
                        45.45894295544
                    ],
                    [
                        -73.63828857380,
                        45.45893556935
                    ]
                ]
            }
        },
        {
            "type": "Feature",
            "properties": {
                "door": "hinged"
            },
            "geometry": {
                "type": "Point",
                "coordinates": [
                    -73.63888725344,
                    45.45887534675
                ]
            }
        },
        {
            "type": "Feature",
            "properties": {
                "door": "hinged"
            },
            "geometry": {
                "type": "Point",
                "coordinates": [
                    -73.63825192077,
                    45.45896012437
                ]
            }
        },
        {
            "type": "Feature",
            "properties": {
                "indoor": "room",
                "level": "2",
                "ref": "VE-215"
            },
            "geometry": {
                "type": "Polygon",
                "coordinates": [
                    [
                        [
                            -73.63882576311,
                            45.45882644375
                        ],
                        [
                            -73.63887580260,
                            45.45884647053
                        ],
                        [
                            -73.63888994867,
                            45.45885213206
                        ],
                        [
                            -73.63887504089,
                            45.45887045905
                        ],
                        [
                            -73.63883870201,
                            45.45885591553
                        ],
                        [
                            -73.63881085462,
                            45.45884477085
                        ],
                        [
                            -73.63882576311,
                            45.45882644375
                        ]
                    ]
                ]
            }
        },
        {
            "type": "Feature",
            "properties": {
                "indoor": "room",
                "level": "2",
                "ref": "VL-240"
            },
            "geometry": {
                "type": "Polygon",
                "coordinates": [
                    [
                        [
                            -73.63837593215,
                            45.45916562208
                        ],
                        [
                            -73.63837145961,
                            45.45917106100
                        ],
                        [
                            -73.63836835949,
                            45.45917483097
                        ],
                        [
                            -73.63838144696,
                            45.45918012577
                        ],
                        [
                            -73.63836193000,
                            45.45920385975
                        ],
                        [
                            -73.63836910162,
                            45.45920676117
                        ],
                        [
                            -73.63838910479,
                            45.45921485386
                        ],
                        [
                            -73.63841387092,
                            45.45918473652
                        ],
                        [
                            -73.63840209825,
                            45.45917997364
                        ],
                        [
                            -73.63838669704,
                            45.45917374277
                        ],
                        [
                            -73.63838780158,
                            45.45917239957
                        ],
                        [
                            -73.63838902052,
                            45.45917091724
                        ],
                        [
                            -73.63837593215,
                            45.45916562208
                        ]
                    ]
                ]
            }
        },
        {
            "type": "Feature",
            "properties": {
                "highway": "footway",
                "level": "2"
            },
            "geometry": {
                "type": "LineString",
                "coordinates": [
                    [
                        -73.63847854047,
                        45.45872102172
                    ],
                    [
                        -73.63848436426,
                        45.45871410257
                    ],
                    [
                        -73.63849599358,
                        45.45870007570
                    ],
                    [
                        -73.63850690934,
                        45.45870452823
                    ]
                ]
            }
        },
        {
            "type": "Feature",
            "properties": {
                "highway": "footway",
                "level": "2"
            },
            "geometry": {
                "type": "LineString",
                "coordinates": [
                    [
                        -73.63818217305,
                        45.45900250993
                    ],
                    [
                        -73.63818619850,
                        45.45899755466
                    ],
                    [
                        -73.63819608851,
                        45.45898593448
                    ]
                ]
            }
        },
        {
            "type": "Feature",
            "properties": {
                "ref": "VL-205",
                "level": "2"
            },
            "geometry": {
                "type": "Point",
                "coordinates": [
                    -73.63852554891,
                    45.45901858107
                ]
            }
        },
        {
            "type": "Feature",
            "properties": {
                "door": "hinged"
            },
            "geometry": {
                "type": "Point",
                "coordinates": [
                    -73.63831221920,
                    45.45911673079
                ]
            }
        },
        {
            "type": "Feature",
            "properties": {
                "indoor": "room",
                "ref": "VL-127.3",
                "level": "1"
            },
            "geometry": {
                "type": "Polygon",
                "coordinates": [
                    [
                        [
                            -73.63840041922,
                            45.45888106211
                        ],
                        [
                            -73.63842376429,
                            45.45889046636
                        ],
                        [
                            -73.63840944040,
                            45.45890796036
                        ],
                        [
                            -73.63839752362,
                            45.45890315985
                        ],
                        [
                            -73.63838609533,
                            45.45889855611
                        ],
                        [
                            -73.63840041922,
                            45.45888106211
                        ]
                    ]
                ]
            }
        },
        {
            "type": "Feature",
            "properties": {
                "level": "3",
                "ref": "VL-301.20"
            },
            "geometry": {
                "type": "Point",
                "coordinates": [
                    -73.63835424157,
                    45.45900781953
                ]
            }
        },
        {
            "type": "Feature",
            "properties": {
                "level": "2",
                "ref": "VE-210"
            },
            "geometry": {
                "type": "Point",
                "coordinates": [
                    -73.63879778721,
                    45.45887593119
                ]
            }
        },
        {
            "type": "Feature",
            "properties": {
                "highway": "footway",
                "level": "3"
            },
            "geometry": {
                "type": "LineString",
                "coordinates": [
                    [
                        -73.63831756709,
                        45.45901648854
                    ],
                    [
                        -73.63832782324,
                        45.45902048163
                    ],
                    [
                        -73.63834197424,
                        45.45902599114
                    ]
                ]
            }
        },
        {
            "type": "Feature",
            "properties": {
                "level": "2",
                "ref": "VE-217"
            },
            "geometry": {
                "type": "Point",
                "coordinates": [
                    -73.63877918720,
                    45.45881681966
                ]
            }
        },
        {
            "type": "Feature",
            "properties": {
                "highway": "footway",
                "level": "1"
            },
            "geometry": {
                "type": "LineString",
                "coordinates": [
                    [
                        -73.63810918558,
                        45.45913002521
                    ],
                    [
                        -73.63811634747,
                        45.45913288760
                    ],
                    [
                        -73.63813090004,
                        45.45913870383
                    ],
                    [
                        -73.63813616513,
                        45.45913222259
                    ]
                ]
            }
        },
        {
            "type": "Feature",
            "properties": {
                "indoor": "room",
                "level": "2",
                "ref": "VE-229"
            },
            "geometry": {
                "type": "Polygon",
                "coordinates": [
                    [
                        [
                            -73.63859467303,
                            45.45871589562
                        ],
                        [
                            -73.63860549381,
                            45.45872022632
                        ],
                        [
                            -73.63861536447,
                            45.45872417675
                        ],
                        [
                            -73.63860211228,
                            45.45874046778
                        ],
                        [
                            -73.63858937245,
                            45.45875612896
                        ],
                        [
                            -73.63857912732,
                            45.45875202865
                        ],
                        [
                            -73.63856868102,
                            45.45874784784
                        ],
                        [
                            -73.63858696252,
                            45.45872537422
                        ],
                        [
                            -73.63859467303,
                            45.45871589562
                        ]
                    ]
                ]
            }
        },
        {
            "type": "Feature",
            "properties": {
                "indoor": "room",
                "level": "2",
                "ref": "VE-213"
            },
            "geometry": {
                "type": "Polygon",
                "coordinates": [
                    [
                        [
                            -73.63877106931,
                            45.45892705212
                        ],
                        [
                            -73.63880316241,
                            45.45893989637
                        ],
                        [
                            -73.63878586695,
                            45.45896115774
                        ],
                        [
                            -73.63876786395,
                            45.45898328889
                        ],
                        [
                            -73.63873577086,
                            45.45897044464
                        ],
                        [
                            -73.63873626994,
                            45.45896983112
                        ],
                        [
                            -73.63877106931,
                            45.45892705212
                        ]
                    ]
                ]
            }
        },
        {
            "type": "Feature",
            "properties": {
                "highway": "footway",
                "level": "2"
            },
            "geometry": {
                "type": "LineString",
                "coordinates": [
                    [
                        -73.63861629471,
                        45.45877720381
                    ],
                    [
                        -73.63862270663,
                        45.45876946996
                    ],
                    [
                        -73.63863672471,
                        45.45875256184
                    ]
                ]
            }
        },
        {
            "type": "Feature",
            "properties": {
                "ref": "VL-water-3",
                "indoor": "yes",
                "level": "3",
                "name": "Water Fountain",
                "amenity": "drinking_water"
            },
            "geometry": {
                "type": "Point",
                "coordinates": [
                    -73.63848480172,
                    45.45900662731
                ]
            }
        },
        {
            "type": "Feature",
            "properties": {
                "highway": "footway",
                "level": "1"
            },
            "geometry": {
                "type": "LineString",
                "coordinates": [
                    [
                        -73.63846277486,
                        45.45909405297
                    ],
                    [
                        -73.63842812414,
                        45.45908020409
                    ],
                    [
                        -73.63843918083,
                        45.45906659348
                    ],
                    [
                        -73.63845224851,
                        45.45905050739
                    ],
                    [
                        -73.63846261050,
                        45.45903775194
                    ],
                    [
                        -73.63847335118,
                        45.45904204468
                    ],
                    [
                        -73.63848109088,
                        45.45904513801
                    ]
                ]
            }
        },
        {
            "type": "Feature",
            "properties": {
                "door": "hinged"
            },
            "geometry": {
                "type": "Point",
                "coordinates": [
                    -73.63865151575,
                    45.45878099994
                ]
            }
        },
        {
            "type": "Feature",
            "properties": {
                "indoor": "yes",
                "level": "1"
            },
            "geometry": {
                "type": "LineString",
                "coordinates": [
                    [
                        -73.63833617346,
                        45.45909122864
                    ],
                    [
                        -73.63834847127,
                        45.45909971447
                    ],
                    [
                        -73.63836275496,
                        45.45910524710
                    ],
                    [
                        -73.63837832686,
                        45.45910794967
                    ],
                    [
                        -73.63839448931,
                        45.45910794533
                    ]
                ]
            }
        },
        {
            "type": "Feature",
            "properties": {
                "door": "hinged"
            },
            "geometry": {
                "type": "Point",
                "coordinates": [
                    -73.63839545798,
                    45.45917691885
                ]
            }
        },
        {
            "type": "Feature",
            "properties": {
                "ref": "VL-104.1",
                "indoor": "room",
                "level": "1"
            },
            "geometry": {
                "type": "Polygon",
                "coordinates": [
                    [
                        [
                            -73.63830701402,
                            45.45915955022
                        ],
                        [
                            -73.63833111475,
                            45.45916925846
                        ],
                        [
                            -73.63832972994,
                            45.45917094975
                        ],
                        [
                            -73.63831768794,
                            45.45918565738
                        ],
                        [
                            -73.63829358708,
                            45.45917594870
                        ],
                        [
                            -73.63829403831,
                            45.45917539759
                        ],
                        [
                            -73.63830701402,
                            45.45915955022
                        ]
                    ]
                ]
            }
        },
        {
            "type": "Feature",
            "properties": {
                "indoor": "room",
                "level": "1",
                "ref": "VE-103"
            },
            "geometry": {
                "type": "Polygon",
                "coordinates": [
                    [
                        [
                            -73.63895553052,
                            45.45888671946
                        ],
                        [
                            -73.63894987811,
                            45.45888435905
                        ],
                        [
                            -73.63894276263,
                            45.45888138767
                        ],
                        [
                            -73.63895613062,
                            45.45886563806
                        ],
                        [
                            -73.63896889851,
                            45.45887096985
                        ],
                        [
                            -73.63895553052,
                            45.45888671946
                        ]
                    ]
                ]
            }
        },
        {
            "type": "Feature",
            "properties": {
                "door": "hinged"
            },
            "geometry": {
                "type": "Point",
                "coordinates": [
                    -73.63883817891,
                    45.45889685042
                ]
            }
        },
        {
            "type": "Feature",
            "properties": {
                "level": "2",
                "ref": "VE-216.1"
            },
            "geometry": {
                "type": "Point",
                "coordinates": [
                    -73.63891753297,
                    45.45883882472
                ]
            }
        },
        {
            "type": "Feature",
            "properties": {
                "entrance": "main"
            },
            "geometry": {
                "type": "Point",
                "coordinates": [
                    -73.63893550000,
                    45.45905710000
                ]
            }
        },
        {
            "type": "Feature",
            "properties": {
                "indoor": "room",
                "ref": "VL-297",
                "level": "2"
            },
            "geometry": {
                "type": "Polygon",
                "coordinates": [
                    [
                        [
                            -73.63839410002,
                            45.45916474022
                        ],
                        [
                            -73.63840950123,
                            45.45917097110
                        ],
                        [
                            -73.63840209825,
                            45.45917997364
                        ],
                        [
                            -73.63838669704,
                            45.45917374277
                        ],
                        [
                            -73.63838780158,
                            45.45917239957
                        ],
                        [
                            -73.63838902052,
                            45.45917091724
                        ],
                        [
                            -73.63839120391,
                            45.45916826210
                        ],
                        [
                            -73.63839410002,
                            45.45916474022
                        ]
                    ]
                ]
            }
        },
        {
            "type": "Feature",
            "properties": {
                "indoor": "room",
                "level": "2",
                "ref": "VE-222"
            },
            "geometry": {
                "type": "Polygon",
                "coordinates": [
                    [
                        [
                            -73.63869776688,
                            45.45872471957
                        ],
                        [
                            -73.63867786157,
                            45.45874918935
                        ],
                        [
                            -73.63866786232,
                            45.45876148150
                        ],
                        [
                            -73.63867812192,
                            45.45876558759
                        ],
                        [
                            -73.63868306365,
                            45.45876756537
                        ],
                        [
                            -73.63869306254,
                            45.45875527365
                        ],
                        [
                            -73.63871903242,
                            45.45876566731
                        ],
                        [
                            -73.63873893794,
                            45.45874119706
                        ],
                        [
                            -73.63869776688,
                            45.45872471957
                        ]
                    ]
                ]
            }
        },
        {
            "type": "Feature",
            "properties": {
                "door": "staircase"
            },
            "geometry": {
                "type": "Point",
                "coordinates": [
                    -73.63818619850,
                    45.45899755466
                ]
            }
        },
        {
            "type": "Feature",
            "properties": {
                "door": "hinged"
            },
            "geometry": {
                "type": "Point",
                "coordinates": [
                    -73.63831009676,
                    45.45889777416
                ]
            }
        },
        {
            "type": "Feature",
            "properties": {
                "door": "hinged"
            },
            "geometry": {
                "type": "Point",
                "coordinates": [
                    -73.63848246179,
                    45.45904048552
                ]
            }
        },
        {
            "type": "Feature",
            "properties": {
                "indoor": "room",
                "level": "2",
                "ref": "VE-206"
            },
            "geometry": {
                "type": "Polygon",
                "coordinates": [
                    [
                        [
                            -73.63849944051,
                            45.45876690702
                        ],
                        [
                            -73.63849377803,
                            45.45877386796
                        ],
                        [
                            -73.63847426170,
                            45.45879785954
                        ],
                        [
                            -73.63845498620,
                            45.45882155504
                        ],
                        [
                            -73.63843263043,
                            45.45884903711
                        ],
                        [
                            -73.63855889019,
                            45.45889956868
                        ],
                        [
                            -73.63859155747,
                            45.45885941063
                        ],
                        [
                            -73.63862570028,
                            45.45881743866
                        ],
                        [
                            -73.63860233305,
                            45.45880808665
                        ],
                        [
                            -73.63860000954,
                            45.45881094372
                        ],
                        [
                            -73.63856776151,
                            45.45879803743
                        ],
                        [
                            -73.63857008515,
                            45.45879518095
                        ],
                        [
                            -73.63855455843,
                            45.45878896630
                        ],
                        [
                            -73.63855223467,
                            45.45879182328
                        ],
                        [
                            -73.63853476699,
                            45.45878483237
                        ],
                        [
                            -73.63853709098,
                            45.45878197548
                        ],
                        [
                            -73.63849944051,
                            45.45876690702
                        ]
                    ]
                ]
            }
        },
        {
            "type": "Feature",
            "properties": {
                "indoor": "yes",
                "level": "1"
            },
            "geometry": {
                "type": "LineString",
                "coordinates": [
                    [
                        -73.63829849289,
                        45.45906727286
                    ],
                    [
                        -73.63830020694,
                        45.45907655719
                    ],
                    [
                        -73.63830259228,
                        45.45908351358
                    ],
                    [
                        -73.63830471116,
                        45.45908787974
                    ],
                    [
                        -73.63830562584,
                        45.45908939341
                    ]
                ]
            }
        },
        {
            "type": "Feature",
            "properties": {
                "level": "2",
                "ref": "VE-231"
            },
            "geometry": {
                "type": "Point",
                "coordinates": [
                    -73.63858269200,
                    45.45869910131
                ]
            }
        },
        {
            "type": "Feature",
            "properties": {
                "highway": "footway",
                "level": "2"
            },
            "geometry": {
                "type": "LineString",
                "coordinates": [
                    [
                        -73.63886212997,
                        45.45887746584
                    ],
                    [
                        -73.63884410678,
                        45.45889925739
                    ],
                    [
                        -73.63881776040,
                        45.45893111237
                    ],
                    [
                        -73.63879113397,
                        45.45896330593
                    ]
                ]
            }
        },
        {
            "type": "Feature",
            "properties": {
                "level": "3",
                "ref": "VL-305",
                "indoor": "room"
            },
            "geometry": {
                "type": "Polygon",
                "coordinates": [
                    [
                        [
                            -73.63853415246,
                            45.45905654204
                        ],
                        [
                            -73.63851735590,
                            45.45904981682
                        ],
                        [
                            -73.63851393437,
                            45.45905402101
                        ],
                        [
                            -73.63850611480,
                            45.45906362929
                        ],
                        [
                            -73.63852291137,
                            45.45907035451
                        ],
                        [
                            -73.63853415246,
                            45.45905654204
                        ]
                    ]
                ]
            }
        },
        {
            "type": "Feature",
            "properties": {
                "highway": "footway",
                "level": "1"
            },
            "geometry": {
                "type": "LineString",
                "coordinates": [
                    [
                        -73.63813814359,
                        45.45909437840
                    ],
                    [
                        -73.63805493814,
                        45.45906119491
                    ]
                ]
            }
        },
        {
            "type": "Feature",
            "properties": {
                "amenity": "drinking_water",
                "indoor": "yes",
                "level": "2",
                "name": "Water Fountain",
                "ref": "VE-water-2-01"
            },
            "geometry": {
                "type": "Point",
                "coordinates": [
                    -73.63849599358,
                    45.45870007570
                ]
            }
        },
        {
            "type": "Feature",
            "properties": {
                "highway": "footway",
                "level": "2"
            },
            "geometry": {
                "type": "LineString",
                "coordinates": [
                    [
                        -73.63881309513,
                        45.45885746737
                    ],
                    [
                        -73.63880452351,
                        45.45886780612
                    ],
                    [
                        -73.63879778721,
                        45.45887593119
                    ]
                ]
            }
        },
        {
            "type": "Feature",
            "properties": {
                "highway": "footway",
                "level": "2"
            },
            "geometry": {
                "type": "LineString",
                "coordinates": [
                    [
                        -73.63844661420,
                        45.45903133110
                    ],
                    [
                        -73.63844297002,
                        45.45903570608
                    ],
                    [
                        -73.63842863315,
                        45.45905291806
                    ]
                ]
            }
        },
        {
            "type": "Feature",
            "properties": {
                "highway": "footway",
                "level": "1"
            },
            "geometry": {
                "type": "LineString",
                "coordinates": [
                    [
                        -73.63842939881,
                        45.45890385104
                    ],
                    [
                        -73.63844028707,
                        45.45890820278
                    ],
                    [
                        -73.63845111326,
                        45.45891252970
                    ]
                ]
            }
        },
        {
            "type": "Feature",
            "properties": {
                "ref": "VL-stair-1-4",
                "access": "emergency",
                "highway": "steps",
                "level": "1"
            },
            "geometry": {
                "type": "Point",
                "coordinates": [
                    -73.63843764718,
                    45.45913251848
                ]
            }
        },
        {
            "type": "Feature",
            "properties": {
                "door": "hinged"
            },
            "geometry": {
                "type": "Point",
                "coordinates": [
                    -73.63846974916,
                    45.45894989325
                ]
            }
        },
        {
            "type": "Feature",
            "properties": {
                "highway": "footway",
                "level": "2"
            },
            "geometry": {
                "type": "LineString",
                "coordinates": [
                    [
                        -73.63837411615,
                        45.45914819118
                    ],
                    [
                        -73.63837928204,
                        45.45914198934
                    ],
                    [
                        -73.63840657697,
                        45.45910922072
                    ],
                    [
                        -73.63839731705,
                        45.45910542595
                    ]
                ]
            }
        },
        {
            "type": "Feature",
            "properties": {
                "ref": "VL-204",
                "level": "2"
            },
            "geometry": {
                "type": "Point",
                "coordinates": [
                    -73.63845641293,
                    45.45906430238
                ]
            }
        },
        {
            "type": "Feature",
            "properties": {
                "highway": "footway",
                "level": "1"
            },
            "geometry": {
                "type": "LineString",
                "coordinates": [
                    [
                        -73.63841401396,
                        45.45900716810
                    ],
                    [
                        -73.63842652504,
                        45.45901221717
                    ],
                    [
                        -73.63844155322,
                        45.45901828206
                    ],
                    [
                        -73.63844831590,
                        45.45901014565
                    ]
                ]
            }
        },
        {
            "type": "Feature",
            "properties": {
                "ref": "VL-stair-1-6",
                "level": "1;2;3",
                "access": "emergency",
                "highway": "steps"
            },
            "geometry": {
                "type": "Point",
                "coordinates": [
                    -73.63821294650,
                    45.45893953032
                ]
            }
        },
        {
            "type": "Feature",
            "properties": {
                "highway": "footway",
                "level": "1"
            },
            "geometry": {
                "type": "LineString",
                "coordinates": [
                    [
                        -73.63802021194,
                        45.45910334940
                    ],
                    [
                        -73.63803906000,
                        45.45908053339
                    ],
                    [
                        -73.63804919026,
                        45.45906827047
                    ],
                    [
                        -73.63805493814,
                        45.45906119491
                    ],
                    [
                        -73.63806287950,
                        45.45905141923
                    ],
                    [
                        -73.63807368649,
                        45.45903811599
                    ],
                    [
                        -73.63808051756,
                        45.45902970706
                    ],
                    [
                        -73.63808927078,
                        45.45901893198
                    ],
                    [
                        -73.63816081646,
                        45.45904763403
                    ],
                    [
                        -73.63820636033,
                        45.45899157021
                    ]
                ]
            }
        },
        {
            "type": "Feature",
            "properties": {
                "highway": "footway",
                "level": "2"
            },
            "geometry": {
                "type": "LineString",
                "coordinates": [
                    [
                        -73.63843043661,
                        45.45902470142
                    ],
                    [
                        -73.63842669015,
                        45.45902915527
                    ],
                    [
                        -73.63841973197,
                        45.45903750884
                    ]
                ]
            }
        },
        {
            "type": "Feature",
            "properties": {
                "highway": "footway",
                "level": "2"
            },
            "geometry": {
                "type": "LineString",
                "coordinates": [
                    [
                        -73.63854279266,
                        45.45874722653
                    ],
                    [
                        -73.63854885578,
                        45.45873991338
                    ],
                    [
                        -73.63855916260,
                        45.45872748165
                    ],
                    [
                        -73.63856740068,
                        45.45871754517
                    ],
                    [
                        -73.63858269200,
                        45.45869910131
                    ]
                ]
            }
        },
        {
            "type": "Feature",
            "properties": {
                "highway": "footway",
                "level": "1"
            },
            "geometry": {
                "type": "LineString",
                "coordinates": [
                    [
                        -73.63847370389,
                        45.45897066651
                    ],
                    [
                        -73.63846382534,
                        45.45896666091
                    ],
                    [
                        -73.63845111515,
                        45.45896149707
                    ]
                ]
            }
        },
        {
            "type": "Feature",
            "properties": {
                "ref": "VL-104",
                "level": "1"
            },
            "geometry": {
                "type": "Point",
                "coordinates": [
                    -73.63834225057,
                    45.45915577787
                ]
            }
        },
        {
            "type": "Feature",
            "properties": {
                "door": "staircase"
            },
            "geometry": {
                "type": "Point",
                "coordinates": [
                    -73.63841980577,
                    45.45898158039
                ]
            }
        },
        {
            "type": "Feature",
            "properties": {
                "highway": "footway",
                "level": "1"
            },
            "geometry": {
                "type": "LineString",
                "coordinates": [
                    [
                        -73.63803906000,
                        45.45908053339
                    ],
                    [
                        -73.63803365817,
                        45.45907837529
                    ],
                    [
                        -73.63802070620,
                        45.45907319876
                    ]
                ]
            }
        },
        {
            "type": "Feature",
            "properties": {
                "highway": "footway",
                "level": "2"
            },
            "geometry": {
                "type": "LineString",
                "coordinates": [
                    [
                        -73.63836413607,
                        45.45918684723
                    ],
                    [
                        -73.63836900837,
                        45.45918091486
                    ]
                ]
            }
        },
        {
            "type": "Feature",
            "properties": {
                "level": "2",
                "ref": "VE-209"
            },
            "geometry": {
                "type": "Point",
                "coordinates": [
                    -73.63858564300,
                    45.45879702584
                ]
            }
        },
        {
            "type": "Feature",
            "properties": {
                "ref": "VL-101.4",
                "indoor": "room",
                "level": "1"
            },
            "geometry": {
                "type": "Polygon",
                "coordinates": [
                    [
                        [
                            -73.63811347136,
                            45.45913640023
                        ],
                        [
                            -73.63813988353,
                            45.45914703998
                        ],
                        [
                            -73.63812319811,
                            45.45916741808
                        ],
                        [
                            -73.63809678593,
                            45.45915677833
                        ],
                        [
                            -73.63810707994,
                            45.45914420614
                        ],
                        [
                            -73.63811347136,
                            45.45913640023
                        ]
                    ]
                ]
            }
        },
        {
            "type": "Feature",
            "properties": {
                "level": "1;2;3",
                "ref": "VL-stair-1-1",
                "stairs": "yes",
                "indoor": "room"
            },
            "geometry": {
                "type": "Polygon",
                "coordinates": [
                    [
                        [
                            -73.63798364699,
                            45.45909334104
                        ],
                        [
                            -73.63799751326,
                            45.45909892686
                        ],
                        [
                            -73.63800868074,
                            45.45910355174
                        ],
                        [
                            -73.63801534131,
                            45.45910610863
                        ],
                        [
                            -73.63800434417,
                            45.45911953957
                        ],
                        [
                            -73.63797264985,
                            45.45910677198
                        ],
                        [
                            -73.63798364699,
                            45.45909334104
                        ]
                    ]
                ]
            }
        },
        {
            "type": "Feature",
            "properties": {
                "door": "hinged"
            },
            "geometry": {
                "type": "Point",
                "coordinates": [
                    -73.63834502487,
                    45.45900105904
                ]
            }
        },
        {
            "type": "Feature",
            "properties": {
                "highway": "footway",
                "level": "1"
            },
            "geometry": {
                "type": "LineString",
                "coordinates": [
                    [
                        -73.63894156863,
                        45.45889400815
                    ],
                    [
                        -73.63893063892,
                        45.45888945507
                    ],
                    [
                        -73.63892191701,
                        45.45888581536
                    ],
                    [
                        -73.63886255006,
                        45.45886104114
                    ],
                    [
                        -73.63885665070,
                        45.45885855530
                    ]
                ]
            }
        },
        {
            "type": "Feature",
            "properties": {
                "ref": "VL-102.2",
                "level": "1"
            },
            "geometry": {
                "type": "Point",
                "coordinates": [
                    -73.63812909450,
                    45.45901134541
                ]
            }
        },
        {
            "type": "Feature",
            "properties": {
                "highway": "footway",
                "level": "2"
            },
            "geometry": {
                "type": "LineString",
                "coordinates": [
                    [
                        -73.63835255223,
                        45.45909579326
                    ],
                    [
                        -73.63835834438,
                        45.45909816692
                    ],
                    [
                        -73.63839190691,
                        45.45911192103
                    ],
                    [
                        -73.63839731705,
                        45.45910542595
                    ]
                ]
            }
        },
        {
            "type": "Feature",
            "properties": {
                "indoor": "room",
                "level": "2",
                "ref": "VE-209"
            },
            "geometry": {
                "type": "Polygon",
                "coordinates": [
                    [
                        [
                            -73.63857687642,
                            45.45878683241
                        ],
                        [
                            -73.63858980444,
                            45.45879200646
                        ],
                        [
                            -73.63860912445,
                            45.45879973870
                        ],
                        [
                            -73.63860233305,
                            45.45880808665
                        ],
                        [
                            -73.63860000954,
                            45.45881094372
                        ],
                        [
                            -73.63856776151,
                            45.45879803743
                        ],
                        [
                            -73.63857008515,
                            45.45879518095
                        ],
                        [
                            -73.63857687642,
                            45.45878683241
                        ]
                    ]
                ]
            }
        },
        {
            "type": "Feature",
            "properties": {
                "level": "3",
                "ref": "VL-bath-W-3"
            },
            "geometry": {
                "type": "Point",
                "coordinates": [
                    -73.63848407343,
                    45.45901967193
                ]
            }
        },
        {
            "type": "Feature",
            "properties": {
                "highway": "footway",
                "level": "2"
            },
            "geometry": {
                "type": "LineString",
                "coordinates": [
                    [
                        -73.63867087541,
                        45.45879946415
                    ],
                    [
                        -73.63867754634,
                        45.45879141790
                    ],
                    [
                        -73.63869257308,
                        45.45877329318
                    ]
                ]
            }
        },
        {
            "type": "Feature",
            "properties": {
                "highway": "footway",
                "level": "2"
            },
            "geometry": {
                "type": "LineString",
                "coordinates": [
                    [
                        -73.63820124587,
                        45.45897149777
                    ],
                    [
                        -73.63819125913,
                        45.45898395537
                    ]
                ]
            }
        },
        {
            "type": "Feature",
            "properties": {
                "ref": "VL-102.1",
                "level": "1"
            },
            "geometry": {
                "type": "Point",
                "coordinates": [
                    -73.63805519255,
                    45.45903074660
                ]
            }
        },
        {
            "type": "Feature",
            "properties": {
                "ref": "VL-stair-1-3",
                "level": "1;2",
                "highway": "steps"
            },
            "geometry": {
                "type": "Point",
                "coordinates": [
                    -73.63841264512,
                    45.45897871795
                ]
            }
        },
        {
            "type": "Feature",
            "properties": {
                "highway": "footway",
                "level": "2"
            },
            "geometry": {
                "type": "LineString",
                "coordinates": [
                    [
                        -73.63837411615,
                        45.45914819118
                    ],
                    [
                        -73.63839263600,
                        45.45915578071
                    ],
                    [
                        -73.63839615259,
                        45.45915155891
                    ],
                    [
                        -73.63840267241,
                        45.45915423077
                    ],
                    [
                        -73.63841606143,
                        45.45915971766
                    ],
                    [
                        -73.63842201258,
                        45.45915257308
                    ]
                ]
            }
        },
        {
            "type": "Feature",
            "properties": {
                "highway": "footway",
                "level": "1"
            },
            "geometry": {
                "type": "LineString",
                "coordinates": [
                    [
                        -73.63831430000,
                        45.45889253537
                    ],
                    [
                        -73.63831009676,
                        45.45889777416
                    ],
                    [
                        -73.63830402030,
                        45.45890525421
                    ],
                    [
                        -73.63829478010,
                        45.45890156117
                    ]
                ]
            }
        },
        {
            "type": "Feature",
            "properties": {
                "level": "2",
                "ref": "VE-221"
            },
            "geometry": {
                "type": "Point",
                "coordinates": [
                    -73.63869257308,
                    45.45877329318
                ]
            }
        },
        {
            "type": "Feature",
            "properties": {
                "highway": "footway",
                "level": "1"
            },
            "geometry": {
                "type": "LineString",
                "coordinates": [
                    [
                        -73.63841742006,
                        45.45893368788
                    ],
                    [
                        -73.63842039077,
                        45.45893000990
                    ],
                    [
                        -73.63842626604,
                        45.45892277505
                    ],
                    [
                        -73.63842411508,
                        45.45892196466
                    ]
                ]
            }
        },
        {
            "type": "Feature",
            "properties": {
                "indoor": "room",
                "level": "2",
                "ref": "VE-234"
            },
            "geometry": {
                "type": "Polygon",
                "coordinates": [
                    [
                        [
                            -73.63848747493,
                            45.45864055643
                        ],
                        [
                            -73.63846817150,
                            45.45866428633
                        ],
                        [
                            -73.63849604071,
                            45.45867544016
                        ],
                        [
                            -73.63848555977,
                            45.45868832448
                        ],
                        [
                            -73.63849325117,
                            45.45869140274
                        ],
                        [
                            -73.63849970584,
                            45.45869398603
                        ],
                        [
                            -73.63852949021,
                            45.45865737182
                        ],
                        [
                            -73.63848747493,
                            45.45864055643
                        ]
                    ]
                ]
            }
        },
        {
            "type": "Feature",
            "properties": {
                "ref": "VL-140",
                "level": "1"
            },
            "geometry": {
                "type": "Point",
                "coordinates": [
                    -73.63838815531,
                    45.45919344206
                ]
            }
        },
        {
            "type": "Feature",
            "properties": {
                "indoor": "room",
                "level": "2",
                "ref": "VE-202.2"
            },
            "geometry": {
                "type": "Polygon",
                "coordinates": [
                    [
                        [
                            -73.63837167395,
                            45.45878291160
                        ],
                        [
                            -73.63834606556,
                            45.45881439217
                        ],
                        [
                            -73.63843263043,
                            45.45884903711
                        ],
                        [
                            -73.63845498620,
                            45.45882155504
                        ],
                        [
                            -73.63842584981,
                            45.45880989411
                        ],
                        [
                            -73.63842910245,
                            45.45880589562
                        ],
                        [
                            -73.63842383651,
                            45.45880378808
                        ],
                        [
                            -73.63837167395,
                            45.45878291160
                        ]
                    ]
                ]
            }
        },
        {
            "type": "Feature",
            "properties": {
                "highway": "footway",
                "level": "2"
            },
            "geometry": {
                "type": "LineString",
                "coordinates": [
                    [
                        -73.63836849820,
                        45.45916984740
                    ],
                    [
                        -73.63836535825,
                        45.45917361702
                    ],
                    [
                        -73.63836173552,
                        45.45917796624
                    ],
                    [
                        -73.63836900837,
                        45.45918091486
                    ]
                ]
            }
        },
        {
            "type": "Feature",
            "properties": {
                "highway": "footway",
                "level": "1"
            },
            "geometry": {
                "type": "LineString",
                "coordinates": [
                    [
                        -73.63835545535,
                        45.45916363109
                    ],
                    [
                        -73.63834466191,
                        45.45917691761
                    ],
                    [
                        -73.63832972994,
                        45.45917094975
                    ],
                    [
                        -73.63831832736,
                        45.45916639249
                    ],
                    [
                        -73.63831358877,
                        45.45917222559
                    ]
                ]
            }
        },
        {
            "type": "Feature",
            "properties": {
                "building": "university",
                "name": "Concordia Vanier Library"
            },
            "geometry": {
                "type": "LineString",
                "coordinates": [
                    [
                        -73.63867250000,
                        45.45930500000
                    ],
                    [
                        -73.63821880000,
                        45.45912540000
                    ],
                    [
                        -73.63814790000,
                        45.45921340000
                    ],
                    [
                        -73.63785290000,
                        45.45909650000
                    ],
                    [
                        -73.63800200000,
                        45.45891150000
                    ],
                    [
                        -73.63803690000,
                        45.45894910000
                    ],
                    [
                        -73.63804490000,
                        45.45890020000
                    ],
                    [
                        -73.63809220000,
                        45.45891840000
                    ],
                    [
                        -73.63812710000,
                        45.45887360000
                    ],
                    [
                        -73.63816950000,
                        45.45888990000
                    ],
                    [
                        -73.63819170000,
                        45.45886160000
                    ],
                    [
                        -73.63823530000,
                        45.45887840000
                    ],
                    [
                        -73.63828428101,
                        45.45881581577
                    ],
                    [
                        -73.63844296432,
                        45.45861306176
                    ],
                    [
                        -73.63845350000,
                        45.45859960000
                    ],
                    [
                        -73.63903180000,
                        45.45882230000
                    ],
                    [
                        -73.63899010000,
                        45.45887540000
                    ],
                    [
                        -73.63901540000,
                        45.45888520000
                    ],
                    [
                        -73.63889230000,
                        45.45904020000
                    ],
                    [
                        -73.63893550000,
                        45.45905710000
                    ],
                    [
                        -73.63900510000,
                        45.45908430000
                    ],
                    [
                        -73.63897010000,
                        45.45912820000
                    ],
                    [
                        -73.63901480000,
                        45.45914580000
                    ],
                    [
                        -73.63894870000,
                        45.45922820000
                    ],
                    [
                        -73.63878600000,
                        45.45916390000
                    ],
                    [
                        -73.63867250000,
                        45.45930500000
                    ]
                ]
            }
        },
        {
            "type": "Feature",
            "properties": {
                "ref": "VL-bath-W-2",
                "level": "2"
            },
            "geometry": {
                "type": "Point",
                "coordinates": [
                    -73.63844912898,
                    45.45901340031
                ]
            }
        },
        {
            "type": "Feature",
            "properties": {
                "door": "hinged"
            },
            "geometry": {
                "type": "Point",
                "coordinates": [
                    -73.63867754634,
                    45.45879141790
                ]
            }
        },
        {
            "type": "Feature",
            "properties": {
                "door": "staircase"
            },
            "geometry": {
                "type": "Point",
                "coordinates": [
                    -73.63837273767,
                    45.45917625882
                ]
            }
        },
        {
            "type": "Feature",
            "properties": {
                "level": "3",
                "indoor": "room"
            },
            "geometry": {
                "type": "Polygon",
                "coordinates": [
                    [
                        [
                            -73.63849737319,
                            45.45906116038
                        ],
                        [
                            -73.63848407617,
                            45.45905579662
                        ],
                        [
                            -73.63845856563,
                            45.45908714306
                        ],
                        [
                            -73.63847188704,
                            45.45909247685
                        ],
                        [
                            -73.63849737319,
                            45.45906116038
                        ]
                    ]
                ]
            }
        },
        {
            "type": "Feature",
            "properties": {
                "level": "2",
                "ref": "VE-204"
            },
            "geometry": {
                "type": "Point",
                "coordinates": [
                    -73.63847282946,
                    45.45878134461
                ]
            }
        },
        {
            "type": "Feature",
            "properties": {
                "highway": "footway",
                "level": "2"
            },
            "geometry": {
                "type": "LineString",
                "coordinates": [
                    [
                        -73.63857292121,
                        45.45875951424
                    ],
                    [
                        -73.63855690062,
                        45.45877883770
                    ],
                    [
                        -73.63855323428,
                        45.45878325991
                    ]
                ]
            }
        },
        {
            "type": "Feature",
            "properties": {
                "highway": "footway",
                "level": "1"
            },
            "geometry": {
                "type": "LineString",
                "coordinates": [
                    [
                        -73.63807368649,
                        45.45903811599
                    ],
                    [
                        -73.63806835028,
                        45.45903600537
                    ],
                    [
                        -73.63805519255,
                        45.45903074660
                    ]
                ]
            }
        },
        {
            "type": "Feature",
            "properties": {
                "level": "2",
                "ref": "VE-215"
            },
            "geometry": {
                "type": "Point",
                "coordinates": [
                    -73.63884619097,
                    45.45884688263
                ]
            }
        },
        {
            "type": "Feature",
            "properties": {
                "ref": "VL-202.2",
                "indoor": "room",
                "level": "2"
            },
            "geometry": {
                "type": "Polygon",
                "coordinates": [
                    [
                        [
                            -73.63801137423,
                            45.45905993314
                        ],
                        [
                            -73.63803579568,
                            45.45906981336
                        ],
                        [
                            -73.63803133553,
                            45.45907523722
                        ],
                        [
                            -73.63802627798,
                            45.45908138756
                        ],
                        [
                            -73.63801505773,
                            45.45907684813
                        ],
                        [
                            -73.63800185654,
                            45.45907150735
                        ],
                        [
                            -73.63800660930,
                            45.45906572765
                        ],
                        [
                            -73.63801137423,
                            45.45905993314
                        ]
                    ]
                ]
            }
        },
        {
            "type": "Feature",
            "properties": {
                "door": "hinged"
            },
            "geometry": {
                "type": "Point",
                "coordinates": [
                    -73.63873613474,
                    45.45878605747
                ]
            }
        },
        {
            "type": "Feature",
            "properties": {
                "level": "1;2;3",
                "stairs": "yes",
                "ref": "VL-stair-1-3",
                "indoor": "room"
            },
            "geometry": {
                "type": "Polygon",
                "coordinates": [
                    [
                        [
                            -73.63841940018,
                            45.45894660365
                        ],
                        [
                            -73.63844124057,
                            45.45895540176
                        ],
                        [
                            -73.63841980577,
                            45.45898158039
                        ],
                        [
                            -73.63840104331,
                            45.45900449525
                        ],
                        [
                            -73.63837920292,
                            45.45899569716
                        ],
                        [
                            -73.63841940018,
                            45.45894660365
                        ]
                    ]
                ]
            }
        },
        {
            "type": "Feature",
            "properties": {
                "ref": "VL-101.5",
                "level": "1"
            },
            "geometry": {
                "type": "Point",
                "coordinates": [
                    -73.63802070620,
                    45.45907319876
                ]
            }
        },
        {
            "type": "Feature",
            "properties": {
                "highway": "footway",
                "level": "1"
            },
            "geometry": {
                "type": "LineString",
                "coordinates": [
                    [
                        -73.63815050365,
                        45.45899629175
                    ],
                    [
                        -73.63814221572,
                        45.45899297931
                    ],
                    [
                        -73.63812971321,
                        45.45898798241
                    ],
                    [
                        -73.63813102949,
                        45.45898636210
                    ]
                ]
            }
        },
        {
            "type": "Feature",
            "properties": {
                "door": "hinged"
            },
            "geometry": {
                "type": "Point",
                "coordinates": [
                    -73.63814221572,
                    45.45899297931
                ]
            }
        },
        {
            "type": "Feature",
            "properties": {
                "level": "1;2;3",
                "ref": "VL-stair-1-2",
                "highway": "steps"
            },
            "geometry": {
                "type": "Point",
                "coordinates": [
                    -73.63820124587,
                    45.45897149777
                ]
            }
        },
        {
            "type": "Feature",
            "properties": {
                "highway": "footway",
                "level": "2"
            },
            "geometry": {
                "type": "LineString",
                "coordinates": [
                    [
                        -73.63839071737,
                        45.45905044824
                    ],
                    [
                        -73.63839551615,
                        45.45905241481
                    ],
                    [
                        -73.63839585554,
                        45.45905255090
                    ],
                    [
                        -73.63840437509,
                        45.45905596735
                    ],
                    [
                        -73.63840706118,
                        45.45905274259
                    ]
                ]
            }
        },
        {
            "type": "Feature",
            "properties": {
                "name": "Vanier Library (VL)",
                "website": "https://library.concordia.ca/",
                "amenity": "library",
                "note": "Valid student/faculty/staff Concordia ID card required 23:00-07:00 and on University holidays",
                "opening_hours:url": "https://library.concordia.ca/locations/vanier.php",
                "opening_hours": "Jan 05-12 Mo-Fr 09:00-21:00; Jan 05-12,May 05-Sep 01 Sa,Su 10:00-21:00; Jan 13-May 04,Sep 02-Dec 23 00:00-24:00; May 05-Sep 01 Mo-Th 09:00-22:00; May 05-Sep 01 Fr 09:00-21:00; May 19,Jun 24,Jul 01,Sep 01,Dec 24-Jan 04 off"
            },
            "geometry": {
                "type": "Point",
                "coordinates": [
                    -73.63841190000,
                    45.45906450000
                ]
            }
        },
        {
            "type": "Feature",
            "properties": {
                "ref": "VL-203.3",
                "level": "2"
            },
            "geometry": {
                "type": "Point",
                "coordinates": [
                    -73.63842863315,
                    45.45905291806
                ]
            }
        },
        {
            "type": "Feature",
            "properties": {
                "highway": "footway",
                "level": "1"
            },
            "geometry": {
                "type": "LineString",
                "coordinates": [
                    [
                        -73.63847622758,
                        45.45894188471
                    ],
                    [
                        -73.63852052908,
                        45.45895959076
                    ],
                    [
                        -73.63853397878,
                        45.45896496622
                    ],
                    [
                        -73.63854056015,
                        45.45895686465
                    ]
                ]
            }
        },
        {
            "type": "Feature",
            "properties": {
                "level": "1;2;3",
                "ref": "VL-stair-1-1",
                "access": "emergency",
                "highway": "steps"
            },
            "geometry": {
                "type": "Point",
                "coordinates": [
                    -73.63800488475,
                    45.45910774225
                ]
            }
        },
        {
            "type": "Feature",
            "properties": {
                "level": "2",
                "ref": "VE-234"
            },
            "geometry": {
                "type": "Point",
                "coordinates": [
                    -73.63851250316,
                    45.45866818164
                ]
            }
        },
        {
            "type": "Feature",
            "properties": {
                "highway": "footway",
                "level": "2"
            },
            "geometry": {
                "type": "LineString",
                "coordinates": [
                    [
                        -73.63843085164,
                        45.45879532668
                    ],
                    [
                        -73.63843599372,
                        45.45879742413
                    ],
                    [
                        -73.63845252920,
                        45.45880416893
                    ]
                ]
            }
        },
        {
            "type": "Feature",
            "properties": {
                "highway": "footway",
                "level": "1"
            },
            "geometry": {
                "type": "LineString",
                "coordinates": [
                    [
                        -73.63844560452,
                        45.45896828058
                    ],
                    [
                        -73.63845833415,
                        45.45897336825
                    ],
                    [
                        -73.63847332509,
                        45.45897935970
                    ],
                    [
                        -73.63846674373,
                        45.45898746127
                    ]
                ]
            }
        },
        {
            "type": "Feature",
            "properties": {
                "ref": "VL-297",
                "level": "2"
            },
            "geometry": {
                "type": "Point",
                "coordinates": [
                    -73.63839798414,
                    45.45917321871
                ]
            }
        },
        {
            "type": "Feature",
            "properties": {
                "level": "3",
                "indoor": "room",
                "ref": "VL-301.23"
            },
            "geometry": {
                "type": "Polygon",
                "coordinates": [
                    [
                        [
                            -73.63831273966,
                            45.45900424773
                        ],
                        [
                            -73.63828566134,
                            45.45899340577
                        ],
                        [
                            -73.63827337569,
                            45.45900838802
                        ],
                        [
                            -73.63830038771,
                            45.45901922658
                        ],
                        [
                            -73.63830627195,
                            45.45901209093
                        ],
                        [
                            -73.63831273966,
                            45.45900424773
                        ]
                    ]
                ]
            }
        },
        {
            "type": "Feature",
            "properties": {
                "door": "hinged"
            },
            "geometry": {
                "type": "Point",
                "coordinates": [
                    -73.63851393437,
                    45.45905402101
                ]
            }
        },
        {
            "type": "Feature",
            "properties": {
                "highway": "footway",
                "level": "1"
            },
            "geometry": {
                "type": "LineString",
                "coordinates": [
                    [
                        -73.63837489150,
                        45.45889711759
                    ],
                    [
                        -73.63836973335,
                        45.45889503098
                    ],
                    [
                        -73.63833101704,
                        45.45887955537
                    ],
                    [
                        -73.63833496586,
                        45.45887469442
                    ]
                ]
            }
        },
        {
            "type": "Feature",
            "properties": {
                "ref": "VL-201",
                "level": "2"
            },
            "geometry": {
                "type": "Point",
                "coordinates": [
                    -73.63839731705,
                    45.45910542595
                ]
            }
        },
        {
            "type": "Feature",
            "properties": {
                "highway": "footway",
                "level": "1"
            },
            "geometry": {
                "type": "LineString",
                "coordinates": [
                    [
                        -73.63843384981,
                        45.45911082477
                    ],
                    [
                        -73.63842691967,
                        45.45910805499
                    ],
                    [
                        -73.63842106418,
                        45.45911526300
                    ],
                    [
                        -73.63840138397,
                        45.45913948899
                    ],
                    [
                        -73.63839121976,
                        45.45913542666
                    ]
                ]
            }
        },
        {
            "type": "Feature",
            "properties": {
                "ref": "VL-203.1",
                "indoor": "room",
                "level": "2"
            },
            "geometry": {
                "type": "Polygon",
                "coordinates": [
                    [
                        [
                            -73.63840513452,
                            45.45904126698
                        ],
                        [
                            -73.63842181972,
                            45.45904801733
                        ],
                        [
                            -73.63841064814,
                            45.45906160272
                        ],
                        [
                            -73.63840869629,
                            45.45906397638
                        ],
                        [
                            -73.63839201109,
                            45.45905722603
                        ],
                        [
                            -73.63839585554,
                            45.45905255090
                        ],
                        [
                            -73.63840513452,
                            45.45904126698
                        ]
                    ]
                ]
            }
        },
        {
            "type": "Feature",
            "properties": {
                "ref": "VL-101.2",
                "level": "1"
            },
            "geometry": {
                "type": "Point",
                "coordinates": [
                    -73.63829654315,
                    45.45915553961
                ]
            }
        },
        {
            "type": "Feature",
            "properties": {
                "door": "hinged"
            },
            "geometry": {
                "type": "Point",
                "coordinates": [
                    -73.63890592054,
                    45.45885283119
                ]
            }
        },
        {
            "type": "Feature",
            "properties": {
                "ref": "VL-202.30",
                "level": "2"
            },
            "geometry": {
                "type": "Point",
                "coordinates": [
                    -73.63822908177,
                    45.45897114066
                ]
            }
        },
        {
            "type": "Feature",
            "properties": {
                "door": "hinged"
            },
            "geometry": {
                "type": "Point",
                "coordinates": [
                    -73.63842669015,
                    45.45902915527
                ]
            }
        },
        {
            "type": "Feature",
            "properties": {
                "door": "hinged"
            },
            "geometry": {
                "type": "Point",
                "coordinates": [
                    -73.63876967708,
                    45.45882829042
                ]
            }
        },
        {
            "type": "Feature",
            "properties": {
                "highway": "footway",
                "level": "1"
            },
            "geometry": {
                "type": "LineString",
                "coordinates": [
                    [
                        -73.63838365348,
                        45.45892023382
                    ],
                    [
                        -73.63837926417,
                        45.45892563699
                    ],
                    [
                        -73.63835621019,
                        45.45895401613
                    ],
                    [
                        -73.63836314034,
                        45.45895678591
                    ]
                ]
            }
        },
        {
            "type": "Feature",
            "properties": {
                "indoor": "room",
                "level": "2",
                "ref": "VE-219"
            },
            "geometry": {
                "type": "Polygon",
                "coordinates": [
                    [
                        [
                            -73.63873893794,
                            45.45874119706
                        ],
                        [
                            -73.63878222038,
                            45.45875851955
                        ],
                        [
                            -73.63875400298,
                            45.45879320869
                        ],
                        [
                            -73.63873613474,
                            45.45878605747
                        ],
                        [
                            -73.63871071991,
                            45.45877588595
                        ],
                        [
                            -73.63873893794,
                            45.45874119706
                        ]
                    ]
                ]
            }
        },
        {
            "type": "Feature",
            "properties": {
                "door": "hinged"
            },
            "geometry": {
                "type": "Point",
                "coordinates": [
                    -73.63837145961,
                    45.45917106100
                ]
            }
        },
        {
            "type": "Feature",
            "properties": {
                "door": "hinged"
            },
            "geometry": {
                "type": "Point",
                "coordinates": [
                    -73.63886255006,
                    45.45886104114
                ]
            }
        },
        {
            "type": "Feature",
            "properties": {
                "highway": "footway",
                "level": "2"
            },
            "geometry": {
                "type": "LineString",
                "coordinates": [
                    [
                        -73.63849599358,
                        45.45870007570
                    ],
                    [
                        -73.63848857085,
                        45.45869704797
                    ]
                ]
            }
        },
        {
            "type": "Feature",
            "properties": {
                "highway": "footway",
                "level": "3"
            },
            "geometry": {
                "type": "LineString",
                "coordinates": [
                    [
                        -73.63820124587,
                        45.45897149777
                    ],
                    [
                        -73.63819029913,
                        45.45898542950
                    ],
                    [
                        -73.63819433652,
                        45.45898689963
                    ]
                ]
            }
        },
        {
            "type": "Feature",
            "properties": {
                "ref": "VL-104.1",
                "level": "1"
            },
            "geometry": {
                "type": "Point",
                "coordinates": [
                    -73.63831358877,
                    45.45917222559
                ]
            }
        },
        {
            "type": "Feature",
            "properties": {
                "ref": "VL-bath-M-2",
                "level": "2"
            },
            "geometry": {
                "type": "Point",
                "coordinates": [
                    -73.63846941700,
                    45.45898904371
                ]
            }
        },
        {
            "type": "Feature",
            "properties": {
                "ref": "VL-bath-M-2",
                "male": "yes",
                "female": "no",
                "indoor": "room",
                "amenity": "toilets",
                "level": "2"
            },
            "geometry": {
                "type": "Polygon",
                "coordinates": [
                    [
                        [
                            -73.63846077284,
                            45.45897095933
                        ],
                        [
                            -73.63845852686,
                            45.45897369061
                        ],
                        [
                            -73.63844744768,
                            45.45898716372
                        ],
                        [
                            -73.63845608182,
                            45.45899065685
                        ],
                        [
                            -73.63845056302,
                            45.45899736811
                        ],
                        [
                            -73.63847203195,
                            45.45900605384
                        ],
                        [
                            -73.63849087591,
                            45.45898313819
                        ],
                        [
                            -73.63848317531,
                            45.45898002274
                        ],
                        [
                            -73.63846077284,
                            45.45897095933
                        ]
                    ]
                ]
            }
        },
        {
            "type": "Feature",
            "properties": {
                "door": "hinged"
            },
            "geometry": {
                "type": "Point",
                "coordinates": [
                    -73.63845187451,
                    45.45904731358
                ]
            }
        },
        {
            "type": "Feature",
            "properties": {
                "highway": "footway",
                "level": "2"
            },
            "geometry": {
                "type": "LineString",
                "coordinates": [
                    [
                        -73.63843349992,
                        45.45898391231
                    ],
                    [
                        -73.63842189799,
                        45.45897915354
                    ]
                ]
            }
        },
        {
            "type": "Feature",
            "properties": {
                "indoor": "room",
                "level": "2",
                "ref": "VE-230"
            },
            "geometry": {
                "type": "Polygon",
                "coordinates": [
                    [
                        [
                            -73.63854515741,
                            45.45870864296
                        ],
                        [
                            -73.63856740068,
                            45.45871754517
                        ],
                        [
                            -73.63857188426,
                            45.45871933959
                        ],
                        [
                            -73.63858696252,
                            45.45872537422
                        ],
                        [
                            -73.63856868102,
                            45.45874784784
                        ],
                        [
                            -73.63854885578,
                            45.45873991338
                        ],
                        [
                            -73.63852687589,
                            45.45873111659
                        ],
                        [
                            -73.63854515741,
                            45.45870864296
                        ]
                    ]
                ]
            }
        },
        {
            "type": "Feature",
            "properties": {
                "ref": "VL-102.4",
                "level": "1"
            },
            "geometry": {
                "type": "Point",
                "coordinates": [
                    -73.63813102949,
                    45.45898636210
                ]
            }
        },
        {
            "type": "Feature",
            "properties": {
                "highway": "footway",
                "level": "2"
            },
            "geometry": {
                "type": "LineString",
                "coordinates": [
                    [
                        -73.63816418195,
                        45.45910571992
                    ],
                    [
                        -73.63804843288,
                        45.45905828529
                    ]
                ]
            }
        },
        {
            "type": "Feature",
            "properties": {
                "highway": "footway",
                "level": "2"
            },
            "geometry": {
                "type": "LineString",
                "coordinates": [
                    [
                        -73.63864496777,
                        45.45878889791
                    ],
                    [
                        -73.63865151575,
                        45.45878099994
                    ],
                    [
                        -73.63866361937,
                        45.45876640099
                    ],
                    [
                        -73.63867395295,
                        45.45877061605
                    ]
                ]
            }
        },
        {
            "type": "Feature",
            "properties": {
                "highway": "footway",
                "level": "2"
            },
            "geometry": {
                "type": "LineString",
                "coordinates": [
                    [
                        -73.63841401396,
                        45.45900716810
                    ],
                    [
                        -73.63842637730,
                        45.45901278687
                    ],
                    [
                        -73.63844371885,
                        45.45901989540
                    ],
                    [
                        -73.63844912898,
                        45.45901340031
                    ]
                ]
            }
        },
        {
            "type": "Feature",
            "properties": {
                "ref": "VL-106.1",
                "level": "1"
            },
            "geometry": {
                "type": "Point",
                "coordinates": [
                    -73.63845488916,
                    45.45907287164
                ]
            }
        },
        {
            "type": "Feature",
            "properties": {
                "door": "hinged"
            },
            "geometry": {
                "type": "Point",
                "coordinates": [
                    -73.63871820088,
                    45.45880768864
                ]
            }
        },
        {
            "type": "Feature",
            "properties": {
                "amenity": "drinking_water",
                "name": "Water Fountain",
                "level": "2",
                "indoor": "yes",
                "ref": "VL-water-2"
            },
            "geometry": {
                "type": "Point",
                "coordinates": [
                    -73.63844879755,
                    45.45899287138
                ]
            }
        },
        {
            "type": "Feature",
            "properties": {
                "highway": "footway",
                "level": "1"
            },
            "geometry": {
                "type": "LineString",
                "coordinates": [
                    [
                        -73.63842691967,
                        45.45910805499
                    ],
                    [
                        -73.63841074933,
                        45.45910159219
                    ],
                    [
                        -73.63840492516,
                        45.45910876164
                    ],
                    [
                        -73.63838521363,
                        45.45913302619
                    ],
                    [
                        -73.63839121976,
                        45.45913542666
                    ]
                ]
            }
        },
        {
            "type": "Feature",
            "properties": {
                "level": "2",
                "ref": "VE-205"
            },
            "geometry": {
                "type": "Point",
                "coordinates": [
                    -73.63849126329,
                    45.45875495759
                ]
            }
        },
        {
            "type": "Feature",
            "properties": {
                "highway": "footway",
                "level": "1"
            },
            "geometry": {
                "type": "LineString",
                "coordinates": [
                    [
                        -73.63840618213,
                        45.45901680896
                    ],
                    [
                        -73.63835767853,
                        45.45899741144
                    ],
                    [
                        -73.63824450337,
                        45.45895215053
                    ],
                    [
                        -73.63821644540,
                        45.45894092960
                    ],
                    [
                        -73.63821294650,
                        45.45893953032
                    ]
                ]
            }
        },
        {
            "type": "Feature",
            "properties": {
                "door": "hinged"
            },
            "geometry": {
                "type": "Point",
                "coordinates": [
                    -73.63826331157,
                    45.45900465590
                ]
            }
        },
        {
            "type": "Feature",
            "properties": {
                "highway": "footway",
                "level": "1"
            },
            "geometry": {
                "type": "LineString",
                "coordinates": [
                    [
                        -73.63806287950,
                        45.45905141923
                    ],
                    [
                        -73.63805749244,
                        45.45904926618
                    ],
                    [
                        -73.63804439911,
                        45.45904403316
                    ]
                ]
            }
        },
        {
            "type": "Feature",
            "properties": {
                "indoor": "room",
                "level": "2",
                "ref": "VE-227"
            },
            "geometry": {
                "type": "Polygon",
                "coordinates": [
                    [
                        [
                            -73.63860211228,
                            45.45874046778
                        ],
                        [
                            -73.63861296290,
                            45.45874481042
                        ],
                        [
                            -73.63862343832,
                            45.45874900289
                        ],
                        [
                            -73.63861069849,
                            45.45876466406
                        ],
                        [
                            -73.63860003953,
                            45.45876039814
                        ],
                        [
                            -73.63858937245,
                            45.45875612896
                        ],
                        [
                            -73.63860211228,
                            45.45874046778
                        ]
                    ]
                ]
            }
        },
        {
            "type": "Feature",
            "properties": {
                "door": "hinged"
            },
            "geometry": {
                "type": "Point",
                "coordinates": [
                    -73.63857020839,
                    45.45878416373
                ]
            }
        },
        {
            "type": "Feature",
            "properties": {
                "door": "hinged"
            },
            "geometry": {
                "type": "Point",
                "coordinates": [
                    -73.63834189940,
                    45.45900301428
                ]
            }
        },
        {
            "type": "Feature",
            "properties": {
                "highway": "footway",
                "level": "1"
            },
            "geometry": {
                "type": "LineString",
                "coordinates": [
                    [
                        -73.63843918083,
                        45.45906659348
                    ],
                    [
                        -73.63844264760,
                        45.45906797905
                    ],
                    [
                        -73.63845488916,
                        45.45907287164
                    ]
                ]
            }
        },
        {
            "type": "Feature",
            "properties": {
                "indoor": "room",
                "level": "2",
                "ref": "VE-203"
            },
            "geometry": {
                "type": "Polygon",
                "coordinates": [
                    [
                        [
                            -73.63844512533,
                            45.45878619859
                        ],
                        [
                            -73.63847426170,
                            45.45879785954
                        ],
                        [
                            -73.63845498620,
                            45.45882155504
                        ],
                        [
                            -73.63842584981,
                            45.45880989411
                        ],
                        [
                            -73.63842910245,
                            45.45880589562
                        ],
                        [
                            -73.63843599372,
                            45.45879742413
                        ],
                        [
                            -73.63844512533,
                            45.45878619859
                        ]
                    ]
                ]
            }
        },
        {
            "type": "Feature",
            "properties": {
                "door": "hinged"
            },
            "geometry": {
                "type": "Point",
                "coordinates": [
                    -73.63837760738,
                    45.45903717033
                ]
            }
        },
        {
            "type": "Feature",
            "properties": {
                "highway": "footway",
                "level": "2"
            },
            "geometry": {
                "type": "LineString",
                "coordinates": [
                    [
                        -73.63891222262,
                        45.45889753471
                    ],
                    [
                        -73.63893743989,
                        45.45886769109
                    ]
                ]
            }
        },
        {
            "type": "Feature",
            "properties": {
                "highway": "footway",
                "level": "1"
            },
            "geometry": {
                "type": "LineString",
                "coordinates": [
                    [
                        -73.63804919026,
                        45.45906827047
                    ],
                    [
                        -73.63804372153,
                        45.45906608478
                    ],
                    [
                        -73.63803070987,
                        45.45906088440
                    ]
                ]
            }
        },
        {
            "type": "Feature",
            "properties": {
                "highway": "footway",
                "level": "1"
            },
            "geometry": {
                "type": "LineString",
                "coordinates": [
                    [
                        -73.63842812414,
                        45.45908020409
                    ],
                    [
                        -73.63837268298,
                        45.45905804589
                    ],
                    [
                        -73.63840618213,
                        45.45901680896
                    ],
                    [
                        -73.63843110906,
                        45.45898612428
                    ],
                    [
                        -73.63844560452,
                        45.45896828058
                    ],
                    [
                        -73.63845111515,
                        45.45896149707
                    ],
                    [
                        -73.63846008352,
                        45.45895045713
                    ]
                ]
            }
        },
        {
            "type": "Feature",
            "properties": {
                "ref": "VL-128",
                "level": "1"
            },
            "geometry": {
                "type": "Point",
                "coordinates": [
                    -73.63828857380,
                    45.45893556935
                ]
            }
        },
        {
            "type": "Feature",
            "properties": {
                "highway": "footway",
                "level": "2"
            },
            "geometry": {
                "type": "LineString",
                "coordinates": [
                    [
                        -73.63845430251,
                        45.45871113643
                    ],
                    [
                        -73.63845994232,
                        45.45870432842
                    ],
                    [
                        -73.63847828960,
                        45.45868219856
                    ]
                ]
            }
        },
        {
            "type": "Feature",
            "properties": {
                "indoor": "room",
                "ref": "VL-127.1",
                "level": "1"
            },
            "geometry": {
                "type": "Polygon",
                "coordinates": [
                    [
                        [
                            -73.63841807807,
                            45.45891143993
                        ],
                        [
                            -73.63843278547,
                            45.45891736461
                        ],
                        [
                            -73.63843416453,
                            45.45891792015
                        ],
                        [
                            -73.63844002243,
                            45.45892027992
                        ],
                        [
                            -73.63842916241,
                            45.45893354343
                        ],
                        [
                            -73.63842039077,
                            45.45893000990
                        ],
                        [
                            -73.63841390108,
                            45.45892739561
                        ],
                        [
                            -73.63840721805,
                            45.45892470344
                        ],
                        [
                            -73.63841807807,
                            45.45891143993
                        ]
                    ]
                ]
            }
        },
        {
            "type": "Feature",
            "properties": {
                "level": "3",
                "ref": "VL-301.13",
                "indoor": "room"
            },
            "geometry": {
                "type": "Polygon",
                "coordinates": [
                    [
                        [
                            -73.63838147644,
                            45.45903230813
                        ],
                        [
                            -73.63836004635,
                            45.45902372767
                        ],
                        [
                            -73.63834814398,
                            45.45903835290
                        ],
                        [
                            -73.63836974644,
                            45.45904704906
                        ],
                        [
                            -73.63837760738,
                            45.45903717033
                        ],
                        [
                            -73.63838147644,
                            45.45903230813
                        ]
                    ]
                ]
            }
        },
        {
            "type": "Feature",
            "properties": {
                "level": "1",
                "ref": "VE-103"
            },
            "geometry": {
                "type": "Point",
                "coordinates": [
                    -73.63895519885,
                    45.45887847241
                ]
            }
        },
        {
            "type": "Feature",
            "properties": {
                "indoor": "room",
                "ref": "VL-130",
                "level": "1"
            },
            "geometry": {
                "type": "Polygon",
                "coordinates": [
                    [
                        [
                            -73.63828345113,
                            45.45888704032
                        ],
                        [
                            -73.63831009676,
                            45.45889777416
                        ],
                        [
                            -73.63831916939,
                            45.45890142895
                        ],
                        [
                            -73.63830603047,
                            45.45891747572
                        ],
                        [
                            -73.63827031221,
                            45.45890308709
                        ],
                        [
                            -73.63828345113,
                            45.45888704032
                        ]
                    ]
                ]
            }
        },
        {
            "type": "Feature",
            "properties": {
                "highway": "footway",
                "level": "3"
            },
            "geometry": {
                "type": "LineString",
                "coordinates": [
                    [
                        -73.63848222200,
                        45.45898700635
                    ],
                    [
                        -73.63849945299,
                        45.45899371501
                    ],
                    [
                        -73.63851229158,
                        45.45899856819
                    ]
                ]
            }
        },
        {
            "type": "Feature",
            "properties": {
                "door": "staircase"
            },
            "geometry": {
                "type": "Point",
                "coordinates": [
                    -73.63842189799,
                    45.45897915354
                ]
            }
        },
        {
            "type": "Feature",
            "properties": {
                "door": "hinged"
            },
            "geometry": {
                "type": "Point",
                "coordinates": [
                    -73.63804372153,
                    45.45906608478
                ]
            }
        },
        {
            "type": "Feature",
            "properties": {
                "ref": "VL-127.1",
                "level": "1"
            },
            "geometry": {
                "type": "Point",
                "coordinates": [
                    -73.63842411508,
                    45.45892196466
                ]
            }
        },
        {
            "type": "Feature",
            "properties": {
                "ref": "VL-102.4",
                "indoor": "room",
                "level": "1"
            },
            "geometry": {
                "type": "Polygon",
                "coordinates": [
                    [
                        [
                            -73.63812653729,
                            45.45897352097
                        ],
                        [
                            -73.63815030764,
                            45.45898309653
                        ],
                        [
                            -73.63814221572,
                            45.45899297931
                        ],
                        [
                            -73.63813551846,
                            45.45900115877
                        ],
                        [
                            -73.63812313812,
                            45.45899617153
                        ],
                        [
                            -73.63811174811,
                            45.45899158322
                        ],
                        [
                            -73.63812653729,
                            45.45897352097
                        ]
                    ]
                ]
            }
        },
        {
            "type": "Feature",
            "properties": {
                "door": "hinged"
            },
            "geometry": {
                "type": "Point",
                "coordinates": [
                    -73.63860003953,
                    45.45876039814
                ]
            }
        },
        {
            "type": "Feature",
            "properties": {
                "door": "hinged"
            },
            "geometry": {
                "type": "Point",
                "coordinates": [
                    -73.63839752362,
                    45.45890315985
                ]
            }
        },
        {
            "type": "Feature",
            "properties": {
                "ref": "VL-101.5",
                "indoor": "room",
                "level": "1"
            },
            "geometry": {
                "type": "Polygon",
                "coordinates": [
                    [
                        [
                            -73.63800952499,
                            45.45906280771
                        ],
                        [
                            -73.63803725752,
                            45.45907397936
                        ],
                        [
                            -73.63803365817,
                            45.45907837529
                        ],
                        [
                            -73.63802986266,
                            45.45908301079
                        ],
                        [
                            -73.63801533649,
                            45.45907715913
                        ],
                        [
                            -73.63800213014,
                            45.45907183914
                        ],
                        [
                            -73.63800952499,
                            45.45906280771
                        ]
                    ]
                ]
            }
        },
        {
            "type": "Feature",
            "properties": {
                "door": "hinged"
            },
            "geometry": {
                "type": "Point",
                "coordinates": [
                    -73.63883870201,
                    45.45885591553
                ]
            }
        },
        {
            "type": "Feature",
            "properties": {
                "indoor": "room",
                "level": "2",
                "ref": "VE-216.1"
            },
            "geometry": {
                "type": "Polygon",
                "coordinates": [
                    [
                        [
                            -73.63890679169,
                            45.45880837545
                        ],
                        [
                            -73.63888628368,
                            45.45883358610
                        ],
                        [
                            -73.63887580260,
                            45.45884647053
                        ],
                        [
                            -73.63888994867,
                            45.45885213206
                        ],
                        [
                            -73.63889344286,
                            45.45884783738
                        ],
                        [
                            -73.63890592054,
                            45.45885283119
                        ],
                        [
                            -73.63892220179,
                            45.45885934689
                        ],
                        [
                            -73.63893010973,
                            45.45884962561
                        ],
                        [
                            -73.63894458549,
                            45.45883183047
                        ],
                        [
                            -73.63894969692,
                            45.45882554696
                        ],
                        [
                            -73.63892093776,
                            45.45881403699
                        ],
                        [
                            -73.63890679169,
                            45.45880837545
                        ]
                    ]
                ]
            }
        },
        {
            "type": "Feature",
            "properties": {
                "door": "hinged"
            },
            "geometry": {
                "type": "Point",
                "coordinates": [
                    -73.63837926417,
                    45.45892563699
                ]
            }
        },
        {
            "type": "Feature",
            "properties": {
                "ref": "VL-203.3",
                "indoor": "room",
                "level": "2"
            },
            "geometry": {
                "type": "Polygon",
                "coordinates": [
                    [
                        [
                            -73.63843467413,
                            45.45903238536
                        ],
                        [
                            -73.63842555456,
                            45.45904347543
                        ],
                        [
                            -73.63842525215,
                            45.45904384317
                        ],
                        [
                            -73.63842281909,
                            45.45904680201
                        ],
                        [
                            -73.63842181972,
                            45.45904801733
                        ],
                        [
                            -73.63841064814,
                            45.45906160272
                        ],
                        [
                            -73.63841671586,
                            45.45906405754
                        ],
                        [
                            -73.63842797949,
                            45.45906861449
                        ],
                        [
                            -73.63843153412,
                            45.45907005259
                        ],
                        [
                            -73.63844644054,
                            45.45905192530
                        ],
                        [
                            -73.63844212347,
                            45.45905017874
                        ],
                        [
                            -73.63845124304,
                            45.45903908867
                        ],
                        [
                            -73.63844297002,
                            45.45903570608
                        ],
                        [
                            -73.63843467413,
                            45.45903238536
                        ]
                    ]
                ]
            }
        },
        {
            "type": "Feature",
            "properties": {
                "level": "2",
                "ref": "VL-240"
            },
            "geometry": {
                "type": "Point",
                "coordinates": [
                    -73.63838545770,
                    45.45919422183
                ]
            }
        },
        {
            "type": "Feature",
            "properties": {
                "ref": "VL-102.3",
                "indoor": "room",
                "level": "1"
            },
            "geometry": {
                "type": "Polygon",
                "coordinates": [
                    [
                        [
                            -73.63815030764,
                            45.45898309653
                        ],
                        [
                            -73.63814221572,
                            45.45899297931
                        ],
                        [
                            -73.63813551846,
                            45.45900115877
                        ],
                        [
                            -73.63814382997,
                            45.45900450695
                        ],
                        [
                            -73.63815417201,
                            45.45900867309
                        ],
                        [
                            -73.63813786528,
                            45.45902858873
                        ],
                        [
                            -73.63816018942,
                            45.45903758169
                        ],
                        [
                            -73.63817649615,
                            45.45901766606
                        ],
                        [
                            -73.63816910016,
                            45.45901468669
                        ],
                        [
                            -73.63816374659,
                            45.45901253008
                        ],
                        [
                            -73.63817000344,
                            45.45900488830
                        ],
                        [
                            -73.63817853565,
                            45.45899446779
                        ],
                        [
                            -73.63815853161,
                            45.45898640944
                        ],
                        [
                            -73.63815030764,
                            45.45898309653
                        ]
                    ]
                ]
            }
        },
        {
            "type": "Feature",
            "properties": {
                "door": "hinged"
            },
            "geometry": {
                "type": "Point",
                "coordinates": [
                    -73.63843599372,
                    45.45879742413
                ]
            }
        },
        {
            "type": "Feature",
            "properties": {
                "door": "hinged"
            },
            "geometry": {
                "type": "Point",
                "coordinates": [
                    -73.63842637730,
                    45.45901278687
                ]
            }
        },
        {
            "type": "Feature",
            "properties": {
                "level": "3",
                "ref": "VL-301.24",
                "indoor": "room"
            },
            "geometry": {
                "type": "Polygon",
                "coordinates": [
                    [
                        [
                            -73.63827181511,
                            45.45900806064
                        ],
                        [
                            -73.63828437873,
                            45.45899262290
                        ],
                        [
                            -73.63825773583,
                            45.45898195526
                        ],
                        [
                            -73.63824517216,
                            45.45899739307
                        ],
                        [
                            -73.63826331157,
                            45.45900465590
                        ],
                        [
                            -73.63827181511,
                            45.45900806064
                        ]
                    ]
                ]
            }
        },
        {
            "type": "Feature",
            "properties": {
                "ref": "VL-121",
                "level": "1"
            },
            "geometry": {
                "type": "Point",
                "coordinates": [
                    -73.63848970358,
                    45.45893659663
                ]
            }
        },
        {
            "type": "Feature",
            "properties": {
                "indoor": "room",
                "amenity": "toilets",
                "ref": "VL-bath-W-2",
                "male": "no",
                "female": "yes",
                "level": "2"
            },
            "geometry": {
                "type": "Polygon",
                "coordinates": [
                    [
                        [
                            -73.63845056302,
                            45.45899736811
                        ],
                        [
                            -73.63844598684,
                            45.45900293309
                        ],
                        [
                            -73.63843735271,
                            45.45899943996
                        ],
                        [
                            -73.63842637730,
                            45.45901278687
                        ],
                        [
                            -73.63842328688,
                            45.45901654504
                        ],
                        [
                            -73.63845338995,
                            45.45902872389
                        ],
                        [
                            -73.63847203195,
                            45.45900605384
                        ],
                        [
                            -73.63845056302,
                            45.45899736811
                        ]
                    ]
                ]
            }
        },
        {
            "type": "Feature",
            "properties": {
                "level": "2",
                "ref": "VE-222"
            },
            "geometry": {
                "type": "Point",
                "coordinates": [
                    -73.63869714380,
                    45.45874264408
                ]
            }
        },
        {
            "type": "Feature",
            "properties": {
                "ref": "VL-301",
                "level": "3",
                "indoor": "room"
            },
            "geometry": {
                "type": "Polygon",
                "coordinates": [
                    [
                        [
                            -73.63833791019,
                            45.45908086574
                        ],
                        [
                            -73.63822124859,
                            45.45903410431
                        ],
                        [
                            -73.63815603313,
                            45.45911494401
                        ],
                        [
                            -73.63820002278,
                            45.45913213245
                        ],
                        [
                            -73.63819562935,
                            45.45913753094
                        ],
                        [
                            -73.63826831959,
                            45.45916663553
                        ],
                        [
                            -73.63833313332,
                            45.45908675319
                        ],
                        [
                            -73.63833791019,
                            45.45908086574
                        ]
                    ]
                ]
            }
        },
        {
            "type": "Feature",
            "properties": {
                "indoor": "room",
                "level": "2",
                "ref": "VE-210"
            },
            "geometry": {
                "type": "Polygon",
                "coordinates": [
                    [
                        [
                            -73.63880170989,
                            45.45886668006
                        ],
                        [
                            -73.63880452351,
                            45.45886780612
                        ],
                        [
                            -73.63881564369,
                            45.45887225663
                        ],
                        [
                            -73.63881240661,
                            45.45887623598
                        ],
                        [
                            -73.63880287350,
                            45.45888795509
                        ],
                        [
                            -73.63878893970,
                            45.45888237852
                        ],
                        [
                            -73.63880170989,
                            45.45886668006
                        ]
                    ]
                ]
            }
        },
        {
            "type": "Feature",
            "properties": {
                "door": "hinged"
            },
            "geometry": {
                "type": "Point",
                "coordinates": [
                    -73.63832782324,
                    45.45902048163
                ]
            }
        },
        {
            "type": "Feature",
            "properties": {
                "ref": "VL-128",
                "indoor": "room",
                "level": "1"
            },
            "geometry": {
                "type": "Polygon",
                "coordinates": [
                    [
                        [
                            -73.63831916939,
                            45.45890142895
                        ],
                        [
                            -73.63830603047,
                            45.45891747572
                        ],
                        [
                            -73.63827031221,
                            45.45890308709
                        ],
                        [
                            -73.63823799998,
                            45.45894255053
                        ],
                        [
                            -73.63830826892,
                            45.45897085715
                        ],
                        [
                            -73.63835372010,
                            45.45891534691
                        ],
                        [
                            -73.63833545807,
                            45.45890799063
                        ],
                        [
                            -73.63831916939,
                            45.45890142895
                        ]
                    ]
                ]
            }
        },
        {
            "type": "Feature",
            "properties": {
                "highway": "footway",
                "level": "2"
            },
            "geometry": {
                "type": "LineString",
                "coordinates": [
                    [
                        -73.63883126995,
                        45.45886487983
                    ],
                    [
                        -73.63883870201,
                        45.45885591553
                    ],
                    [
                        -73.63884619097,
                        45.45884688263
                    ]
                ]
            }
        },
        {
            "type": "Feature",
            "properties": {
                "indoor": "room",
                "amenity": "toilets",
                "male": "no",
                "female": "yes",
                "ref": "VL-bath-W-1",
                "level": "1"
            },
            "geometry": {
                "type": "Polygon",
                "coordinates": [
                    [
                        [
                            -73.63845033563,
                            45.45899716559
                        ],
                        [
                            -73.63844577730,
                            45.45900273275
                        ],
                        [
                            -73.63843713977,
                            45.45899925325
                        ],
                        [
                            -73.63842652504,
                            45.45901221717
                        ],
                        [
                            -73.63842312880,
                            45.45901636504
                        ],
                        [
                            -73.63845324369,
                            45.45902849640
                        ],
                        [
                            -73.63847181299,
                            45.45900581745
                        ],
                        [
                            -73.63845033563,
                            45.45899716559
                        ]
                    ]
                ]
            }
        },
        {
            "type": "Feature",
            "properties": {
                "ref": "VL-stair-1-7",
                "access": "emergency",
                "highway": "steps",
                "level": "1"
            },
            "geometry": {
                "type": "Point",
                "coordinates": [
                    -73.63826699162,
                    45.45887353288
                ]
            }
        },
        {
            "type": "Feature",
            "properties": {
                "level": "3",
                "ref": "VL-301.23"
            },
            "geometry": {
                "type": "Point",
                "coordinates": [
                    -73.63829351889,
                    45.45900712569
                ]
            }
        },
        {
            "type": "Feature",
            "properties": {
                "level": "1;2;3",
                "ref": "VL-stair-1-2",
                "stairs": "yes",
                "indoor": "room"
            },
            "geometry": {
                "type": "Polygon",
                "coordinates": [
                    [
                        [
                            -73.63820480890,
                            45.45895085132
                        ],
                        [
                            -73.63818622715,
                            45.45897354549
                        ],
                        [
                            -73.63816509735,
                            45.45896503364
                        ],
                        [
                            -73.63815030764,
                            45.45898309653
                        ],
                        [
                            -73.63815853161,
                            45.45898640944
                        ],
                        [
                            -73.63818619850,
                            45.45899755466
                        ],
                        [
                            -73.63819128534,
                            45.45899960382
                        ],
                        [
                            -73.63819995743,
                            45.45898901246
                        ],
                        [
                            -73.63822343289,
                            45.45896034154
                        ],
                        [
                            -73.63822465679,
                            45.45895884677
                        ],
                        [
                            -73.63820480890,
                            45.45895085132
                        ]
                    ]
                ]
            }
        },
        {
            "type": "Feature",
            "properties": {
                "door": "hinged"
            },
            "geometry": {
                "type": "Point",
                "coordinates": [
                    -73.63835834438,
                    45.45909816692
                ]
            }
        },
        {
            "type": "Feature",
            "properties": {
                "amenity": "drinking_water",
                "ref": "VL-water-1",
                "level": "1",
                "name": "Water Fountain",
                "indoor": "yes"
            },
            "geometry": {
                "type": "Point",
                "coordinates": [
                    -73.63844885716,
                    45.45899295500
                ]
            }
        },
        {
            "type": "Feature",
            "properties": {
                "level": "2",
                "ref": "VE-206"
            },
            "geometry": {
                "type": "Point",
                "coordinates": [
                    -73.63852912958,
                    45.45883394638
                ]
            }
        },
        {
            "type": "Feature",
            "properties": {
                "highway": "footway",
                "level": "1"
            },
            "geometry": {
                "type": "LineString",
                "coordinates": [
                    [
                        -73.63893550000,
                        45.45905710000
                    ],
                    [
                        -73.63889264258,
                        45.45910309209
                    ],
                    [
                        -73.63879297257,
                        45.45906353753
                    ],
                    [
                        -73.63867777170,
                        45.45920501417
                    ],
                    [
                        -73.63844543132,
                        45.45911540257
                    ],
                    [
                        -73.63846277486,
                        45.45909405297
                    ]
                ]
            }
        },
        {
            "type": "Feature",
            "properties": {
                "highway": "footway",
                "level": "3"
            },
            "geometry": {
                "type": "LineString",
                "coordinates": [
                    [
                        -73.63846289664,
                        45.45901142703
                    ],
                    [
                        -73.63847950132,
                        45.45901789184
                    ],
                    [
                        -73.63848407343,
                        45.45901967193
                    ]
                ]
            }
        },
        {
            "type": "Feature",
            "properties": {
                "level": "1;2",
                "ref": "VE-stair-1-1"
            },
            "geometry": {
                "type": "Point",
                "coordinates": [
                    -73.63893743989,
                    45.45886769109
                ]
            }
        },
        {
            "type": "Feature",
            "properties": {
                "indoor": "room",
                "level": "2",
                "ref": "VE-223"
            },
            "geometry": {
                "type": "Polygon",
                "coordinates": [
                    [
                        [
                            -73.63869776688,
                            45.45872471957
                        ],
                        [
                            -73.63867786157,
                            45.45874918935
                        ],
                        [
                            -73.63866786232,
                            45.45876148150
                        ],
                        [
                            -73.63865867210,
                            45.45875780338
                        ],
                        [
                            -73.63865266138,
                            45.45875539778
                        ],
                        [
                            -73.63866266062,
                            45.45874310562
                        ],
                        [
                            -73.63863669051,
                            45.45873271186
                        ],
                        [
                            -73.63865659583,
                            45.45870824208
                        ],
                        [
                            -73.63869776688,
                            45.45872471957
                        ]
                    ]
                ]
            }
        },
        {
            "type": "Feature",
            "properties": {
                "door": "hinged"
            },
            "geometry": {
                "type": "Point",
                "coordinates": [
                    -73.63843615831,
                    45.45906655287
                ]
            }
        },
        {
            "type": "Feature",
            "properties": {
                "door": "hinged"
            },
            "geometry": {
                "type": "Point",
                "coordinates": [
                    -73.63847546378,
                    45.45904888769
                ]
            }
        },
        {
            "type": "Feature",
            "properties": {
                "door": "hinged"
            },
            "geometry": {
                "type": "Point",
                "coordinates": [
                    -73.63878586695,
                    45.45896115774
                ]
            }
        },
        {
            "type": "Feature",
            "properties": {
                "level": "3",
                "indoor": "room"
            },
            "geometry": {
                "type": "Polygon",
                "coordinates": [
                    [
                        [
                            -73.63834519834,
                            45.45915378782
                        ],
                        [
                            -73.63838925979,
                            45.45917137897
                        ],
                        [
                            -73.63837007155,
                            45.45919495674
                        ],
                        [
                            -73.63839308428,
                            45.45920393241
                        ],
                        [
                            -73.63841141138,
                            45.45918191488
                        ],
                        [
                            -73.63842177317,
                            45.45918606365
                        ],
                        [
                            -73.63841632172,
                            45.45919330706
                        ],
                        [
                            -73.63842500963,
                            45.45919678562
                        ],
                        [
                            -73.63847923160,
                            45.45913015972
                        ],
                        [
                            -73.63845073855,
                            45.45911846305
                        ],
                        [
                            -73.63847123369,
                            45.45909327937
                        ],
                        [
                            -73.63842820252,
                            45.45907636376
                        ],
                        [
                            -73.63842041340,
                            45.45908583985
                        ],
                        [
                            -73.63840549555,
                            45.45908016816
                        ],
                        [
                            -73.63838354495,
                            45.45910696867
                        ],
                        [
                            -73.63834519834,
                            45.45915378782
                        ]
                    ]
                ]
            }
        },
        {
            "type": "Feature",
            "properties": {
                "door": "hinged"
            },
            "geometry": {
                "type": "Point",
                "coordinates": [
                    -73.63810707994,
                    45.45914420614
                ]
            }
        },
        {
            "type": "Feature",
            "properties": {
                "level": "3",
                "ref": "VL-301.11"
            },
            "geometry": {
                "type": "Point",
                "coordinates": [
                    -73.63844514442,
                    45.45907005149
                ]
            }
        },
        {
            "type": "Feature",
            "properties": {
                "highway": "footway",
                "level": "2"
            },
            "geometry": {
                "type": "LineString",
                "coordinates": [
                    [
                        -73.63845430251,
                        45.45871113643
                    ],
                    [
                        -73.63847854047,
                        45.45872102172
                    ],
                    [
                        -73.63848893968,
                        45.45872526296
                    ],
                    [
                        -73.63850529914,
                        45.45873193505
                    ],
                    [
                        -73.63854279266,
                        45.45874722653
                    ],
                    [
                        -73.63857292121,
                        45.45875951424
                    ],
                    [
                        -73.63858616613,
                        45.45876491609
                    ],
                    [
                        -73.63859373466,
                        45.45876800286
                    ],
                    [
                        -73.63860566963,
                        45.45877287045
                    ],
                    [
                        -73.63861629471,
                        45.45877720381
                    ],
                    [
                        -73.63864496777,
                        45.45878889791
                    ],
                    [
                        -73.63866489265,
                        45.45879702412
                    ],
                    [
                        -73.63867087541,
                        45.45879946415
                    ],
                    [
                        -73.63871133794,
                        45.45881596648
                    ],
                    [
                        -73.63876257102,
                        45.45883686151
                    ],
                    [
                        -73.63878644098,
                        45.45884659668
                    ],
                    [
                        -73.63881309513,
                        45.45885746737
                    ],
                    [
                        -73.63883126995,
                        45.45886487983
                    ],
                    [
                        -73.63886212997,
                        45.45887746584
                    ],
                    [
                        -73.63887959207,
                        45.45888458762
                    ],
                    [
                        -73.63891222262,
                        45.45889753471
                    ]
                ]
            }
        },
        {
            "type": "Feature",
            "properties": {
                "door": "hinged"
            },
            "geometry": {
                "type": "Point",
                "coordinates": [
                    -73.63844297002,
                    45.45903570608
                ]
            }
        },
        {
            "type": "Feature",
            "properties": {
                "highway": "footway",
                "level": "1"
            },
            "geometry": {
                "type": "LineString",
                "coordinates": [
                    [
                        -73.63848970358,
                        45.45893659663
                    ],
                    [
                        -73.63848288894,
                        45.45893387301
                    ],
                    [
                        -73.63847622758,
                        45.45894188471
                    ],
                    [
                        -73.63846974916,
                        45.45894989325
                    ],
                    [
                        -73.63846688615,
                        45.45895338388
                    ],
                    [
                        -73.63846008352,
                        45.45895045713
                    ],
                    [
                        -73.63843319289,
                        45.45893998560
                    ],
                    [
                        -73.63841742006,
                        45.45893368788
                    ],
                    [
                        -73.63841088537,
                        45.45893107874
                    ],
                    [
                        -73.63838365348,
                        45.45892023382
                    ],
                    [
                        -73.63836279824,
                        45.45891200424
                    ],
                    [
                        -73.63833972278,
                        45.45890274095
                    ],
                    [
                        -73.63831430000,
                        45.45889253537
                    ],
                    [
                        -73.63827157453,
                        45.45887538388
                    ],
                    [
                        -73.63826699162,
                        45.45887353288
                    ]
                ]
            }
        },
        {
            "type": "Feature",
            "properties": {
                "door": "hinged"
            },
            "geometry": {
                "type": "Point",
                "coordinates": [
                    -73.63837677346,
                    45.45889480092
                ]
            }
        },
        {
            "type": "Feature",
            "properties": {
                "door": "hinged"
            },
            "geometry": {
                "type": "Point",
                "coordinates": [
                    -73.63842383651,
                    45.45880378808
                ]
            }
        },
        {
            "type": "Feature",
            "properties": {
                "door": "hinged"
            },
            "geometry": {
                "type": "Point",
                "coordinates": [
                    -73.63807523574,
                    45.45902759606
                ]
            }
        },
        {
            "type": "Feature",
            "properties": {
                "indoor": "room",
                "ref": "VL-202.30",
                "level": "2"
            },
            "geometry": {
                "type": "Polygon",
                "coordinates": [
                    [
                        [
                            -73.63823073426,
                            45.45895155289
                        ],
                        [
                            -73.63825192077,
                            45.45896012437
                        ],
                        [
                            -73.63825511677,
                            45.45896141738
                        ],
                        [
                            -73.63822694468,
                            45.45899567674
                        ],
                        [
                            -73.63820256216,
                            45.45898581227
                        ],
                        [
                            -73.63822483327,
                            45.45895872893
                        ],
                        [
                            -73.63823073426,
                            45.45895155289
                        ]
                    ]
                ]
            }
        },
        {
            "type": "Feature",
            "properties": {
                "level": "3",
                "ref": "VL-301"
            },
            "geometry": {
                "type": "Point",
                "coordinates": [
                    -73.63824940067,
                    45.45909578488
                ]
            }
        },
        {
            "type": "Feature",
            "properties": {
                "highway": "footway",
                "level": "2"
            },
            "geometry": {
                "type": "LineString",
                "coordinates": [
                    [
                        -73.63881776040,
                        45.45893111237
                    ],
                    [
                        -73.63881352839,
                        45.45892938636
                    ],
                    [
                        -73.63881216451,
                        45.45892883004
                    ],
                    [
                        -73.63879185125,
                        45.45892054430
                    ]
                ]
            }
        },
        {
            "type": "Feature",
            "properties": {
                "ref": "VL-106.2",
                "indoor": "room",
                "level": "1"
            },
            "geometry": {
                "type": "Polygon",
                "coordinates": [
                    [
                        [
                            -73.63846120606,
                            45.45904531337
                        ],
                        [
                            -73.63846832628,
                            45.45904818165
                        ],
                        [
                            -73.63848426561,
                            45.45905460258
                        ],
                        [
                            -73.63847179670,
                            45.45906983103
                        ],
                        [
                            -73.63844873714,
                            45.45906054182
                        ],
                        [
                            -73.63845579324,
                            45.45905192411
                        ],
                        [
                            -73.63846120606,
                            45.45904531337
                        ]
                    ]
                ]
            }
        },
        {
            "type": "Feature",
            "properties": {
                "highway": "footway",
                "level": "3"
            },
            "geometry": {
                "type": "LineString",
                "coordinates": [
                    [
                        -73.63829487496,
                        45.45904638729
                    ],
                    [
                        -73.63831756709,
                        45.45901648854
                    ],
                    [
                        -73.63833144959,
                        45.45899894578
                    ],
                    [
                        -73.63834091304,
                        45.45898698721
                    ]
                ]
            }
        },
        {
            "type": "Feature",
            "properties": {
                "door": "hinged"
            },
            "geometry": {
                "type": "Point",
                "coordinates": [
                    -73.63867812192,
                    45.45876558759
                ]
            }
        },
        {
            "type": "Feature",
            "properties": {
                "ref": "VL-201",
                "indoor": "room",
                "level": "2"
            },
            "geometry": {
                "type": "Polygon",
                "coordinates": [
                    [
                        [
                            -73.63841671586,
                            45.45906405754
                        ],
                        [
                            -73.63841328320,
                            45.45906823190
                        ],
                        [
                            -73.63840446708,
                            45.45907895295
                        ],
                        [
                            -73.63840177478,
                            45.45908222638
                        ],
                        [
                            -73.63837902228,
                            45.45907302137
                        ],
                        [
                            -73.63835834438,
                            45.45909816692
                        ],
                        [
                            -73.63835670848,
                            45.45910015629
                        ],
                        [
                            -73.63835227751,
                            45.45910554466
                        ],
                        [
                            -73.63834827566,
                            45.45911387743
                        ],
                        [
                            -73.63834911139,
                            45.45912232514
                        ],
                        [
                            -73.63835441862,
                            45.45912993105
                        ],
                        [
                            -73.63836383124,
                            45.45913573840
                        ],
                        [
                            -73.63837039437,
                            45.45913839365
                        ],
                        [
                            -73.63837708655,
                            45.45914110111
                        ],
                        [
                            -73.63837928204,
                            45.45914198934
                        ],
                        [
                            -73.63839465106,
                            45.45914820720
                        ],
                        [
                            -73.63840438677,
                            45.45915214598
                        ],
                        [
                            -73.63841590321,
                            45.45913814117
                        ],
                        [
                            -73.63842013327,
                            45.45913299712
                        ],
                        [
                            -73.63842456423,
                            45.45912760876
                        ],
                        [
                            -73.63843113130,
                            45.45911962273
                        ],
                        [
                            -73.63844687780,
                            45.45910047386
                        ],
                        [
                            -73.63845838591,
                            45.45908647916
                        ],
                        [
                            -73.63842810147,
                            45.45907422695
                        ],
                        [
                            -73.63843153412,
                            45.45907005259
                        ],
                        [
                            -73.63842797949,
                            45.45906861449
                        ],
                        [
                            -73.63841671586,
                            45.45906405754
                        ]
                    ]
                ]
            }
        },
        {
            "type": "Feature",
            "properties": {
                "door": "hinged"
            },
            "geometry": {
                "type": "Point",
                "coordinates": [
                    -73.63843614214,
                    45.45893635512
                ]
            }
        },
        {
            "type": "Feature",
            "properties": {
                "ref": "VL-stair-1-8",
                "stairs": "yes",
                "level": "1;2",
                "indoor": "room"
            },
            "geometry": {
                "type": "Polygon",
                "coordinates": [
                    [
                        [
                            -73.63846756952,
                            45.45896208809
                        ],
                        [
                            -73.63848998078,
                            45.45897111615
                        ],
                        [
                            -73.63848287472,
                            45.45897979489
                        ],
                        [
                            -73.63846046858,
                            45.45897076144
                        ],
                        [
                            -73.63846382534,
                            45.45896666091
                        ],
                        [
                            -73.63846756952,
                            45.45896208809
                        ]
                    ]
                ]
            }
        },
        {
            "type": "Feature",
            "properties": {
                "ref": "VL-126",
                "level": "1"
            },
            "geometry": {
                "type": "Point",
                "coordinates": [
                    -73.63836314034,
                    45.45895678591
                ]
            }
        },
        {
            "type": "Feature",
            "properties": {
                "level": "3",
                "indoor": "room",
                "ref": "VL-301.22"
            },
            "geometry": {
                "type": "Polygon",
                "coordinates": [
                    [
                        [
                            -73.63832581106,
                            45.45898774914
                        ],
                        [
                            -73.63829888602,
                            45.45897715543
                        ],
                        [
                            -73.63828665303,
                            45.45899218692
                        ],
                        [
                            -73.63831329588,
                            45.45900285453
                        ],
                        [
                            -73.63832017218,
                            45.45899455507
                        ],
                        [
                            -73.63832581106,
                            45.45898774914
                        ]
                    ]
                ]
            }
        },
        {
            "type": "Feature",
            "properties": {
                "entrance": "main"
            },
            "geometry": {
                "type": "Point",
                "coordinates": [
                    -73.63893550000,
                    45.45905710000
                ]
            }
        },
        {
            "type": "Feature",
            "properties": {
                "door": "hinged"
            },
            "geometry": {
                "type": "Point",
                "coordinates": [
                    -73.63851167732,
                    45.45869877726
                ]
            }
        },
        {
            "type": "Feature",
            "properties": {
                "door": "hinged"
            },
            "geometry": {
                "type": "Point",
                "coordinates": [
                    -73.63821735147,
                    45.45898793111
                ]
            }
        },
        {
            "type": "Feature",
            "properties": {
                "door": "hinged"
            },
            "geometry": {
                "type": "Point",
                "coordinates": [
                    -73.63847570218,
                    45.45874861023
                ]
            }
        },
        {
            "type": "Feature",
            "properties": {
                "amenity": "library",
                "name": "Vanier Library (VL)",
                "note": "Valid student/faculty/staff Concordia ID card required 23:00-07:00 and on University holidays",
                "opening_hours": "Jan 05-12 Mo-Fr 09:00-21:00; Jan 05-12,May 05-Sep 01 Sa,Su 10:00-21:00; Jan 13-May 04,Sep 02-Dec 23 00:00-24:00; May 05-Sep 01 Mo-Th 09:00-22:00; May 05-Sep 01 Fr 09:00-21:00; May 19,Jun 24,Jul 01,Sep 01,Dec 24-Jan 04 off",
                "opening_hours:url": "https://library.concordia.ca/locations/vanier.php",
                "website": "https://library.concordia.ca/"
            },
            "geometry": {
                "type": "Point",
                "coordinates": [
                    -73.63841190000,
                    45.45906450000
                ]
            }
        },
        {
            "type": "Feature",
            "properties": {
                "highway": "footway",
                "level": "2"
            },
            "geometry": {
                "type": "LineString",
                "coordinates": [
                    [
                        -73.63825726123,
                        45.45895371293
                    ],
                    [
                        -73.63821875357,
                        45.45893811060
                    ],
                    [
                        -73.63821519669,
                        45.45893665141
                    ],
                    [
                        -73.63821294650,
                        45.45893953032
                    ]
                ]
            }
        },
        {
            "type": "Feature",
            "properties": {
                "door": "hinged"
            },
            "geometry": {
                "type": "Point",
                "coordinates": [
                    -73.63849945299,
                    45.45899371501
                ]
            }
        },
        {
            "type": "Feature",
            "properties": {
                "highway": "footway",
                "level": "3"
            },
            "geometry": {
                "type": "LineString",
                "coordinates": [
                    [
                        -73.63840422657,
                        45.45905412068
                    ],
                    [
                        -73.63843615831,
                        45.45906655287
                    ],
                    [
                        -73.63844514442,
                        45.45907005149
                    ]
                ]
            }
        },
        {
            "type": "Feature",
            "properties": {
                "ref": "VL-stair-1-8",
                "level": "1;2",
                "access": "emergency",
                "highway": "steps"
            },
            "geometry": {
                "type": "Point",
                "coordinates": [
                    -73.63847370389,
                    45.45897066651
                ]
            }
        },
        {
            "type": "Feature",
            "properties": {
                "highway": "footway",
                "level": "3"
            },
            "geometry": {
                "type": "LineString",
                "coordinates": [
                    [
                        -73.63829120145,
                        45.45896763265
                    ],
                    [
                        -73.63821875357,
                        45.45893811060
                    ],
                    [
                        -73.63821522776,
                        45.45893680534
                    ],
                    [
                        -73.63821294650,
                        45.45893953032
                    ]
                ]
            }
        },
        {
            "type": "Feature",
            "properties": {
                "ref": "VL-101.1",
                "level": "1"
            },
            "geometry": {
                "type": "Point",
                "coordinates": [
                    -73.63831760352,
                    45.45912961467
                ]
            }
        },
        {
            "type": "Feature",
            "properties": {
                "ref": "VL-101.7",
                "indoor": "room",
                "level": "1"
            },
            "geometry": {
                "type": "Polygon",
                "coordinates": [
                    [
                        [
                            -73.63803559633,
                            45.45903096645
                        ],
                        [
                            -73.63806332885,
                            45.45904213810
                        ],
                        [
                            -73.63805749244,
                            45.45904926618
                        ],
                        [
                            -73.63805024579,
                            45.45905811662
                        ],
                        [
                            -73.63802251326,
                            45.45904694497
                        ],
                        [
                            -73.63803559633,
                            45.45903096645
                        ]
                    ]
                ]
            }
        },
        {
            "type": "Feature",
            "properties": {
                "highway": "footway",
                "level": "2"
            },
            "geometry": {
                "type": "LineString",
                "coordinates": [
                    [
                        -73.63820501688,
                        45.45898959338
                    ],
                    [
                        -73.63820085530,
                        45.45898788793
                    ],
                    [
                        -73.63819946092,
                        45.45898731651
                    ],
                    [
                        -73.63819608851,
                        45.45898593448
                    ],
                    [
                        -73.63819125913,
                        45.45898395537
                    ]
                ]
            }
        },
        {
            "type": "Feature",
            "properties": {
                "level": "3",
                "ref": "VL-bath-W-3",
                "amenity": "toilets",
                "indoor": "room"
            },
            "geometry": {
                "type": "Polygon",
                "coordinates": [
                    [
                        [
                            -73.63846958602,
                            45.45902995078
                        ],
                        [
                            -73.63849369104,
                            45.45903926431
                        ],
                        [
                            -73.63851286711,
                            45.45901570143
                        ],
                        [
                            -73.63848912025,
                            45.45900619335
                        ],
                        [
                            -73.63847950132,
                            45.45901789184
                        ],
                        [
                            -73.63846958602,
                            45.45902995078
                        ]
                    ]
                ]
            }
        },
        {
            "type": "Feature",
            "properties": {
                "ref": "VL-203.2",
                "level": "2"
            },
            "geometry": {
                "type": "Point",
                "coordinates": [
                    -73.63841973197,
                    45.45903750884
                ]
            }
        },
        {
            "type": "Feature",
            "properties": {
                "indoor": "room",
                "level": "2",
                "ref": "VE-220"
            },
            "geometry": {
                "type": "Polygon",
                "coordinates": [
                    [
                        [
                            -73.63878222038,
                            45.45875851955
                        ],
                        [
                            -73.63875400298,
                            45.45879320869
                        ],
                        [
                            -73.63880552044,
                            45.45881382699
                        ],
                        [
                            -73.63880275023,
                            45.45881723355
                        ],
                        [
                            -73.63878784174,
                            45.45883556066
                        ],
                        [
                            -73.63879366007,
                            45.45883788927
                        ],
                        [
                            -73.63881085462,
                            45.45884477085
                        ],
                        [
                            -73.63882576311,
                            45.45882644375
                        ],
                        [
                            -73.63887580260,
                            45.45884647053
                        ],
                        [
                            -73.63888628368,
                            45.45883358610
                        ],
                        [
                            -73.63883624453,
                            45.45881355946
                        ],
                        [
                            -73.63884623844,
                            45.45880127387
                        ],
                        [
                            -73.63885675255,
                            45.45878834880
                        ],
                        [
                            -73.63878222038,
                            45.45875851955
                        ]
                    ]
                ]
            }
        },
        {
            "type": "Feature",
            "properties": {
                "level": "3",
                "indoor": "room"
            },
            "geometry": {
                "type": "Polygon",
                "coordinates": [
                    [
                        [
                            -73.63855348624,
                            45.45906299499
                        ],
                        [
                            -73.63851061823,
                            45.45904567546
                        ],
                        [
                            -73.63855520826,
                            45.45899134760
                        ],
                        [
                            -73.63859740069,
                            45.45900871302
                        ],
                        [
                            -73.63855348624,
                            45.45906299499
                        ]
                    ]
                ]
            }
        },
        {
            "type": "Feature",
            "properties": {
                "door": "staircase"
            },
            "geometry": {
                "type": "Point",
                "coordinates": [
                    -73.63893020170,
                    45.45887614230
                ]
            }
        },
        {
            "type": "Feature",
            "properties": {
                "highway": "footway",
                "level": "1"
            },
            "geometry": {
                "type": "LineString",
                "coordinates": [
                    [
                        -73.63828575825,
                        45.45914244339
                    ],
                    [
                        -73.63828980149,
                        45.45914410979
                    ],
                    [
                        -73.63830180824,
                        45.45914905837
                    ],
                    [
                        -73.63829654315,
                        45.45915553961
                    ]
                ]
            }
        },
        {
            "type": "Feature",
            "properties": {
                "door": "hinged"
            },
            "geometry": {
                "type": "Point",
                "coordinates": [
                    -73.63824135461,
                    45.45895602655
                ]
            }
        },
        {
            "type": "Feature",
            "properties": {
                "door": "hinged"
            },
            "geometry": {
                "type": "Point",
                "coordinates": [
                    -73.63849325117,
                    45.45869140274
                ]
            }
        },
        {
            "type": "Feature",
            "properties": {
                "door": "hinged"
            },
            "geometry": {
                "type": "Point",
                "coordinates": [
                    -73.63844028707,
                    45.45890820278
                ]
            }
        },
        {
            "type": "Feature",
            "properties": {
                "highway": "footway",
                "level": "1"
            },
            "geometry": {
                "type": "LineString",
                "coordinates": [
                    [
                        -73.63801151856,
                        45.45909957614
                    ],
                    [
                        -73.63800868074,
                        45.45910355174
                    ],
                    [
                        -73.63800488475,
                        45.45910774225
                    ]
                ]
            }
        },
        {
            "type": "Feature",
            "properties": {
                "level": "2",
                "ref": "VE-203"
            },
            "geometry": {
                "type": "Point",
                "coordinates": [
                    -73.63845252920,
                    45.45880416893
                ]
            }
        },
        {
            "type": "Feature",
            "properties": {
                "highway": "footway",
                "level": "3"
            },
            "geometry": {
                "type": "LineString",
                "coordinates": [
                    [
                        -73.63844914974,
                        45.45902879843
                    ],
                    [
                        -73.63851393437,
                        45.45905402101
                    ],
                    [
                        -73.63852311016,
                        45.45905759027
                    ]
                ]
            }
        },
        {
            "type": "Feature",
            "properties": {
                "level": "2",
                "ref": "VE-218"
            },
            "geometry": {
                "type": "Point",
                "coordinates": [
                    -73.63872981795,
                    45.45879367655
                ]
            }
        },
        {
            "type": "Feature",
            "properties": {
                "highway": "footway",
                "level": "3"
            },
            "geometry": {
                "type": "LineString",
                "coordinates": [
                    [
                        -73.63835424157,
                        45.45900781953
                    ],
                    [
                        -73.63834189940,
                        45.45900301428
                    ],
                    [
                        -73.63833144959,
                        45.45899894578
                    ],
                    [
                        -73.63832146986,
                        45.45899506030
                    ],
                    [
                        -73.63832017218,
                        45.45899455507
                    ],
                    [
                        -73.63830542730,
                        45.45898881434
                    ]
                ]
            }
        },
        {
            "type": "Feature",
            "properties": {
                "door": "hinged"
            },
            "geometry": {
                "type": "Point",
                "coordinates": [
                    -73.63811634747,
                    45.45913288760
                ]
            }
        },
        {
            "type": "Feature",
            "properties": {
                "ref": "VL-101.6",
                "indoor": "room",
                "level": "1"
            },
            "geometry": {
                "type": "Polygon",
                "coordinates": [
                    [
                        [
                            -73.63802251326,
                            45.45904694497
                        ],
                        [
                            -73.63805024579,
                            45.45905811662
                        ],
                        [
                            -73.63804372153,
                            45.45906608478
                        ],
                        [
                            -73.63803725752,
                            45.45907397936
                        ],
                        [
                            -73.63800952499,
                            45.45906280771
                        ],
                        [
                            -73.63802251326,
                            45.45904694497
                        ]
                    ]
                ]
            }
        },
        {
            "type": "Feature",
            "properties": {
                "indoor": "room",
                "level": "2",
                "ref": "VE-211"
            },
            "geometry": {
                "type": "Polygon",
                "coordinates": [
                    [
                        [
                            -73.63881240661,
                            45.45887623598
                        ],
                        [
                            -73.63884449970,
                            45.45888908025
                        ],
                        [
                            -73.63883817891,
                            45.45889685042
                        ],
                        [
                            -73.63883159360,
                            45.45890494578
                        ],
                        [
                            -73.63879950051,
                            45.45889210152
                        ],
                        [
                            -73.63880287350,
                            45.45888795509
                        ],
                        [
                            -73.63881240661,
                            45.45887623598
                        ]
                    ]
                ]
            }
        },
        {
            "type": "Feature",
            "properties": {
                "door": "hinged"
            },
            "geometry": {
                "type": "Point",
                "coordinates": [
                    -73.63858980444,
                    45.45879200646
                ]
            }
        },
        {
            "type": "Feature",
            "properties": {
                "highway": "footway",
                "level": "2"
            },
            "geometry": {
                "type": "LineString",
                "coordinates": [
                    [
                        -73.63866361937,
                        45.45876640099
                    ],
                    [
                        -73.63865459567,
                        45.45876272023
                    ],
                    [
                        -73.63865867210,
                        45.45875780338
                    ],
                    [
                        -73.63867804043,
                        45.45873444199
                    ]
                ]
            }
        },
        {
            "type": "Feature",
            "properties": {
                "name": "Concordia Vanier Library",
                "building": "university"
            },
            "geometry": {
                "type": "LineString",
                "coordinates": [
                    [
                        -73.63867250000,
                        45.45930500000
                    ],
                    [
                        -73.63821880000,
                        45.45912540000
                    ],
                    [
                        -73.63814790000,
                        45.45921340000
                    ],
                    [
                        -73.63785290000,
                        45.45909650000
                    ],
                    [
                        -73.63800200000,
                        45.45891150000
                    ],
                    [
                        -73.63803690000,
                        45.45894910000
                    ],
                    [
                        -73.63804490000,
                        45.45890020000
                    ],
                    [
                        -73.63809220000,
                        45.45891840000
                    ],
                    [
                        -73.63812710000,
                        45.45887360000
                    ],
                    [
                        -73.63816950000,
                        45.45888990000
                    ],
                    [
                        -73.63819170000,
                        45.45886160000
                    ],
                    [
                        -73.63823530000,
                        45.45887840000
                    ],
                    [
                        -73.63845350000,
                        45.45859960000
                    ],
                    [
                        -73.63903180000,
                        45.45882230000
                    ],
                    [
                        -73.63899010000,
                        45.45887540000
                    ],
                    [
                        -73.63901540000,
                        45.45888520000
                    ],
                    [
                        -73.63889230000,
                        45.45904020000
                    ],
                    [
                        -73.63893550000,
                        45.45905710000
                    ],
                    [
                        -73.63900510000,
                        45.45908430000
                    ],
                    [
                        -73.63897010000,
                        45.45912820000
                    ],
                    [
                        -73.63901480000,
                        45.45914580000
                    ],
                    [
                        -73.63894870000,
                        45.45922820000
                    ],
                    [
                        -73.63878600000,
                        45.45916390000
                    ],
                    [
                        -73.63867250000,
                        45.45930500000
                    ]
                ]
            }
        },
        {
            "type": "Feature",
            "properties": {
                "highway": "footway",
                "level": "2"
            },
            "geometry": {
                "type": "LineString",
                "coordinates": [
                    [
                        -73.63858616613,
                        45.45876491609
                    ],
                    [
                        -73.63857020839,
                        45.45878416373
                    ],
                    [
                        -73.63856757903,
                        45.45878733518
                    ]
                ]
            }
        },
        {
            "type": "Feature",
            "properties": {
                "highway": "footway",
                "level": "1"
            },
            "geometry": {
                "type": "LineString",
                "coordinates": [
                    [
                        -73.63837268298,
                        45.45905804589
                    ],
                    [
                        -73.63835518653,
                        45.45907958373
                    ],
                    [
                        -73.63835206854,
                        45.45908342193
                    ],
                    [
                        -73.63833828883,
                        45.45907778319
                    ],
                    [
                        -73.63831327964,
                        45.45910856908
                    ],
                    [
                        -73.63830801407,
                        45.45911505013
                    ],
                    [
                        -73.63828575825,
                        45.45914244339
                    ],
                    [
                        -73.63827905862,
                        45.45915068953
                    ],
                    [
                        -73.63813814359,
                        45.45909437840
                    ],
                    [
                        -73.63810918558,
                        45.45913002521
                    ],
                    [
                        -73.63810392049,
                        45.45913650645
                    ],
                    [
                        -73.63802021194,
                        45.45910334940
                    ],
                    [
                        -73.63801151856,
                        45.45909957614
                    ]
                ]
            }
        },
        {
            "type": "Feature",
            "properties": {
                "indoor": "room",
                "level": "1;2",
                "ref": "VE-stair-1-1",
                "stairs": "yes"
            },
            "geometry": {
                "type": "Polygon",
                "coordinates": [
                    [
                        [
                            -73.63894276263,
                            45.45888138767
                        ],
                        [
                            -73.63893020170,
                            45.45887614230
                        ],
                        [
                            -73.63891397009,
                            45.45886946619
                        ],
                        [
                            -73.63893010973,
                            45.45884962561
                        ],
                        [
                            -73.63895927604,
                            45.45886193227
                        ],
                        [
                            -73.63895613062,
                            45.45886563806
                        ],
                        [
                            -73.63894276263,
                            45.45888138767
                        ]
                    ]
                ]
            }
        },
        {
            "type": "Feature",
            "properties": {
                "level": "2",
                "ref": "VE-220"
            },
            "geometry": {
                "type": "Point",
                "coordinates": [
                    -73.63882963270,
                    45.45879450041
                ]
            }
        },
        {
            "type": "Feature",
            "properties": {
                "door": "hinged"
            },
            "geometry": {
                "type": "Point",
                "coordinates": [
                    -73.63847335118,
                    45.45904204468
                ]
            }
        },
        {
            "type": "Feature",
            "properties": {
                "highway": "footway",
                "level": "2"
            },
            "geometry": {
                "type": "LineString",
                "coordinates": [
                    [
                        -73.63826406140,
                        45.45895651980
                    ],
                    [
                        -73.63825726123,
                        45.45895371293
                    ],
                    [
                        -73.63825192077,
                        45.45896012437
                    ],
                    [
                        -73.63823926769,
                        45.45897531492
                    ],
                    [
                        -73.63822908177,
                        45.45897114066
                    ]
                ]
            }
        },
        {
            "type": "Feature",
            "properties": {
                "indoor": "room",
                "level": "2",
                "ref": "VE-228"
            },
            "geometry": {
                "type": "Polygon",
                "coordinates": [
                    [
                        [
                            -73.63861457835,
                            45.45869142584
                        ],
                        [
                            -73.63865659583,
                            45.45870824208
                        ],
                        [
                            -73.63863669051,
                            45.45873271186
                        ],
                        [
                            -73.63861536447,
                            45.45872417675
                        ],
                        [
                            -73.63860549381,
                            45.45872022632
                        ],
                        [
                            -73.63859467303,
                            45.45871589562
                        ],
                        [
                            -73.63861457835,
                            45.45869142584
                        ]
                    ]
                ]
            }
        },
        {
            "type": "Feature",
            "properties": {
                "ref": "VL-127.5",
                "level": "1"
            },
            "geometry": {
                "type": "Point",
                "coordinates": [
                    -73.63833496586,
                    45.45887469442
                ]
            }
        },
        {
            "type": "Feature",
            "properties": {
                "highway": "footway",
                "level": "1"
            },
            "geometry": {
                "type": "LineString",
                "coordinates": [
                    [
                        -73.63844885716,
                        45.45899295500
                    ],
                    [
                        -73.63843110906,
                        45.45898612428
                    ],
                    [
                        -73.63841980577,
                        45.45898158039
                    ],
                    [
                        -73.63841957527,
                        45.45898148773
                    ],
                    [
                        -73.63841264512,
                        45.45897871795
                    ]
                ]
            }
        },
        {
            "type": "Feature",
            "properties": {
                "door": "hinged"
            },
            "geometry": {
                "type": "Point",
                "coordinates": [
                    -73.63845499242,
                    45.45877406890
                ]
            }
        },
        {
            "type": "Feature",
            "properties": {
                "indoor": "room",
                "level": "2",
                "ref": "VE-204"
            },
            "geometry": {
                "type": "Polygon",
                "coordinates": [
                    [
                        [
                            -73.63846464166,
                            45.45876220701
                        ],
                        [
                            -73.63849377803,
                            45.45877386796
                        ],
                        [
                            -73.63847426170,
                            45.45879785954
                        ],
                        [
                            -73.63844512533,
                            45.45878619859
                        ],
                        [
                            -73.63845499242,
                            45.45877406890
                        ],
                        [
                            -73.63846464166,
                            45.45876220701
                        ]
                    ]
                ]
            }
        },
        {
            "type": "Feature",
            "properties": {
                "level": "2",
                "ref": "VE-bath-W-2"
            },
            "geometry": {
                "type": "Point",
                "coordinates": [
                    -73.63852717477,
                    45.45870569070
                ]
            }
        },
        {
            "type": "Feature",
            "properties": {
                "ref": "VL-stair-1-5",
                "level": "1;2;3",
                "stairs": "yes",
                "indoor": "room"
            },
            "geometry": {
                "type": "Polygon",
                "coordinates": [
                    [
                        [
                            -73.63836321055,
                            45.45917242096
                        ],
                        [
                            -73.63837273767,
                            45.45917625882
                        ],
                        [
                            -73.63838175081,
                            45.45917988962
                        ],
                        [
                            -73.63836231013,
                            45.45920363272
                        ],
                        [
                            -73.63834376987,
                            45.45919616407
                        ],
                        [
                            -73.63836321055,
                            45.45917242096
                        ]
                    ]
                ]
            }
        },
        {
            "type": "Feature",
            "properties": {
                "highway": "footway",
                "level": "1"
            },
            "geometry": {
                "type": "LineString",
                "coordinates": [
                    [
                        -73.63879297257,
                        45.45906353753
                    ],
                    [
                        -73.63893063892,
                        45.45888945507
                    ]
                ]
            }
        },
        {
            "type": "Feature",
            "properties": {
                "ref": "VL-203.2",
                "indoor": "room",
                "level": "2"
            },
            "geometry": {
                "type": "Polygon",
                "coordinates": [
                    [
                        [
                            -73.63841798898,
                            45.45902563502
                        ],
                        [
                            -73.63842669015,
                            45.45902915527
                        ],
                        [
                            -73.63843467413,
                            45.45903238536
                        ],
                        [
                            -73.63842281909,
                            45.45904680201
                        ],
                        [
                            -73.63842181972,
                            45.45904801733
                        ],
                        [
                            -73.63840513452,
                            45.45904126698
                        ],
                        [
                            -73.63841798898,
                            45.45902563502
                        ]
                    ]
                ]
            }
        },
        {
            "type": "Feature",
            "properties": {
                "highway": "footway",
                "level": "2"
            },
            "geometry": {
                "type": "LineString",
                "coordinates": [
                    [
                        -73.63849126329,
                        45.45875495759
                    ],
                    [
                        -73.63847570218,
                        45.45874861023
                    ],
                    [
                        -73.63847112947,
                        45.45874674502
                    ],
                    [
                        -73.63846057132,
                        45.45874243836
                    ],
                    [
                        -73.63844165836,
                        45.45873472377
                    ]
                ]
            }
        },
        {
            "type": "Feature",
            "properties": {
                "indoor": "yes",
                "level": "1"
            },
            "geometry": {
                "type": "LineString",
                "coordinates": [
                    [
                        -73.63832503275,
                        45.45904424307
                    ],
                    [
                        -73.63832220404,
                        45.45905487801
                    ],
                    [
                        -73.63832179978,
                        45.45906461301
                    ],
                    [
                        -73.63832362108,
                        45.45907333906
                    ],
                    [
                        -73.63832746905,
                        45.45908094720
                    ]
                ]
            }
        },
        {
            "type": "Feature",
            "properties": {
                "door": "hinged"
            },
            "geometry": {
                "type": "Point",
                "coordinates": [
                    -73.63855690062,
                    45.45877883770
                ]
            }
        },
        {
            "type": "Feature",
            "properties": {
                "ref": "VL-122.1",
                "indoor": "room",
                "level": "1"
            },
            "geometry": {
                "type": "Polygon",
                "coordinates": [
                    [
                        [
                            -73.63821764130,
                            45.45896741490
                        ],
                        [
                            -73.63824203338,
                            45.45897724091
                        ],
                        [
                            -73.63822932954,
                            45.45899275631
                        ],
                        [
                            -73.63821735147,
                            45.45898793111
                        ],
                        [
                            -73.63820493745,
                            45.45898293029
                        ],
                        [
                            -73.63821764130,
                            45.45896741490
                        ]
                    ]
                ]
            }
        },
        {
            "type": "Feature",
            "properties": {
                "highway": "footway",
                "level": "1"
            },
            "geometry": {
                "type": "LineString",
                "coordinates": [
                    [
                        -73.63815050365,
                        45.45899629175
                    ],
                    [
                        -73.63814382997,
                        45.45900450695
                    ],
                    [
                        -73.63813602464,
                        45.45901411519
                    ],
                    [
                        -73.63812909450,
                        45.45901134541
                    ]
                ]
            }
        },
        {
            "type": "Feature",
            "properties": {
                "level": "2",
                "ref": "VE-212"
            },
            "geometry": {
                "type": "Point",
                "coordinates": [
                    -73.63879185125,
                    45.45892054430
                ]
            }
        },
        {
            "type": "Feature",
            "properties": {
                "door": "hinged"
            },
            "geometry": {
                "type": "Point",
                "coordinates": [
                    -73.63852052908,
                    45.45895959076
                ]
            }
        },
        {
            "type": "Feature",
            "properties": {
                "highway": "footway",
                "level": "2"
            },
            "geometry": {
                "type": "LineString",
                "coordinates": [
                    [
                        -73.63803355500,
                        45.45907614677
                    ],
                    [
                        -73.63803133553,
                        45.45907523722
                    ],
                    [
                        -73.63802892504,
                        45.45907424938
                    ],
                    [
                        -73.63801642415,
                        45.45906912644
                    ]
                ]
            }
        },
        {
            "type": "Feature",
            "properties": {
                "ref": "VL-121.3",
                "indoor": "room",
                "level": "1"
            },
            "geometry": {
                "type": "Polygon",
                "coordinates": [
                    [
                        [
                            -73.63853908892,
                            45.45893692335
                        ],
                        [
                            -73.63856908081,
                            45.45894900517
                        ],
                        [
                            -73.63854389691,
                            45.45897976265
                        ],
                        [
                            -73.63851390494,
                            45.45896768080
                        ],
                        [
                            -73.63852052908,
                            45.45895959076
                        ],
                        [
                            -73.63853908892,
                            45.45893692335
                        ]
                    ]
                ]
            }
        },
        {
            "type": "Feature",
            "properties": {
                "ref": "VL-127.3",
                "level": "1"
            },
            "geometry": {
                "type": "Point",
                "coordinates": [
                    -73.63840491230,
                    45.45889406447
                ]
            }
        },
        {
            "type": "Feature",
            "properties": {
                "highway": "footway",
                "level": "3"
            },
            "geometry": {
                "type": "LineString",
                "coordinates": [
                    [
                        -73.63838392203,
                        45.45908105654
                    ],
                    [
                        -73.63829487496,
                        45.45904638729
                    ],
                    [
                        -73.63824624016,
                        45.45902745200
                    ],
                    [
                        -73.63821341720,
                        45.45901467282
                    ],
                    [
                        -73.63819147290,
                        45.45900593089
                    ],
                    [
                        -73.63818415025,
                        45.45901473589
                    ],
                    [
                        -73.63810551890,
                        45.45898367380
                    ],
                    [
                        -73.63800868074,
                        45.45910355174
                    ],
                    [
                        -73.63800488475,
                        45.45910774225
                    ]
                ]
            }
        },
        {
            "type": "Feature",
            "properties": {
                "indoor": "room",
                "level": "2",
                "ref": "VE-216.2"
            },
            "geometry": {
                "type": "Polygon",
                "coordinates": [
                    [
                        [
                            -73.63885675255,
                            45.45878834880
                        ],
                        [
                            -73.63890679169,
                            45.45880837545
                        ],
                        [
                            -73.63888628368,
                            45.45883358610
                        ],
                        [
                            -73.63883624453,
                            45.45881355946
                        ],
                        [
                            -73.63884623844,
                            45.45880127387
                        ],
                        [
                            -73.63885675255,
                            45.45878834880
                        ]
                    ]
                ]
            }
        },
        {
            "type": "Feature",
            "properties": {
                "highway": "footway",
                "level": "2"
            },
            "geometry": {
                "type": "LineString",
                "coordinates": [
                    [
                        -73.63859373466,
                        45.45876800286
                    ],
                    [
                        -73.63860003953,
                        45.45876039814
                    ],
                    [
                        -73.63860722513,
                        45.45875173111
                    ],
                    [
                        -73.63861296290,
                        45.45874481042
                    ],
                    [
                        -73.63862034404,
                        45.45873590755
                    ]
                ]
            }
        },
        {
            "type": "Feature",
            "properties": {
                "level": "3",
                "indoor": "room",
                "ref": "VL-301.20"
            },
            "geometry": {
                "type": "Polygon",
                "coordinates": [
                    [
                        [
                            -73.63837250024,
                            45.45900673958
                        ],
                        [
                            -73.63834705060,
                            45.45899663023
                        ],
                        [
                            -73.63834189940,
                            45.45900301428
                        ],
                        [
                            -73.63833451957,
                            45.45901216034
                        ],
                        [
                            -73.63835942480,
                            45.45902213223
                        ],
                        [
                            -73.63837250024,
                            45.45900673958
                        ]
                    ]
                ]
            }
        },
        {
            "type": "Feature",
            "properties": {
                "indoor": "room",
                "ref": "VL-121",
                "level": "1"
            },
            "geometry": {
                "type": "Polygon",
                "coordinates": [
                    [
                        [
                            -73.63846952061,
                            45.45890889869
                        ],
                        [
                            -73.63853908892,
                            45.45893692335
                        ],
                        [
                            -73.63852052908,
                            45.45895959076
                        ],
                        [
                            -73.63851390494,
                            45.45896768080
                        ],
                        [
                            -73.63846974916,
                            45.45894989325
                        ],
                        [
                            -73.63844433670,
                            45.45893965619
                        ],
                        [
                            -73.63846952061,
                            45.45890889869
                        ]
                    ]
                ]
            }
        },
        {
            "type": "Feature",
            "properties": {
                "highway": "footway",
                "level": "3"
            },
            "geometry": {
                "type": "LineString",
                "coordinates": [
                    [
                        -73.63824624016,
                        45.45902745200
                    ],
                    [
                        -73.63826331157,
                        45.45900465590
                    ],
                    [
                        -73.63826502647,
                        45.45900248886
                    ],
                    [
                        -73.63827115980,
                        45.45899473841
                    ]
                ]
            }
        },
        {
            "type": "Feature",
            "properties": {
                "level": "2",
                "ref": "VE-211"
            },
            "geometry": {
                "type": "Point",
                "coordinates": [
                    -73.63881479384,
                    45.45888731169
                ]
            }
        },
        {
            "type": "Feature",
            "properties": {
                "ref": "VL-bath-M-3",
                "level": "3",
                "amenity": "toilets",
                "indoor": "room"
            },
            "geometry": {
                "type": "Polygon",
                "coordinates": [
                    [
                        [
                            -73.63850952594,
                            45.45898157300
                        ],
                        [
                            -73.63849945299,
                            45.45899371501
                        ],
                        [
                            -73.63849011211,
                            45.45900497458
                        ],
                        [
                            -73.63851385897,
                            45.45901448266
                        ],
                        [
                            -73.63853303502,
                            45.45899091979
                        ],
                        [
                            -73.63850952594,
                            45.45898157300
                        ]
                    ]
                ]
            }
        },
        {
            "type": "Feature",
            "properties": {
                "highway": "footway",
                "level": "2"
            },
            "geometry": {
                "type": "LineString",
                "coordinates": [
                    [
                        -73.63835923827,
                        45.45916605263
                    ],
                    [
                        -73.63836849820,
                        45.45916984740
                    ],
                    [
                        -73.63837145961,
                        45.45917106100
                    ],
                    [
                        -73.63839627797,
                        45.45918123169
                    ],
                    [
                        -73.63838545770,
                        45.45919422183
                    ]
                ]
            }
        },
        {
            "type": "Feature",
            "properties": {
                "indoor": "room",
                "level": "2",
                "ref": "VE-231"
            },
            "geometry": {
                "type": "Polygon",
                "coordinates": [
                    [
                        [
                            -73.63857277264,
                            45.45867469434
                        ],
                        [
                            -73.63861457835,
                            45.45869142584
                        ],
                        [
                            -73.63858696252,
                            45.45872537422
                        ],
                        [
                            -73.63857188426,
                            45.45871933959
                        ],
                        [
                            -73.63856740068,
                            45.45871754517
                        ],
                        [
                            -73.63854515741,
                            45.45870864296
                        ],
                        [
                            -73.63855358941,
                            45.45869827646
                        ],
                        [
                            -73.63857277264,
                            45.45867469434
                        ]
                    ]
                ]
            }
        },
        {
            "type": "Feature",
            "properties": {
                "ref": "VL-102",
                "level": "1"
            },
            "geometry": {
                "type": "Point",
                "coordinates": [
                    -73.63808054001,
                    45.45900481792
                ]
            }
        },
        {
            "type": "Feature",
            "properties": {
                "door": "hinged"
            },
            "geometry": {
                "type": "Point",
                "coordinates": [
                    -73.63832017218,
                    45.45899455507
                ]
            }
        },
        {
            "type": "Feature",
            "properties": {
                "ref": "VL-elevator-1",
                "level": "1;2;3",
                "highway": "elevator"
            },
            "geometry": {
                "type": "Point",
                "coordinates": [
                    -73.63818217305,
                    45.45900250993
                ]
            }
        },
        {
            "type": "Feature",
            "properties": {
                "door": "hinged"
            },
            "geometry": {
                "type": "Point",
                "coordinates": [
                    -73.63832972994,
                    45.45917094975
                ]
            }
        },
        {
            "type": "Feature",
            "properties": {
                "door": "hinged"
            },
            "geometry": {
                "type": "Point",
                "coordinates": [
                    -73.63856740068,
                    45.45871754517
                ]
            }
        },
        {
            "type": "Feature",
            "properties": {
                "highway": "footway",
                "level": "1"
            },
            "geometry": {
                "type": "LineString",
                "coordinates": [
                    [
                        -73.63839438211,
                        45.45890702700
                    ],
                    [
                        -73.63841055245,
                        45.45891348983
                    ],
                    [
                        -73.63841366263,
                        45.45890966123
                    ],
                    [
                        -73.63842114039,
                        45.45890055039
                    ],
                    [
                        -73.63842939881,
                        45.45890385104
                    ]
                ]
            }
        },
        {
            "type": "Feature",
            "properties": {
                "level": "3",
                "ref": "VL-305"
            },
            "geometry": {
                "type": "Point",
                "coordinates": [
                    -73.63852311016,
                    45.45905759027
                ]
            }
        },
        {
            "type": "Feature",
            "properties": {
                "indoor": "room",
                "level": "2",
                "ref": "VE-207"
            },
            "geometry": {
                "type": "Polygon",
                "coordinates": [
                    [
                        [
                            -73.63856134958,
                            45.45878061826
                        ],
                        [
                            -73.63857020839,
                            45.45878416373
                        ],
                        [
                            -73.63857687642,
                            45.45878683241
                        ],
                        [
                            -73.63857008515,
                            45.45879518095
                        ],
                        [
                            -73.63855455843,
                            45.45878896630
                        ],
                        [
                            -73.63856134958,
                            45.45878061826
                        ]
                    ]
                ]
            }
        },
        {
            "type": "Feature",
            "properties": {
                "highway": "footway",
                "level": "2"
            },
            "geometry": {
                "type": "LineString",
                "coordinates": [
                    [
                        -73.63876257102,
                        45.45883686151
                    ],
                    [
                        -73.63876967708,
                        45.45882829042
                    ],
                    [
                        -73.63877918720,
                        45.45881681966
                    ]
                ]
            }
        },
        {
            "type": "Feature",
            "properties": {
                "indoor": "room",
                "ref": "VL-127.4",
                "level": "1"
            },
            "geometry": {
                "type": "Polygon",
                "coordinates": [
                    [
                        [
                            -73.63837754104,
                            45.45887184594
                        ],
                        [
                            -73.63840041922,
                            45.45888106211
                        ],
                        [
                            -73.63838609533,
                            45.45889855611
                        ],
                        [
                            -73.63837677346,
                            45.45889480092
                        ],
                        [
                            -73.63836321716,
                            45.45888933994
                        ],
                        [
                            -73.63837754104,
                            45.45887184594
                        ]
                    ]
                ]
            }
        },
        {
            "type": "Feature",
            "properties": {
                "ref": "VL-197.1",
                "level": "1"
            },
            "geometry": {
                "type": "Point",
                "coordinates": [
                    -73.63842316818,
                    45.45915034187
                ]
            }
        },
        {
            "type": "Feature",
            "properties": {
                "highway": "footway",
                "level": "2"
            },
            "geometry": {
                "type": "LineString",
                "coordinates": [
                    [
                        -73.63801326699,
                        45.45910050332
                    ],
                    [
                        -73.63801040979,
                        45.45910396590
                    ],
                    [
                        -73.63800672954,
                        45.45910842488
                    ],
                    [
                        -73.63800488475,
                        45.45910774225
                    ]
                ]
            }
        },
        {
            "type": "Feature",
            "properties": {
                "highway": "footway",
                "level": "1"
            },
            "geometry": {
                "type": "LineString",
                "coordinates": [
                    [
                        -73.63810392049,
                        45.45913650645
                    ],
                    [
                        -73.63809998584,
                        45.45914134993
                    ],
                    [
                        -73.63810707994,
                        45.45914420614
                    ],
                    [
                        -73.63812168613,
                        45.45915004599
                    ],
                    [
                        -73.63811984334,
                        45.45915231442
                    ]
                ]
            }
        },
        {
            "type": "Feature",
            "properties": {
                "level": "2",
                "ref": "VE-224"
            },
            "geometry": {
                "type": "Point",
                "coordinates": [
                    -73.63866361937,
                    45.45876640099
                ]
            }
        },
        {
            "type": "Feature",
            "properties": {
                "indoor": "room",
                "level": "2"
            },
            "geometry": {
                "type": "Polygon",
                "coordinates": [
                    [
                        [
                            -73.63865266138,
                            45.45875539778
                        ],
                        [
                            -73.63865867210,
                            45.45875780338
                        ],
                        [
                            -73.63866786232,
                            45.45876148150
                        ],
                        [
                            -73.63867812192,
                            45.45876558759
                        ],
                        [
                            -73.63868306365,
                            45.45876756537
                        ],
                        [
                            -73.63866707087,
                            45.45878722541
                        ],
                        [
                            -73.63865151575,
                            45.45878099994
                        ],
                        [
                            -73.63863666860,
                            45.45877505782
                        ],
                        [
                            -73.63865266138,
                            45.45875539778
                        ]
                    ]
                ]
            }
        },
        {
            "type": "Feature",
            "properties": {
                "stairs": "yes",
                "ref": "VL-stair-1-4",
                "indoor": "room",
                "level": "1"
            },
            "geometry": {
                "type": "Polygon",
                "coordinates": [
                    [
                        [
                            -73.63843124075,
                            45.45911936248
                        ],
                        [
                            -73.63845847779,
                            45.45913033452
                        ],
                        [
                            -73.63844330910,
                            45.45914886023
                        ],
                        [
                            -73.63841607190,
                            45.45913788837
                        ],
                        [
                            -73.63842466198,
                            45.45912739721
                        ],
                        [
                            -73.63843124075,
                            45.45911936248
                        ]
                    ]
                ]
            }
        },
        {
            "type": "Feature",
            "properties": {
                "indoor": "room",
                "ref": "VL-201.1",
                "level": "2"
            },
            "geometry": {
                "type": "Polygon",
                "coordinates": [
                    [
                        [
                            -73.63839201109,
                            45.45905722603
                        ],
                        [
                            -73.63841476360,
                            45.45906643104
                        ],
                        [
                            -73.63840177478,
                            45.45908222638
                        ],
                        [
                            -73.63837902228,
                            45.45907302137
                        ],
                        [
                            -73.63838513680,
                            45.45906558567
                        ],
                        [
                            -73.63839201109,
                            45.45905722603
                        ]
                    ]
                ]
            }
        },
        {
            "type": "Feature",
            "properties": {
                "indoor": "room",
                "level": "2",
                "ref": "VE-201"
            },
            "geometry": {
                "type": "Polygon",
                "coordinates": [
                    [
                        [
                            -73.63842847640,
                            45.45871308388
                        ],
                        [
                            -73.63847070274,
                            45.45872998372
                        ],
                        [
                            -73.63846057132,
                            45.45874243836
                        ],
                        [
                            -73.63844257264,
                            45.45876456428
                        ],
                        [
                            -73.63840034630,
                            45.45874766446
                        ],
                        [
                            -73.63841796285,
                            45.45872600829
                        ],
                        [
                            -73.63842847640,
                            45.45871308388
                        ]
                    ]
                ]
            }
        },
        {
            "type": "Feature",
            "properties": {
                "level": "2",
                "ref": "VE-228"
            },
            "geometry": {
                "type": "Point",
                "coordinates": [
                    -73.63861518938,
                    45.45870853186
                ]
            }
        },
        {
            "type": "Feature",
            "properties": {
                "highway": "footway",
                "level": "2"
            },
            "geometry": {
                "type": "LineString",
                "coordinates": [
                    [
                        -73.63887959207,
                        45.45888458762
                    ],
                    [
                        -73.63888725344,
                        45.45887534675
                    ],
                    [
                        -73.63889620416,
                        45.45886455072
                    ],
                    [
                        -73.63890592054,
                        45.45885283119
                    ],
                    [
                        -73.63891753297,
                        45.45883882472
                    ]
                ]
            }
        },
        {
            "type": "Feature",
            "properties": {
                "highway": "footway",
                "level": "1"
            },
            "geometry": {
                "type": "LineString",
                "coordinates": [
                    [
                        -73.63841074933,
                        45.45910159219
                    ],
                    [
                        -73.63835518653,
                        45.45907958373
                    ]
                ]
            }
        },
        {
            "type": "Feature",
            "properties": {
                "door": "hinged"
            },
            "geometry": {
                "type": "Point",
                "coordinates": [
                    -73.63842797949,
                    45.45906861449
                ]
            }
        }
    ]
}